W 16508480
R 18605696
W 16508544
R 18605760
W 16508608
R 18605824
W 16508672
R 18605888
W 16508736
R 18605952
W 16508800
R 18606016
W 16508864
R 18606080
W 16508928
R 18606144
W 16508992
R 18606208
W 16509056
R 18606272
W 16509120
R 18606336
W 16509184
R 18606400
W 16509248
R 18606464
W 16509312
R 18606528
W 16509376
R 18606592
W 16509440
R 18606656
W 16509504
R 18606720
W 16509568
R 18606784
W 16509632
R 18606848
W 16509696
R 18606912
W 16509760
R 18606976
W 16509824
R 18607040
W 16509888
R 18607104
W 16509952
R 18607168
W 16510016
R 18607232
W 16510080
R 18607296
W 16510144
R 18607360
W 16510208
R 18607424
W 16510272
R 18607488
W 16510336
R 18607552
W 16510400
R 18607616
W 16510464
R 18607680
W 16510528
R 18607744
W 16510592
R 18607808
W 16510656
R 18607872
W 16510720
R 18607936
W 16510784
R 18608000
W 16510848
R 18608064
W 16510912
R 18608128
W 16510976
R 18608192
W 16511040
R 18608256
W 16511104
R 18608320
W 16511168
R 18608384
W 16511232
R 18608448
W 16511296
R 18608512
W 16511360
R 18608576
W 16511424
R 18608640
W 16511488
R 18608704
W 16511552
R 18608768
W 16511616
R 18608832
W 16511680
R 18608896
W 16511744
R 18608960
W 16511808
R 18609024
W 16511872
R 18609088
W 16511936
R 18609152
W 16512000
R 18609216
W 16512064
R 18609280
W 16512128
R 18609344
W 16512192
R 18609408
W 16512256
R 18609472
W 16512320
R 18609536
W 16512384
R 18609600
W 16512448
R 18609664
W 16512512
R 18609728
W 16512576
R 18609792
W 16512640
R 18609856
W 16512704
R 18609920
W 16512768
R 18609984
W 16512832
R 18610048
W 16512896
R 18610112
W 16512960
R 18610176
W 16513024
R 18610240
W 16513088
R 18610304
W 16513152
R 18610368
W 16513216
R 18610432
W 16513280
R 18610496
W 16513344
R 18610560
W 16513408
R 18610624
W 16513472
R 18610688
W 16513536
R 18610752
W 16513600
R 18610816
W 16513664
R 18610880
W 16513728
R 18610944
W 16513792
R 18611008
W 16513856
R 18611072
W 16513920
R 18611136
W 16513984
R 18611200
W 16514048
R 18611264
W 16514112
R 18611328
W 16514176
R 18611392
W 16514240
R 18611456
W 16514304
R 18611520
W 16514368
R 18611584
W 16514432
R 18611648
W 16514496
R 18611712
W 16514560
R 18611776
W 16514624
R 18611840
W 16514688
R 18611904
W 16514752
R 18611968
W 16514816
R 18612032
W 16514880
R 18612096
W 16514944
R 18612160
W 16515008
R 18612224
W 16515072
R 18612288
W 16515136
R 18612352
W 16515200
R 18612416
W 16515264
R 18612480
W 16515328
R 18612544
W 16515392
R 18612608
W 16515456
R 18612672
W 16515520
R 18612736
W 16515584
R 18612800
W 16515648
R 18612864
W 16515712
R 18612928
W 16515776
R 18612992
W 16515840
R 18613056
W 16515904
R 18613120
W 16515968
R 18613184
W 16516032
R 18613248
W 16516096
R 18613312
W 16516160
R 18613376
W 16516224
R 18613440
W 16516288
R 18613504
W 16516352
R 18613568
W 16516416
R 18613632
W 16516480
R 18613696
W 16516544
R 18613760
W 16516608
R 18613824
W 16516672
R 18613888
W 16516736
R 18613952
W 16516800
R 18614016
W 16516864
R 18614080
W 16516928
R 18614144
W 16516992
R 18614208
W 16517056
R 18614272
W 16517120
R 18614336
W 16517184
R 18614400
W 16517248
R 18614464
W 16517312
R 18614528
W 16517376
R 18614592
W 16517440
R 18614656
W 16517504
R 18614720
W 16517568
R 18614784
W 16517632
R 18614848
W 16517696
R 18614912
W 16517760
R 18614976
W 16517824
R 18615040
W 16517888
R 18615104
W 16517952
R 18615168
W 16518016
R 18615232
W 16518080
R 18615296
W 16518144
R 18615360
W 16518208
R 18615424
W 16518272
R 18615488
W 16518336
R 18615552
W 16518400
R 18615616
W 16518464
R 18615680
W 16518528
R 18615744
W 16518592
R 18615808
W 16518656
R 18615872
W 16518720
R 18615936
W 16518784
R 18616000
W 16518848
R 18616064
W 16518912
R 18616128
W 16518976
R 18616192
W 16519040
R 18616256
W 16519104
R 18616320
W 16519168
R 18616384
W 16519232
R 18616448
W 16519296
R 18616512
W 16519360
R 18616576
W 16519424
R 18616640
W 16519488
R 18616704
W 16519552
R 18616768
W 16519616
R 18616832
W 16519680
R 18616896
W 16519744
R 18616960
W 16519808
R 18617024
W 16519872
R 18617088
W 16519936
R 18617152
W 16520000
R 18617216
W 16520064
R 18617280
W 16520128
R 18617344
W 16520192
R 18617408
W 16520256
R 18617472
W 16520320
R 18617536
W 16520384
R 18617600
W 16520448
R 18617664
W 16520512
R 18617728
W 16520576
R 18617792
W 16520640
R 18617856
W 16520704
R 18617920
W 16520768
R 18617984
W 16520832
R 18618048
W 16520896
R 18618112
W 16520960
R 18618176
W 16521024
R 18618240
W 16521088
R 18618304
W 16521152
R 18618368
W 16521216
R 18618432
W 16521280
R 18618496
W 16521344
R 18618560
W 16521408
R 18618624
W 16521472
R 18618688
W 16521536
R 18618752
W 16521600
R 18618816
W 16521664
R 18618880
W 16521728
R 18618944
W 16521792
R 18619008
W 16521856
R 18619072
W 16521920
R 18619136
W 16521984
R 18619200
W 16522048
R 18619264
W 16522112
R 18619328
W 16522176
R 18619392
W 16522240
R 18619456
W 16522304
R 18619520
W 16522368
R 18619584
W 16522432
R 18619648
W 16522496
R 18619712
W 16522560
R 18619776
W 16522624
R 18619840
W 16522688
R 18619904
W 16522752
R 18619968
W 16522816
R 18620032
W 16522880
R 18620096
W 16522944
R 18620160
W 16523008
R 18620224
W 16523072
R 18620288
W 16523136
R 18620352
W 16523200
R 18620416
W 16523264
R 18620480
W 16523328
R 18620544
W 16523392
R 18620608
W 16523456
R 18620672
W 16523520
R 18620736
W 16523584
R 18620800
W 16523648
R 18620864
W 16523712
R 18620928
W 16523776
R 18620992
W 16523840
R 18621056
W 16523904
R 18621120
W 16523968
R 18621184
W 16524032
R 18621248
W 16524096
R 18621312
W 16524160
R 18621376
W 16524224
R 18621440
W 16524288
R 18621504
W 16524352
R 18621568
W 16524416
R 18621632
W 16524480
R 18621696
W 16524544
R 18621760
W 16524608
R 18621824
W 16524672
R 18621888
W 16524736
R 18621952
W 16524800
R 18622016
W 16524864
R 18622080
W 16524928
R 18622144
W 16524992
R 18622208
W 16525056
R 18622272
W 16525120
R 18622336
W 16525184
R 18622400
W 16525248
R 18622464
W 16525312
R 18622528
W 16525376
R 18622592
W 16525440
R 18622656
W 16525504
R 18622720
W 16525568
R 18622784
W 16525632
R 18622848
W 16525696
R 18622912
W 16525760
R 18622976
W 16525824
R 18623040
W 16525888
R 18623104
W 16525952
R 18623168
W 16526016
R 18623232
W 16526080
R 18623296
W 16526144
R 18623360
W 16526208
R 18623424
W 16526272
R 18623488
W 16526336
R 18623552
W 16526400
R 18623616
W 16526464
R 18623680
W 16526528
R 18623744
W 16526592
R 18623808
W 16526656
R 18623872
W 16526720
R 18623936
W 16526784
R 18624000
W 16526848
R 18624064
W 16526912
R 18624128
W 16526976
R 18624192
W 16527040
R 18624256
W 16527104
R 18624320
W 16527168
R 18624384
W 16527232
R 18624448
W 16527296
R 18624512
W 16527360
R 18624576
W 16527424
R 18624640
W 16527488
R 18624704
W 16527552
R 18624768
W 16527616
R 18624832
W 16527680
R 18624896
W 16527744
R 18624960
W 16527808
R 18625024
W 16527872
R 18625088
W 16527936
R 18625152
W 16528000
R 18625216
W 16528064
R 18625280
W 16528128
R 18625344
W 16528192
R 18625408
W 16528256
R 18625472
W 16528320
R 18625536
W 16528384
R 18625600
W 16528448
R 18625664
W 16528512
R 18625728
W 16528576
R 18625792
W 16528640
R 18625856
W 16528704
R 18625920
W 16528768
R 18625984
W 16528832
R 18626048
W 16528896
R 18626112
W 16528960
R 18626176
W 16529024
R 18626240
W 16529088
R 18626304
W 16529152
R 18626368
W 16529216
R 18626432
W 16529280
R 18626496
W 16529344
R 18626560
W 16529408
R 18626624
W 16529472
R 18626688
W 16529536
R 18626752
W 16529600
R 18626816
W 16529664
R 18626880
W 16529728
R 18626944
W 16529792
R 18627008
W 16529856
R 18627072
W 16529920
R 18627136
W 16529984
R 18627200
W 16530048
R 18627264
W 16530112
R 18627328
W 16530176
R 18627392
W 16530240
R 18627456
W 16530304
R 18627520
W 16530368
R 18627584
W 16530432
R 18627648
W 16530496
R 18627712
W 16530560
R 18627776
W 16530624
R 18627840
W 16530688
R 18627904
W 16530752
R 18627968
W 16530816
R 18628032
W 16530880
R 18628096
W 16530944
R 18628160
W 16531008
R 18628224
W 16531072
R 18628288
W 16531136
R 18628352
W 16531200
R 18628416
W 16531264
R 18628480
W 16531328
R 18628544
W 16531392
R 18628608
W 16531456
R 18628672
W 16531520
R 18628736
W 16531584
R 18628800
W 16531648
R 18628864
W 16531712
R 18628928
W 16531776
R 18628992
W 16531840
R 18629056
W 16531904
R 18629120
W 16531968
R 18629184
W 16532032
R 18629248
W 16532096
R 18629312
W 16532160
R 18629376
W 16532224
R 18629440
W 16532288
R 18629504
W 16532352
R 18629568
W 16532416
R 18629632
W 16532480
R 18629696
W 16532544
R 18629760
W 16532608
R 18629824
W 16532672
R 18629888
W 16532736
R 18629952
W 16532800
R 18630016
W 16532864
R 18630080
W 16532928
R 18630144
W 16532992
R 18630208
W 16533056
R 18630272
W 16533120
R 18630336
W 16533184
R 18630400
W 16533248
R 18630464
W 16533312
R 18630528
W 16533376
R 18630592
W 16533440
R 18630656
W 16533504
R 18630720
W 16533568
R 18630784
W 16533632
R 18630848
W 16533696
R 18630912
W 16533760
R 18630976
W 16533824
R 18631040
W 16533888
R 18631104
W 16533952
R 18631168
W 16534016
R 18631232
W 16534080
R 18631296
W 16534144
R 18631360
W 16534208
R 18631424
W 16534272
R 18631488
W 16534336
R 18631552
W 16534400
R 18631616
W 16534464
R 18631680
W 16534528
R 18631744
W 16534592
R 18631808
W 16534656
R 18631872
W 16534720
R 18631936
W 16534784
R 18632000
W 16534848
R 18632064
W 16534912
R 18632128
W 16534976
R 18632192
W 16535040
R 18632256
W 16535104
R 18632320
W 16535168
R 18632384
W 16535232
R 18632448
W 16535296
R 18632512
W 16535360
R 18632576
W 16535424
R 18632640
W 16535488
R 18632704
W 16535552
R 18632768
W 16535616
R 18632832
W 16535680
R 18632896
W 16535744
R 18632960
W 16535808
R 18633024
W 16535872
R 18633088
W 16535936
R 18633152
W 16536000
R 18633216
W 16536064
R 18633280
W 16536128
R 18633344
W 16536192
R 18633408
W 16536256
R 18633472
W 16536320
R 18633536
W 16536384
R 18633600
W 16536448
R 18633664
W 16536512
R 18633728
W 16536576
R 18633792
W 16536640
R 18633856
W 16536704
R 18633920
W 16536768
R 18633984
W 16536832
R 18634048
W 16536896
R 18634112
W 16536960
R 18634176
W 16537024
R 18634240
W 16537088
R 18634304
W 16537152
R 18634368
W 16537216
R 18634432
W 16537280
R 18634496
W 16537344
R 18634560
W 16537408
R 18634624
W 16537472
R 18634688
W 16537536
R 18634752
W 16537600
R 18634816
W 16537664
R 18634880
W 16537728
R 18634944
W 16537792
R 18635008
W 16537856
R 18635072
W 16537920
R 18635136
W 16537984
R 18635200
W 16538048
R 18635264
W 16538112
R 18635328
W 16538176
R 18635392
W 16538240
R 18635456
W 16538304
R 18635520
W 16538368
R 18635584
W 16538432
R 18635648
W 16538496
R 18635712
W 16538560
R 18635776
W 16538624
R 18635840
W 16538688
R 18635904
W 16538752
R 18635968
W 16538816
R 18636032
W 16538880
R 18636096
W 16538944
R 18636160
W 16539008
R 18636224
W 16539072
R 18636288
W 16539136
R 18636352
W 16539200
R 18636416
W 16539264
R 18636480
W 16539328
R 18636544
W 16539392
R 18636608
W 16539456
R 18636672
W 16539520
R 18636736
W 16539584
R 18636800
W 16539648
R 18636864
W 16539712
R 18636928
W 16539776
R 18636992
W 16539840
R 18637056
W 16539904
R 18637120
W 16539968
R 18637184
W 16540032
R 18637248
W 16540096
R 18637312
W 16540160
R 18637376
W 16540224
R 18637440
W 16540288
R 18637504
W 16540352
R 18637568
W 16540416
R 18637632
W 16540480
R 18637696
W 16540544
R 18637760
W 16540608
R 18637824
W 16540672
R 18637888
W 16540736
R 18637952
W 16540800
R 18638016
W 16540864
R 18638080
W 16540928
R 18638144
W 16540992
R 18638208
W 16541056
R 18638272
W 16541120
R 18638336
W 16541184
R 18638400
W 16541248
R 18638464
W 16541312
R 18638528
W 16541376
R 18638592
W 16541440
R 18638656
W 16541504
R 18638720
W 16541568
R 18638784
W 16541632
R 18638848
W 16541696
R 18638912
W 16541760
R 18638976
W 16541824
R 18639040
W 16541888
R 18639104
W 16541952
R 18639168
W 16542016
R 18639232
W 16542080
R 18639296
W 16542144
R 18639360
W 16542208
R 18639424
W 16542272
R 18639488
W 16542336
R 18639552
W 16542400
R 18639616
W 16542464
R 18639680
W 16542528
R 18639744
W 16542592
R 18639808
W 16542656
R 18639872
W 16542720
R 18639936
W 16542784
R 18640000
W 16542848
R 18640064
W 16542912
R 18640128
W 16542976
R 18640192
W 16543040
R 18640256
W 16543104
R 18640320
W 16543168
R 18640384
W 16543232
R 18640448
W 16543296
R 18640512
W 16543360
R 18640576
W 16543424
R 18640640
W 16543488
R 18640704
W 16543552
R 18640768
W 16543616
R 18640832
W 16543680
R 18640896
W 16543744
R 18640960
W 16543808
R 18641024
W 16543872
R 18641088
W 16543936
R 18641152
W 16544000
R 18641216
W 16544064
R 18641280
W 16544128
R 18641344
W 16544192
R 18641408
W 16544256
R 18641472
W 16544320
R 18641536
W 16544384
R 18641600
W 16544448
R 18641664
W 16544512
R 18641728
W 16544576
R 18641792
W 16544640
R 18641856
W 16544704
R 18641920
W 16544768
R 18641984
W 16544832
R 18642048
W 16544896
R 18642112
W 16544960
R 18642176
W 16545024
R 18642240
W 16545088
R 18642304
W 16545152
R 18642368
W 16545216
R 18642432
W 16545280
R 18642496
W 16545344
R 18642560
W 16545408
R 18642624
W 16545472
R 18642688
W 16545536
R 18642752
W 16545600
R 18642816
W 16545664
R 18642880
W 16545728
R 18642944
W 16545792
R 18643008
W 16545856
R 18643072
W 16545920
R 18643136
W 16545984
R 18643200
W 16546048
R 18643264
W 16546112
R 18643328
W 16546176
R 18643392
W 16546240
R 18643456
W 16546304
R 18643520
W 16546368
R 18643584
W 16546432
R 18643648
W 16546496
R 18643712
W 16546560
R 18643776
W 16546624
R 18643840
W 16546688
R 18643904
W 16546752
R 18643968
W 16546816
R 18644032
W 16546880
R 18644096
W 16546944
R 18644160
W 16547008
R 18644224
W 16547072
R 18644288
W 16547136
R 18644352
W 16547200
R 18644416
W 16547264
R 18644480
W 16547328
R 18644544
W 16547392
R 18644608
W 16547456
R 18644672
W 16547520
R 18644736
W 16547584
R 18644800
W 16547648
R 18644864
W 16547712
R 18644928
W 16547776
R 18644992
W 16547840
R 18645056
W 16547904
R 18645120
W 16547968
R 18645184
W 16548032
R 18645248
W 16548096
R 18645312
W 16548160
R 18645376
W 16548224
R 18645440
W 16548288
R 18645504
W 16548352
R 18645568
W 16548416
R 18645632
W 16548480
R 18645696
W 16548544
R 18645760
W 16548608
R 18645824
W 16548672
R 18645888
W 16548736
R 18645952
W 16548800
R 18646016
W 16548864
R 18646080
W 16548928
R 18646144
W 16548992
R 18646208
W 16549056
R 18646272
W 16549120
R 18646336
W 16549184
R 18646400
W 16549248
R 18646464
W 16549312
R 18646528
W 16549376
R 18646592
W 16549440
R 18646656
W 16549504
R 18646720
W 16549568
R 18646784
W 16549632
R 18646848
W 16549696
R 18646912
W 16549760
R 18646976
W 16549824
R 18647040
W 16549888
R 18647104
W 16549952
R 18647168
W 16550016
R 18647232
W 16550080
R 18647296
W 16550144
R 18647360
W 16550208
R 18647424
W 16550272
R 18647488
W 16550336
R 18647552
W 16550400
R 18647616
W 16550464
R 18647680
W 16550528
R 18647744
W 16550592
R 18647808
W 16550656
R 18647872
W 16550720
R 18647936
W 16550784
R 18648000
W 16550848
R 18648064
W 16550912
R 18648128
W 16550976
R 18648192
W 16551040
R 18648256
W 16551104
R 18648320
W 16551168
R 18648384
W 16551232
R 18648448
W 16551296
R 18648512
W 16551360
R 18648576
W 16551424
R 18648640
W 16551488
R 18648704
W 16551552
R 18648768
W 16551616
R 18648832
W 16551680
R 18648896
W 16551744
R 18648960
W 16551808
R 18649024
W 16551872
R 18649088
W 16551936
R 18649152
W 16552000
R 18649216
W 16552064
R 18649280
W 16552128
R 18649344
W 16552192
R 18649408
W 16552256
R 18649472
W 16552320
R 18649536
W 16552384
R 18649600
W 16552448
R 18649664
W 16552512
R 18649728
W 16552576
R 18649792
W 16552640
R 18649856
W 16552704
R 18649920
W 16552768
R 18649984
W 16552832
R 18650048
W 16552896
R 18650112
W 16552960
R 18650176
W 16553024
R 18650240
W 16553088
R 18650304
W 16553152
R 18650368
W 16553216
R 18650432
W 16553280
R 18650496
W 16553344
R 18650560
W 16553408
R 18650624
W 16553472
R 18650688
W 16553536
R 18650752
W 16553600
R 18650816
W 16553664
R 18650880
W 16553728
R 18650944
W 16553792
R 18651008
W 16553856
R 18651072
W 16553920
R 18651136
W 16553984
R 18651200
W 16554048
R 18651264
W 16554112
R 18651328
W 16554176
R 18651392
W 16554240
R 18651456
W 16554304
R 18651520
W 16554368
R 18651584
W 16554432
R 18651648
W 16554496
R 18651712
W 16554560
R 18651776
W 16554624
R 18651840
W 16554688
R 18651904
W 16554752
R 18651968
W 16554816
R 18652032
W 16554880
R 18652096
W 16554944
R 18652160
W 16555008
R 18652224
W 16555072
R 18652288
W 16555136
R 18652352
W 16555200
R 18652416
W 16555264
R 18652480
W 16555328
R 18652544
W 16555392
R 18652608
W 16555456
R 18652672
W 16555520
R 18652736
W 16555584
R 18652800
W 16555648
R 18652864
W 16555712
R 18652928
W 16555776
R 18652992
W 16555840
R 18653056
W 16555904
R 18653120
W 16555968
R 18653184
W 16556032
R 18653248
W 16556096
R 18653312
W 16556160
R 18653376
W 16556224
R 18653440
W 16556288
R 18653504
W 16556352
R 18653568
W 16556416
R 18653632
W 16556480
R 18653696
W 16556544
R 18653760
W 16556608
R 18653824
W 16556672
R 18653888
W 16556736
R 18653952
W 16556800
R 18654016
W 16556864
R 18654080
W 16556928
R 18654144
W 16556992
R 18654208
W 16557056
R 18654272
W 16557120
R 18654336
W 16557184
R 18654400
W 16557248
R 18654464
W 16557312
R 18654528
W 16557376
R 18654592
W 16557440
R 18654656
W 16557504
R 18654720
W 16557568
R 18654784
W 16557632
R 18654848
W 16557696
R 18654912
W 16557760
R 18654976
W 16557824
R 18655040
W 16557888
R 18655104
W 16557952
R 18655168
W 16558016
R 18655232
W 16558080
R 18655296
W 16558144
R 18655360
W 16558208
R 18655424
W 16558272
R 18655488
W 16558336
R 18655552
W 16558400
R 18655616
W 16558464
R 18655680
W 16558528
R 18655744
W 16558592
R 18655808
W 16558656
R 18655872
W 16558720
R 18655936
W 16558784
R 18656000
W 16558848
R 18656064
W 16558912
R 18656128
W 16558976
R 18656192
W 16559040
R 18656256
W 16559104
R 18656320
W 16559168
R 18656384
W 16559232
R 18656448
W 16559296
R 18656512
W 16559360
R 18656576
W 16559424
R 18656640
W 16559488
R 18656704
W 16559552
R 18656768
W 16559616
R 18656832
W 16559680
R 18656896
W 16559744
R 18656960
W 16559808
R 18657024
W 16559872
R 18657088
W 16559936
R 18657152
W 16560000
R 18657216
W 16560064
R 18657280
W 16560128
R 18657344
W 16560192
R 18657408
W 16560256
R 18657472
W 16560320
R 18657536
W 16560384
R 18657600
W 16560448
R 18657664
W 16560512
R 18657728
W 16560576
R 18657792
W 16560640
R 18657856
W 16560704
R 18657920
W 16560768
R 18657984
W 16560832
R 18658048
W 16560896
R 18658112
W 16560960
R 18658176
W 16561024
R 18658240
W 16561088
R 18658304
W 16561152
R 18658368
W 16561216
R 18658432
W 16561280
R 18658496
W 16561344
R 18658560
W 16561408
R 18658624
W 16561472
R 18658688
W 16561536
R 18658752
W 16561600
R 18658816
W 16561664
R 18658880
W 16561728
R 18658944
W 16561792
R 18659008
W 16561856
R 18659072
W 16561920
R 18659136
W 16561984
R 18659200
W 16562048
R 18659264
W 16562112
R 18659328
W 16562176
R 18659392
W 16562240
R 18659456
W 16562304
R 18659520
W 16562368
R 18659584
W 16562432
R 18659648
W 16562496
R 18659712
W 16562560
R 18659776
W 16562624
R 18659840
W 16562688
R 18659904
W 16562752
R 18659968
W 16562816
R 18660032
W 16562880
R 18660096
W 16562944
R 18660160
W 16563008
R 18660224
W 16563072
R 18660288
W 16563136
R 18660352
W 16563200
R 18660416
W 16563264
R 18660480
W 16563328
R 18660544
W 16563392
R 18660608
W 16563456
R 18660672
W 16563520
R 18660736
W 16563584
R 18660800
W 16563648
R 18660864
W 16563712
R 18660928
W 16563776
R 18660992
W 16563840
R 18661056
W 16563904
R 18661120
W 16563968
R 18661184
W 16564032
R 18661248
W 16564096
R 18661312
W 16564160
R 18661376
W 16564224
R 18661440
W 16564288
R 18661504
W 16564352
R 18661568
W 16564416
R 18661632
W 16564480
R 18661696
W 16564544
R 18661760
W 16564608
R 18661824
W 16564672
R 18661888
W 16564736
R 18661952
W 16564800
R 18662016
W 16564864
R 18662080
W 16564928
R 18662144
W 16564992
R 18662208
W 16565056
R 18662272
W 16565120
R 18662336
W 16565184
R 18662400
W 16565248
R 18662464
W 16565312
R 18662528
W 16565376
R 18662592
W 16565440
R 18662656
W 16565504
R 18662720
W 16565568
R 18662784
W 16565632
R 18662848
W 16565696
R 18662912
W 16565760
R 18662976
W 16565824
R 18663040
W 16565888
R 18663104
W 16565952
R 18663168
W 16566016
R 18663232
W 16566080
R 18663296
W 16566144
R 18663360
W 16566208
R 18663424
W 16566272
R 18663488
W 16566336
R 18663552
W 16566400
R 18663616
W 16566464
R 18663680
W 16566528
R 18663744
W 16566592
R 18663808
W 16566656
R 18663872
W 16566720
R 18663936
W 16566784
R 18664000
W 16566848
R 18664064
W 16566912
R 18664128
W 16566976
R 18664192
W 16567040
R 18664256
W 16567104
R 18664320
W 16567168
R 18664384
W 16567232
R 18664448
W 16567296
R 18664512
W 16567360
R 18664576
W 16567424
R 18664640
W 16567488
R 18664704
W 16567552
R 18664768
W 16567616
R 18664832
W 16567680
R 18664896
W 16567744
R 18664960
W 16567808
R 18665024
W 16567872
R 18665088
W 16567936
R 18665152
W 16568000
R 18665216
W 16568064
R 18665280
W 16568128
R 18665344
W 16568192
R 18665408
W 16568256
R 18665472
W 16568320
R 18665536
W 16568384
R 18665600
W 16568448
R 18665664
W 16568512
R 18665728
W 16568576
R 18665792
W 16568640
R 18665856
W 16568704
R 18665920
W 16568768
R 18665984
W 16568832
R 18666048
W 16568896
R 18666112
W 16568960
R 18666176
W 16569024
R 18666240
W 16569088
R 18666304
W 16569152
R 18666368
W 16569216
R 18666432
W 16569280
R 18666496
W 16569344
R 18666560
W 16569408
R 18666624
W 16569472
R 18666688
W 16569536
R 18666752
W 16569600
R 18666816
W 16569664
R 18666880
W 16569728
R 18666944
W 16569792
R 18667008
W 16569856
R 18667072
W 16569920
R 18667136
W 16569984
R 18667200
W 16570048
R 18667264
W 16570112
R 18667328
W 16570176
R 18667392
W 16570240
R 18667456
W 16570304
R 18667520
W 16570368
R 18667584
W 16570432
R 18667648
W 16570496
R 18667712
W 16570560
R 18667776
W 16570624
R 18667840
W 16570688
R 18667904
W 16570752
R 18667968
W 16570816
R 18668032
W 16570880
R 18668096
W 16570944
R 18668160
W 16571008
R 18668224
W 16571072
R 18668288
W 16571136
R 18668352
W 16571200
R 18668416
W 16571264
R 18668480
W 16571328
R 18668544
W 16571392
R 18668608
W 16571456
R 18668672
W 16571520
R 18668736
W 16571584
R 18668800
W 16571648
R 18668864
W 16571712
R 18668928
W 16571776
R 18668992
W 16571840
R 18669056
W 16571904
R 18669120
W 16571968
R 18669184
W 16572032
R 18669248
W 16572096
R 18669312
W 16572160
R 18669376
W 16572224
R 18669440
W 16572288
R 18669504
W 16572352
R 18669568
W 16572416
R 18669632
W 16572480
R 18669696
W 16572544
R 18669760
W 16572608
R 18669824
W 16572672
R 18669888
W 16572736
R 18669952
W 16572800
R 18670016
W 16572864
R 18670080
W 16572928
R 18670144
W 16572992
R 18670208
W 16573056
R 18670272
W 16573120
R 18670336
W 16573184
R 18670400
W 16573248
R 18670464
W 16573312
R 18670528
W 16573376
R 18670592
W 16573440
R 18670656
W 16573504
R 18670720
W 16573568
R 18670784
W 16573632
R 18670848
W 16573696
R 18670912
W 16573760
R 18670976
W 16573824
R 18671040
W 16573888
R 18671104
W 16573952
R 18671168
W 16574016
R 18671232
W 16574080
R 18671296
W 16574144
R 18671360
W 16574208
R 18671424
W 16574272
R 18671488
W 16574336
R 18671552
W 16574400
R 18671616
W 16574464
R 18671680
W 16574528
R 18671744
W 16574592
R 18671808
W 16574656
R 18671872
W 16574720
R 18671936
W 16574784
R 18672000
W 16574848
R 18672064
W 16574912
R 18672128
W 16574976
R 18672192
W 16575040
R 18672256
W 16575104
R 18672320
W 16575168
R 18672384
W 16575232
R 18672448
W 16575296
R 18672512
W 16575360
R 18672576
W 16575424
R 18672640
W 16575488
R 18672704
W 16575552
R 18672768
W 16575616
R 18672832
W 16575680
R 18672896
W 16575744
R 18672960
W 16575808
R 18673024
W 16575872
R 18673088
W 16575936
R 18673152
W 16576000
R 18673216
W 16576064
R 18673280
W 16576128
R 18673344
W 16576192
R 18673408
W 16576256
R 18673472
W 16576320
R 18673536
W 16576384
R 18673600
W 16576448
R 18673664
W 16576512
R 18673728
W 16576576
R 18673792
W 16576640
R 18673856
W 16576704
R 18673920
W 16576768
R 18673984
W 16576832
R 18674048
W 16576896
R 18674112
W 16576960
R 18674176
W 16577024
R 18674240
W 16577088
R 18674304
W 16577152
R 18674368
W 16577216
R 18674432
W 16577280
R 18674496
W 16577344
R 18674560
W 16577408
R 18674624
W 16577472
R 18674688
W 16577536
R 18674752
W 16577600
R 18674816
W 16577664
R 18674880
W 16577728
R 18674944
W 16577792
R 18675008
W 16577856
R 18675072
W 16577920
R 18675136
W 16577984
R 18675200
W 16578048
R 18675264
W 16578112
R 18675328
W 16578176
R 18675392
W 16578240
R 18675456
W 16578304
R 18675520
W 16578368
R 18675584
W 16578432
R 18675648
W 16578496
R 18675712
W 16578560
R 18675776
W 16578624
R 18675840
W 16578688
R 18675904
W 16578752
R 18675968
W 16578816
R 18676032
W 16578880
R 18676096
W 16578944
R 18676160
W 16579008
R 18676224
W 16579072
R 18676288
W 16579136
R 18676352
W 16579200
R 18676416
W 16579264
R 18676480
W 16579328
R 18676544
W 16579392
R 18676608
W 16579456
R 18676672
W 16579520
R 18676736
W 16579584
R 18676800
W 16579648
R 18676864
W 16579712
R 18676928
W 16579776
R 18676992
W 16579840
R 18677056
W 16579904
R 18677120
W 16579968
R 18677184
W 16580032
R 18677248
W 16580096
R 18677312
W 16580160
R 18677376
W 16580224
R 18677440
W 16580288
R 18677504
W 16580352
R 18677568
W 16580416
R 18677632
W 16580480
R 18677696
W 16580544
R 18677760
W 16580608
R 18677824
W 16580672
R 18677888
W 16580736
R 18677952
W 16580800
R 18678016
W 16580864
R 18678080
W 16580928
R 18678144
W 16580992
R 18678208
W 16581056
R 18678272
W 16581120
R 18678336
W 16581184
R 18678400
W 16581248
R 18678464
W 16581312
R 18678528
W 16581376
R 18678592
W 16581440
R 18678656
W 16581504
R 18678720
W 16581568
R 18678784
W 16581632
R 18678848
W 16581696
R 18678912
W 16581760
R 18678976
W 16581824
R 18679040
W 16581888
R 18679104
W 16581952
R 18679168
W 16582016
R 18679232
W 16582080
R 18679296
W 16582144
R 18679360
W 16582208
R 18679424
W 16582272
R 18679488
W 16582336
R 18679552
W 16582400
R 18679616
W 16582464
R 18679680
W 16582528
R 18679744
W 16582592
R 18679808
W 16582656
R 18679872
W 16582720
R 18679936
W 16582784
R 18680000
W 16582848
R 18680064
W 16582912
R 18680128
W 16582976
R 18680192
W 16583040
R 18680256
W 16583104
R 18680320
W 16583168
R 18680384
W 16583232
R 18680448
W 16583296
R 18680512
W 16583360
R 18680576
W 16583424
R 18680640
W 16583488
R 18680704
W 16583552
R 18680768
W 16583616
R 18680832
W 16583680
R 18680896
W 16583744
R 18680960
W 16583808
R 18681024
W 16583872
R 18681088
W 16583936
R 18681152
W 16584000
R 18681216
W 16584064
R 18681280
W 16584128
R 18681344
W 16584192
R 18681408
W 16584256
R 18681472
W 16584320
R 18681536
W 16584384
R 18681600
W 16584448
R 18681664
W 16584512
R 18681728
W 16584576
R 18681792
W 16584640
R 18681856
W 16584704
R 18681920
W 16584768
R 18681984
W 16584832
R 18682048
W 16584896
R 18682112
W 16584960
R 18682176
W 16585024
R 18682240
W 16585088
R 18682304
W 16585152
R 18682368
W 16585216
R 18682432
W 16585280
R 18682496
W 16585344
R 18682560
W 16585408
R 18682624
W 16585472
R 18682688
W 16585536
R 18682752
W 16585600
R 18682816
W 16585664
R 18682880
W 16585728
R 18682944
W 16585792
R 18683008
W 16585856
R 18683072
W 16585920
R 18683136
W 16585984
R 18683200
W 16586048
R 18683264
W 16586112
R 18683328
W 16586176
R 18683392
W 16586240
R 18683456
W 16586304
R 18683520
W 16586368
R 18683584
W 16586432
R 18683648
W 16586496
R 18683712
W 16586560
R 18683776
W 16586624
R 18683840
W 16586688
R 18683904
W 16586752
R 18683968
W 16586816
R 18684032
W 16586880
R 18684096
W 16586944
R 18684160
W 16587008
R 18684224
W 16587072
R 18684288
W 16587136
R 18684352
W 16587200
R 18684416
W 16587264
R 18684480
W 16587328
R 18684544
W 16587392
R 18684608
W 16587456
R 18684672
W 16587520
R 18684736
W 16587584
R 18684800
W 16587648
R 18684864
W 16587712
R 18684928
W 16587776
R 18684992
W 16587840
R 18685056
W 16587904
R 18685120
W 16587968
R 18685184
W 16588032
R 18685248
W 16588096
R 18685312
W 16588160
R 18685376
W 16588224
R 18685440
W 16588288
R 18685504
W 16588352
R 18685568
W 16588416
R 18685632
W 16588480
R 18685696
W 16588544
R 18685760
W 16588608
R 18685824
W 16588672
R 18685888
W 16588736
R 18685952
W 16588800
R 18686016
W 16588864
R 18686080
W 16588928
R 18686144
W 16588992
R 18686208
W 16851200
R 18686272
W 16851264
R 18686336
W 16851328
R 18686400
W 16851392
R 18686464
W 16851456
R 18686528
W 16851520
R 18686592
W 16851584
R 18686656
W 16851648
R 18686720
W 16851712
R 18686784
W 16851776
R 18686848
W 16851840
R 18686912
W 16851904
R 18686976
W 16851968
R 18687040
W 16852032
R 18687104
W 16852096
R 18687168
W 16590016
R 18687232
W 16590080
R 18687296
W 16590144
R 18687360
W 16590208
R 18687424
W 16852416
R 18687488
W 16852480
R 18687552
W 16590400
R 18687616
W 16590464
R 18687680
W 16590528
R 18687744
W 16590592
R 18687808
W 16590656
R 18687872
W 16590720
R 18687936
W 16590784
R 18688000
W 16590848
R 18688064
W 16590912
R 18688128
W 16590976
R 18688192
W 16591040
R 18688256
W 16591104
R 18688320
W 16591168
R 18688384
W 16591232
R 18688448
W 16591296
R 18688512
W 16591360
R 18688576
W 16591424
R 18688640
W 16591488
R 18688704
W 16591552
R 18688768
W 16591616
R 18688832
W 16591680
R 18688896
W 16591744
R 18688960
W 16591808
R 18689024
W 16591872
R 18689088
W 16591936
R 18689152
W 16592000
R 18689216
W 16592064
R 18689280
W 16592128
R 18689344
W 16592192
R 18689408
W 16592256
R 18689472
W 16592320
R 18689536
W 16592384
R 18689600
W 16592448
R 18689664
W 16592512
R 18689728
W 16592576
R 18689792
W 16592640
R 18689856
W 16592704
R 18689920
W 16592768
R 18689984
W 16592832
R 18690048
W 16592896
R 18690112
W 16592960
R 18690176
W 16593024
R 18690240
W 16593088
R 18690304
W 16593152
R 18690368
W 16593216
R 18690432
W 16593280
R 18690496
W 16593344
R 18690560
W 16593408
R 18690624
W 16593472
R 18690688
W 16593536
R 18690752
W 16593600
R 18690816
W 16593664
R 18690880
W 16593728
R 18690944
W 16593792
R 18691008
W 16593856
R 18691072
W 16593920
R 18691136
W 16593984
R 18691200
W 16594048
R 18691264
W 16594112
R 18691328
W 16594176
R 18691392
W 16594240
R 18691456
W 16594304
R 18691520
W 16594368
R 18691584
W 16594432
R 18691648
W 16594496
R 18691712
W 16594560
R 18691776
W 16594624
R 18691840
W 16594688
R 18691904
W 16594752
R 18691968
W 16594816
R 18692032
W 16594880
R 18692096
W 16594944
R 18692160
W 16595008
R 18692224
W 16595072
R 18692288
W 16595136
R 18692352
W 16595200
R 18692416
W 16595264
R 18692480
W 16595328
R 18692544
W 16595392
R 18692608
W 16595456
R 18692672
W 16595520
R 18692736
W 16595584
R 18692800
W 16595648
R 18692864
W 16595712
R 18692928
W 16595776
R 18692992
W 16595840
R 18693056
W 16595904
R 18693120
W 16595968
R 18693184
W 16596032
R 18693248
W 16596096
R 18693312
W 16596160
R 18693376
W 16596224
R 18693440
W 16596288
R 18693504
W 16596352
R 18693568
W 16596416
R 18693632
W 16596480
R 18693696
W 16596544
R 18693760
W 16596608
R 18693824
W 16596672
R 18693888
W 16596736
R 18693952
W 16596800
R 18694016
W 16596864
R 18694080
W 16596928
R 18694144
W 16596992
R 18694208
W 16597056
R 18694272
W 16597120
R 18694336
W 16597184
R 18694400
W 16597248
R 18694464
W 16597312
R 18694528
W 16597376
R 18694592
W 16597440
R 18694656
W 16597504
R 18694720
W 16597568
R 18694784
W 16597632
R 18694848
W 16597696
R 18694912
W 16597760
R 18694976
W 16597824
R 18695040
W 16597888
R 18695104
W 16597952
R 18695168
W 16598016
R 18695232
W 16598080
R 18695296
W 16598144
R 18695360
W 16598208
R 18695424
W 16598272
R 18695488
W 16598336
R 18695552
W 16598400
R 18695616
W 16598464
R 18695680
W 16598528
R 18695744
W 16598592
R 18695808
W 16598656
R 18695872
W 16598720
R 18695936
W 16598784
R 18696000
W 16598848
R 18696064
W 16598912
R 18696128
W 16598976
R 18696192
W 16599040
R 18696256
W 16599104
R 18696320
W 16599168
R 18696384
W 16599232
R 18696448
W 16599296
R 18696512
W 16599360
R 18696576
W 16599424
R 18696640
W 16599488
R 18696704
W 16599552
R 18696768
W 16599616
R 18696832
W 16599680
R 18696896
W 16599744
R 18696960
W 16599808
R 18697024
W 16599872
R 18697088
W 16599936
R 18697152
W 16600000
R 18697216
W 16600064
R 18697280
W 16600128
R 18697344
W 16600192
R 18697408
W 16600256
R 18697472
W 16600320
R 18697536
W 16600384
R 18697600
W 16600448
R 18697664
W 16600512
R 18697728
W 16600576
R 18697792
W 16600640
R 18697856
W 16600704
R 18697920
W 16600768
R 18697984
W 16600832
R 18698048
W 16600896
R 18698112
W 16600960
R 18698176
W 16601024
R 18698240
W 16601088
R 18698304
W 16601152
R 18698368
W 16601216
R 18698432
W 16601280
R 18698496
W 16601344
R 18698560
W 16601408
R 18698624
W 16601472
R 18698688
W 16601536
R 18698752
W 16601600
R 18698816
W 16601664
R 18698880
W 16601728
R 18698944
W 16601792
R 18699008
W 16601856
R 18699072
W 16601920
R 18699136
W 16601984
R 18699200
W 16602048
R 18699264
W 16602112
R 18699328
W 16602176
R 18699392
W 16602240
R 18699456
W 16602304
R 18699520
W 16602368
R 18699584
W 16602432
R 18699648
W 16602496
R 18699712
W 16602560
R 18699776
W 16602624
R 18699840
W 16602688
R 18699904
W 16602752
R 18699968
W 16602816
R 18700032
W 16602880
R 18700096
W 16602944
R 18700160
W 16603008
R 18700224
W 16603072
R 18700288
W 16603136
R 18700352
W 16603200
R 18700416
W 16603264
R 18700480
W 16603328
R 18700544
W 16603392
R 18700608
W 16603456
R 18700672
W 16603520
R 18700736
W 16603584
R 18700800
W 16603648
R 18700864
W 16603712
R 18700928
W 16603776
R 18700992
W 16603840
R 18701056
W 16603904
R 18701120
W 16603968
R 18701184
W 16604032
R 18701248
W 16604096
R 18701312
W 16604160
R 18701376
W 16604224
R 18701440
W 16604288
R 18701504
W 16604352
R 18701568
W 16604416
R 18701632
W 16604480
R 18701696
W 16604544
R 18701760
W 16604608
R 18701824
W 16604672
R 18701888
W 16604736
R 18701952
W 16604800
R 18702016
W 16604864
R 18702080
W 16604928
R 18702144
W 16604992
R 18702208
W 16605056
R 18702272
W 16605120
R 18702336
W 16605184
R 18702400
W 16605248
R 18702464
W 16605312
R 18702528
W 16867520
R 18702592
W 16867584
R 18702656
W 16867648
R 18702720
W 16867712
R 18702784
W 16867776
R 18702848
W 16867840
R 18702912
W 16867904
R 18702976
W 16867968
R 18703040
W 16868032
R 18703104
W 16868096
R 18703168
W 16868160
R 18703232
W 16868224
R 18703296
W 16868288
R 18703360
W 16868352
R 18703424
W 16868416
R 18703488
W 16606336
R 18703552
W 16606400
R 18703616
W 16606464
R 18703680
W 16606528
R 18703744
W 16606592
R 18703808
W 16868800
R 18703872
W 16606720
R 18703936
W 16606784
R 18704000
W 16606848
R 18704064
W 16606912
R 18704128
W 16606976
R 18704192
W 16607040
R 18704256
W 16607104
R 18704320
W 16607168
R 18704384
W 16607232
R 18704448
W 16607296
R 18704512
W 16607360
R 18704576
W 16607424
R 18704640
W 16607488
R 18704704
W 16607552
R 18704768
W 16607616
R 18704832
W 16607680
R 18704896
W 16607744
R 18704960
W 16607808
R 18705024
W 16607872
R 18705088
W 16607936
R 18705152
W 16608000
R 18705216
W 16608064
R 18705280
W 16608128
R 18705344
W 16608192
R 18705408
W 16608256
R 18705472
W 16608320
R 18705536
W 16608384
R 18705600
W 16608448
R 18705664
W 16608512
R 18705728
W 16608576
R 18705792
W 16608640
R 18705856
W 16608704
R 18705920
W 16608768
R 18705984
W 16608832
R 18706048
W 16608896
R 18706112
W 16608960
R 18706176
W 16609024
R 18706240
W 16609088
R 18706304
W 16609152
R 18706368
W 16609216
R 18706432
W 16609280
R 18706496
W 16609344
R 18706560
W 16609408
R 18706624
W 16609472
R 18706688
W 16609536
R 18706752
W 16609600
R 18706816
W 16609664
R 18706880
W 16609728
R 18706944
W 16609792
R 18707008
W 16609856
R 18707072
W 16609920
R 18707136
W 16609984
R 18707200
W 16610048
R 18707264
W 16610112
R 18707328
W 16610176
R 18707392
W 16610240
R 18707456
W 16610304
R 18707520
W 16610368
R 18707584
W 16610432
R 18707648
W 16610496
R 18707712
W 16610560
R 18707776
W 16610624
R 18707840
W 16610688
R 18707904
W 16610752
R 18707968
W 16610816
R 18708032
W 16610880
R 18708096
W 16610944
R 18708160
W 16611008
R 18708224
W 16611072
R 18708288
W 16611136
R 18708352
W 16611200
R 18708416
W 16611264
R 18708480
W 16611328
R 18708544
W 16611392
R 18708608
W 16611456
R 18708672
W 16611520
R 18708736
W 16611584
R 18708800
W 16611648
R 18708864
W 16611712
R 18708928
W 16611776
R 18708992
W 16611840
R 18709056
W 16611904
R 18709120
W 16611968
R 18709184
W 16612032
R 18709248
W 16612096
R 18709312
W 16612160
R 18709376
W 16612224
R 18709440
W 16612288
R 18709504
W 16612352
R 18709568
W 16612416
R 18709632
W 16612480
R 18709696
W 16612544
R 18709760
W 16612608
R 18709824
W 16612672
R 18709888
W 16612736
R 18709952
W 16612800
R 18710016
W 16612864
R 18710080
W 16612928
R 18710144
W 16612992
R 18710208
W 16613056
R 18710272
W 16613120
R 18710336
W 16613184
R 18710400
W 16613248
R 18710464
W 16613312
R 18710528
W 16613376
R 18710592
W 16613440
R 18710656
W 16613504
R 18710720
W 16613568
R 18710784
W 16613632
R 18710848
W 16613696
R 18710912
W 16613760
R 18710976
W 16613824
R 18711040
W 16613888
R 18711104
W 16613952
R 18711168
W 16614016
R 18711232
W 16614080
R 18711296
W 16614144
R 18711360
W 16614208
R 18711424
W 16614272
R 18711488
W 16614336
R 18711552
W 16614400
R 18711616
W 16614464
R 18711680
W 16614528
R 18711744
W 16614592
R 18711808
W 16614656
R 18711872
W 16614720
R 18711936
W 16614784
R 18712000
W 16614848
R 18712064
W 16614912
R 18712128
W 16614976
R 18712192
W 16615040
R 18712256
W 16615104
R 18712320
W 16615168
R 18712384
W 16615232
R 18712448
W 16615296
R 18712512
W 16615360
R 18712576
W 16615424
R 18712640
W 16615488
R 18712704
W 16615552
R 18712768
W 16615616
R 18712832
W 16615680
R 18712896
W 16615744
R 18712960
W 16615808
R 18713024
W 16615872
R 18713088
W 16615936
R 18713152
W 16616000
R 18713216
W 16616064
R 18713280
W 16616128
R 18713344
W 16616192
R 18713408
W 16616256
R 18713472
W 16616320
R 18713536
W 16616384
R 18713600
W 16616448
R 18713664
W 16616512
R 18713728
W 16616576
R 18713792
W 16616640
R 18713856
W 16616704
R 18713920
W 16616768
R 18713984
W 16616832
R 18714048
W 16616896
R 18714112
W 16616960
R 18714176
W 16617024
R 18714240
W 16617088
R 18714304
W 16617152
R 18714368
W 16617216
R 18714432
W 16617280
R 18714496
W 16617344
R 18714560
W 16617408
R 18714624
W 16617472
R 18714688
W 16617536
R 18714752
W 16617600
R 18714816
W 16617664
R 18714880
W 16617728
R 18714944
W 16617792
R 18715008
W 16617856
R 18715072
W 16617920
R 18715136
W 16617984
R 18715200
W 16618048
R 18715264
W 16618112
R 18715328
W 16618176
R 18715392
W 16618240
R 18715456
W 16618304
R 18715520
W 16618368
R 18715584
W 16618432
R 18715648
W 16618496
R 18715712
W 16618560
R 18715776
W 16618624
R 18715840
W 16618688
R 18715904
W 16618752
R 18715968
W 16618816
R 18716032
W 16618880
R 18716096
W 16618944
R 18716160
W 16619008
R 18716224
W 16619072
R 18716288
W 16619136
R 18716352
W 16619200
R 18716416
W 16619264
R 18716480
W 16619328
R 18716544
W 16619392
R 18716608
W 16619456
R 18716672
W 16619520
R 18716736
W 16619584
R 18716800
W 16619648
R 18716864
W 16619712
R 18716928
W 16619776
R 18716992
W 16619840
R 18717056
W 16619904
R 18717120
W 16619968
R 18717184
W 16620032
R 18717248
W 16620096
R 18717312
W 16620160
R 18717376
W 16620224
R 18717440
W 16620288
R 18717504
W 16620352
R 18717568
W 16620416
R 18717632
W 16620480
R 18717696
W 16620544
R 18717760
W 16620608
R 18717824
W 16620672
R 18717888
W 16620736
R 18717952
W 16620800
R 18718016
W 16620864
R 18718080
W 16620928
R 18718144
W 16620992
R 18718208
W 16621056
R 18718272
W 16621120
R 18718336
W 16621184
R 18718400
W 16621248
R 18718464
W 16621312
R 18718528
W 16621376
R 18718592
W 16621440
R 18718656
W 16621504
R 18718720
W 16621568
R 18718784
W 16621632
R 18718848
W 16621696
R 18718912
W 16621760
R 18718976
W 16621824
R 18719040
W 16621888
R 18719104
W 16621952
R 18719168
W 16622016
R 18719232
W 16622080
R 18719296
W 16622144
R 18719360
W 16622208
R 18719424
W 16622272
R 18719488
W 16622336
R 18719552
W 16622400
R 18719616
W 16622464
R 18719680
W 16622528
R 18719744
W 16622592
R 18719808
W 16622656
R 18719872
W 16622720
R 18719936
W 16622784
R 18720000
W 16622848
R 18720064
W 16622912
R 18720128
W 16622976
R 18720192
W 16623040
R 18720256
W 16623104
R 18720320
W 16623168
R 18720384
W 16623232
R 18720448
W 16623296
R 18720512
W 16623360
R 18720576
W 16623424
R 18720640
W 16623488
R 18720704
W 16623552
R 18720768
W 16623616
R 18720832
W 16623680
R 18720896
W 16623744
R 18720960
W 16623808
R 18721024
W 16623872
R 18721088
W 16623936
R 18721152
W 16624000
R 18721216
W 16624064
R 18721280
W 16624128
R 18721344
W 16624192
R 18721408
W 16624256
R 18721472
W 16624320
R 18721536
W 16624384
R 18721600
W 16624448
R 18721664
W 16624512
R 18721728
W 16624576
R 18721792
W 16624640
R 18721856
W 16624704
R 18721920
W 16624768
R 18721984
W 16624832
R 18722048
W 16624896
R 18722112
W 16624960
R 18722176
W 16625024
R 18722240
W 16625088
R 18722304
W 16625152
R 18722368
W 16625216
R 18722432
W 16625280
R 18722496
W 16625344
R 18722560
W 16625408
R 18722624
W 16625472
R 18722688
W 16625536
R 18722752
W 16625600
R 18722816
W 16625664
R 18722880
W 16625728
R 18722944
W 16625792
R 18723008
W 16625856
R 18723072
W 16625920
R 18723136
W 16625984
R 18723200
W 16626048
R 18723264
W 16626112
R 18723328
W 16626176
R 18723392
W 16626240
R 18723456
W 16626304
R 18723520
W 16626368
R 18723584
W 16626432
R 18723648
W 16626496
R 18723712
W 16626560
R 18723776
W 16626624
R 18723840
W 16626688
R 18723904
W 16626752
R 18723968
W 16626816
R 18724032
W 16626880
R 18724096
W 16626944
R 18724160
W 16627008
R 18724224
W 16627072
R 18724288
W 16627136
R 18724352
W 16627200
R 18724416
W 16627264
R 18724480
W 16627328
R 18724544
W 16627392
R 18724608
W 16627456
R 18724672
W 16627520
R 18724736
W 16627584
R 18724800
W 16627648
R 18724864
W 16627712
R 18724928
W 16627776
R 18724992
W 16627840
R 18725056
W 16627904
R 18725120
W 16627968
R 18725184
W 16628032
R 18725248
W 16628096
R 18725312
W 16628160
R 18725376
W 16628224
R 18725440
W 16628288
R 18725504
W 16628352
R 18725568
W 16628416
R 18725632
W 16628480
R 18725696
W 16628544
R 18725760
W 16628608
R 18725824
W 16628672
R 18725888
W 16628736
R 18725952
W 16628800
R 18726016
W 16628864
R 18726080
W 16628928
R 18726144
W 16628992
R 18726208
W 16629056
R 18726272
W 16629120
R 18726336
W 16629184
R 18726400
W 16629248
R 18726464
W 16629312
R 18726528
W 16629376
R 18726592
W 16629440
R 18726656
W 16629504
R 18726720
W 16629568
R 18726784
W 16629632
R 18726848
W 16629696
R 18726912
W 16629760
R 18726976
W 16629824
R 18727040
W 16629888
R 18727104
W 16629952
R 18727168
W 16630016
R 18727232
W 16630080
R 18727296
W 16630144
R 18727360
W 16630208
R 18727424
W 16630272
R 18727488
W 16630336
R 18727552
W 16630400
R 18727616
W 16630464
R 18727680
W 16630528
R 18727744
W 16630592
R 18727808
W 16630656
R 18727872
W 16630720
R 18727936
W 16630784
R 18728000
W 16630848
R 18728064
W 16630912
R 18728128
W 16630976
R 18728192
W 16631040
R 18728256
W 16631104
R 18728320
W 16631168
R 18728384
W 16631232
R 18728448
W 16631296
R 18728512
W 16631360
R 18728576
W 16631424
R 18728640
W 16631488
R 18728704
W 16631552
R 18728768
W 16631616
R 18728832
W 16631680
R 18728896
W 16631744
R 18728960
W 16631808
R 18729024
W 16631872
R 18729088
W 16631936
R 18729152
W 16632000
R 18729216
W 16632064
R 18729280
W 16632128
R 18729344
W 16632192
R 18729408
W 16632256
R 18729472
W 16632320
R 18729536
W 16632384
R 18729600
W 16632448
R 18729664
W 16632512
R 18729728
W 16632576
R 18729792
W 16632640
R 18729856
W 16632704
R 18729920
W 16632768
R 18729984
W 16632832
R 18730048
W 16632896
R 18730112
W 16632960
R 18730176
W 16633024
R 18730240
W 16633088
R 18730304
W 16633152
R 18730368
W 16633216
R 18730432
W 16633280
R 18730496
W 16633344
R 18730560
W 16633408
R 18730624
W 16633472
R 18730688
W 16633536
R 18730752
W 16633600
R 18730816
W 16633664
R 18730880
W 16633728
R 18730944
W 16633792
R 18731008
W 16633856
R 18731072
W 16633920
R 18731136
W 16633984
R 18731200
W 16634048
R 18731264
W 16634112
R 18731328
W 16634176
R 18731392
W 16634240
R 18731456
W 16634304
R 18731520
W 16634368
R 18731584
W 16634432
R 18731648
W 16634496
R 18731712
W 16634560
R 18731776
W 16634624
R 18731840
W 16634688
R 18731904
W 16634752
R 18731968
W 16634816
R 18732032
W 16634880
R 18732096
W 16634944
R 18732160
W 16635008
R 18732224
W 16635072
R 18732288
W 16635136
R 18732352
W 16635200
R 18732416
W 16635264
R 18732480
W 16635328
R 18732544
W 16635392
R 18732608
W 16635456
R 18732672
W 16635520
R 18732736
W 16635584
R 18732800
W 16635648
R 18732864
W 16635712
R 18732928
W 16635776
R 18732992
W 16635840
R 18733056
W 16635904
R 18733120
W 16635968
R 18733184
W 16636032
R 18733248
W 16636096
R 18733312
W 16636160
R 18733376
W 16636224
R 18733440
W 16636288
R 18733504
W 16636352
R 18733568
W 16636416
R 18733632
W 16636480
R 18733696
W 16636544
R 18733760
W 16636608
R 18733824
W 16636672
R 18733888
W 16636736
R 18733952
W 16636800
R 18734016
W 16636864
R 18734080
W 16636928
R 18734144
W 16636992
R 18734208
W 16637056
R 18734272
W 16637120
R 18734336
W 16637184
R 18734400
W 16637248
R 18734464
W 16637312
R 18734528
W 16637376
R 18734592
W 16637440
R 18734656
W 16637504
R 18734720
W 16637568
R 18734784
W 16637632
R 18734848
W 16637696
R 18734912
W 16637760
R 18734976
W 16637824
R 18735040
W 16637888
R 18735104
W 16637952
R 18735168
W 16638016
R 18735232
W 16638080
R 18735296
W 16638144
R 18735360
W 16638208
R 18735424
W 16638272
R 18735488
W 16638336
R 18735552
W 16638400
R 18735616
W 16638464
R 18735680
W 16638528
R 18735744
W 16638592
R 18735808
W 16638656
R 18735872
W 16638720
R 18735936
W 16638784
R 18736000
W 16638848
R 18736064
W 16638912
R 18736128
W 16638976
R 18736192
W 16639040
R 18736256
W 16639104
R 18736320
W 16639168
R 18736384
W 16639232
R 18736448
W 16639296
R 18736512
W 16639360
R 18736576
W 16639424
R 18736640
W 16639488
R 18736704
W 16639552
R 18736768
W 16639616
R 18736832
W 16639680
R 18736896
W 16639744
R 18736960
W 16639808
R 18737024
W 16639872
R 18737088
W 16639936
R 18737152
W 16640000
R 18737216
W 16640064
R 18737280
W 16640128
R 18737344
W 16640192
R 18737408
W 16640256
R 18737472
W 16640320
R 18737536
W 16640384
R 18737600
W 16640448
R 18737664
W 16640512
R 18737728
W 16640576
R 18737792
W 16640640
R 18737856
W 16640704
R 18737920
W 16640768
R 18737984
W 16640832
R 18738048
W 16640896
R 18738112
W 16640960
R 18738176
W 16641024
R 18738240
W 16641088
R 18738304
W 16641152
R 18738368
W 16641216
R 18738432
W 16641280
R 18738496
W 16641344
R 18738560
W 16641408
R 18738624
W 16641472
R 18738688
W 16641536
R 18738752
W 16641600
R 18738816
W 16641664
R 18738880
W 16641728
R 18738944
W 16641792
R 18739008
W 16641856
R 18739072
W 16641920
R 18739136
W 16641984
R 18739200
W 16642048
R 18739264
W 16642112
R 18739328
W 16642176
R 18739392
W 16642240
R 18739456
W 16642304
R 18739520
W 16642368
R 18739584
W 16642432
R 18739648
W 16642496
R 18739712
W 16642560
R 18739776
W 16642624
R 18739840
W 16642688
R 18739904
W 16642752
R 18739968
W 16642816
R 18740032
W 16642880
R 18740096
W 16642944
R 18740160
W 16643008
R 18740224
W 16643072
R 18740288
W 16643136
R 18740352
W 16643200
R 18740416
W 16643264
R 18740480
W 16643328
R 18740544
W 16643392
R 18740608
W 16643456
R 18740672
W 16643520
R 18740736
W 16643584
R 18740800
W 16643648
R 18740864
W 16643712
R 18740928
W 16643776
R 18740992
W 16643840
R 18741056
W 16643904
R 18741120
W 16643968
R 18741184
W 16644032
R 18741248
W 16644096
R 18741312
W 16644160
R 18741376
W 16644224
R 18741440
W 16644288
R 18741504
W 16644352
R 18741568
W 16644416
R 18741632
W 16644480
R 18741696
W 16644544
R 18741760
W 16644608
R 18741824
W 16644672
R 18741888
W 16644736
R 18741952
W 16644800
R 18742016
W 16644864
R 18742080
W 16644928
R 18742144
W 16644992
R 18742208
W 16645056
R 18742272
W 16645120
R 18742336
W 16645184
R 18742400
W 16645248
R 18742464
W 16645312
R 18742528
W 16645376
R 18742592
W 16645440
R 18742656
W 16645504
R 18742720
W 16645568
R 18742784
W 16645632
R 18742848
W 16645696
R 18742912
W 16645760
R 18742976
W 16645824
R 18743040
W 16645888
R 18743104
W 16645952
R 18743168
W 16646016
R 18743232
W 16646080
R 18743296
W 16646144
R 18743360
W 16646208
R 18743424
W 16646272
R 18743488
W 16646336
R 18743552
W 16646400
R 18743616
W 16646464
R 18743680
W 16646528
R 18743744
W 16646592
R 18743808
W 16646656
R 18743872
W 16646720
R 18743936
W 16646784
R 18744000
W 16646848
R 18744064
W 16646912
R 18744128
W 16646976
R 18744192
W 16647040
R 18744256
W 16647104
R 18744320
W 16647168
R 18744384
W 16647232
R 18744448
W 16647296
R 18744512
W 16647360
R 18744576
W 16647424
R 18744640
W 16647488
R 18744704
W 16647552
R 18744768
W 16647616
R 18744832
W 16647680
R 18744896
W 16647744
R 18744960
W 16647808
R 18745024
W 16647872
R 18745088
W 16647936
R 18745152
W 16648000
R 18745216
W 16648064
R 18745280
W 16648128
R 18745344
W 16648192
R 18745408
W 16648256
R 18745472
W 16648320
R 18745536
W 16648384
R 18745600
W 16648448
R 18745664
W 16648512
R 18745728
W 16648576
R 18745792
W 16648640
R 18745856
W 16648704
R 18745920
W 16648768
R 18745984
W 16648832
R 18746048
W 16648896
R 18746112
W 16648960
R 18746176
W 16649024
R 18746240
W 16649088
R 18746304
W 16649152
R 18746368
W 16649216
R 18746432
W 16649280
R 18746496
W 16649344
R 18746560
W 16649408
R 18746624
W 16649472
R 18746688
W 16649536
R 18746752
W 16649600
R 18746816
W 16649664
R 18746880
W 16649728
R 18746944
W 16649792
R 18747008
W 16649856
R 18747072
W 16649920
R 18747136
W 16649984
R 18747200
W 16650048
R 18747264
W 16650112
R 18747328
W 16650176
R 18747392
W 16650240
R 18747456
W 16650304
R 18747520
W 16650368
R 18747584
W 16650432
R 18747648
W 16650496
R 18747712
W 16650560
R 18747776
W 16650624
R 18747840
W 16650688
R 18747904
W 16650752
R 18747968
W 16650816
R 18748032
W 16650880
R 18748096
W 16650944
R 18748160
W 16651008
R 18748224
W 16651072
R 18748288
W 16651136
R 18748352
W 16651200
R 18748416
W 16651264
R 18748480
W 16651328
R 18748544
W 16651392
R 18748608
W 16651456
R 18748672
W 16651520
R 18748736
W 16651584
R 18748800
W 16651648
R 18748864
W 16651712
R 18748928
W 16651776
R 18748992
W 16651840
R 18749056
W 16651904
R 18749120
W 16651968
R 18749184
W 16652032
R 18749248
W 16652096
R 18749312
W 16652160
R 18749376
W 16652224
R 18749440
W 16652288
R 18749504
W 16652352
R 18749568
W 16652416
R 18749632
W 16652480
R 18749696
W 16652544
R 18749760
W 16652608
R 18749824
W 16652672
R 18749888
W 16652736
R 18749952
W 16652800
R 18750016
W 16652864
R 18750080
W 16652928
R 18750144
W 16652992
R 18750208
W 16653056
R 18750272
W 16653120
R 18750336
W 16653184
R 18750400
W 16653248
R 18750464
W 16653312
R 18750528
W 16653376
R 18750592
W 16653440
R 18750656
W 16653504
R 18750720
W 16653568
R 18750784
W 16653632
R 18750848
W 16653696
R 18750912
W 16653760
R 18750976
W 16653824
R 18751040
W 16653888
R 18751104
W 16653952
R 18751168
W 16654016
R 18751232
W 16654080
R 18751296
W 16654144
R 18751360
W 16654208
R 18751424
W 16654272
R 18751488
W 16654336
R 18751552
W 16654400
R 18751616
W 16654464
R 18751680
W 16654528
R 18751744
W 16654592
R 18751808
W 16654656
R 18751872
W 16654720
R 18751936
W 16654784
R 18752000
W 16654848
R 18752064
W 16654912
R 18752128
W 16654976
R 18752192
W 16655040
R 18752256
W 16655104
R 18752320
W 16655168
R 18752384
W 16655232
R 18752448
W 16655296
R 18752512
W 16655360
R 18752576
W 16655424
R 18752640
W 16655488
R 18752704
W 16655552
R 18752768
W 16655616
R 18752832
W 16655680
R 18752896
W 16655744
R 18752960
W 16655808
R 18753024
W 16655872
R 18753088
W 16655936
R 18753152
W 16656000
R 18753216
W 16656064
R 18753280
W 16656128
R 18753344
W 16656192
R 18753408
W 16656256
R 18753472
W 16656320
R 18753536
W 16656384
R 18753600
W 16656448
R 18753664
W 16656512
R 18753728
W 16656576
R 18753792
W 16656640
R 18753856
W 16656704
R 18753920
W 16656768
R 18753984
W 16656832
R 18754048
W 16656896
R 18754112
W 16656960
R 18754176
W 16657024
R 18754240
W 16657088
R 18754304
W 16657152
R 18754368
W 16657216
R 18754432
W 16657280
R 18754496
W 16657344
R 18754560
W 16657408
R 18754624
W 16657472
R 18754688
W 16657536
R 18754752
W 16657600
R 18754816
W 16657664
R 18754880
W 16657728
R 18754944
W 16657792
R 18755008
W 16657856
R 18755072
W 16657920
R 18755136
W 16657984
R 18755200
W 16658048
R 18755264
W 16658112
R 18755328
W 16658176
R 18755392
W 16658240
R 18755456
W 16658304
R 18755520
W 16658368
R 18755584
W 16658432
R 18755648
W 16658496
R 18755712
W 16658560
R 18755776
W 16658624
R 18755840
W 16658688
R 18755904
W 16658752
R 18755968
W 16658816
R 18756032
W 16658880
R 18756096
W 16658944
R 18756160
W 16659008
R 18756224
W 16659072
R 18756288
W 16659136
R 18756352
W 16659200
R 18756416
W 16659264
R 18756480
W 16659328
R 18756544
W 16659392
R 18756608
W 16659456
R 18756672
W 16659520
R 18756736
W 16659584
R 18756800
W 16659648
R 18756864
W 16659712
R 18756928
W 16659776
R 18756992
W 16659840
R 18757056
W 16659904
R 18757120
W 16659968
R 18757184
W 16660032
R 18757248
W 16660096
R 18757312
W 16660160
R 18757376
W 16660224
R 18757440
W 16660288
R 18757504
W 16660352
R 18757568
W 16660416
R 18757632
W 16660480
R 18757696
W 16660544
R 18757760
W 16660608
R 18757824
W 16660672
R 18757888
W 16660736
R 18757952
W 16660800
R 18758016
W 16660864
R 18758080
W 16660928
R 18758144
W 16660992
R 18758208
W 16661056
R 18758272
W 16661120
R 18758336
W 16661184
R 18758400
W 16661248
R 18758464
W 16661312
R 18758528
W 16661376
R 18758592
W 16661440
R 18758656
W 16661504
R 18758720
W 16661568
R 18758784
W 16661632
R 18758848
W 16661696
R 18758912
W 16661760
R 18758976
W 16661824
R 18759040
W 16661888
R 18759104
W 16661952
R 18759168
W 16662016
R 18759232
W 16662080
R 18759296
W 16662144
R 18759360
W 16662208
R 18759424
W 16662272
R 18759488
W 16662336
R 18759552
W 16662400
R 18759616
W 16662464
R 18759680
W 16662528
R 18759744
W 16662592
R 18759808
W 16662656
R 18759872
W 16662720
R 18759936
W 16662784
R 18760000
W 16662848
R 18760064
W 16662912
R 18760128
W 16662976
R 18760192
W 16663040
R 18760256
W 16663104
R 18760320
W 16663168
R 18760384
W 16663232
R 18760448
W 16663296
R 18760512
W 16663360
R 18760576
W 16663424
R 18760640
W 16663488
R 18760704
W 16663552
R 18760768
W 16663616
R 18760832
W 16663680
R 18760896
W 16663744
R 18760960
W 16663808
R 18761024
W 16663872
R 18761088
W 16663936
R 18761152
W 16664000
R 18761216
W 16664064
R 18761280
W 16664128
R 18761344
W 16664192
R 18761408
W 16664256
R 18761472
W 16664320
R 18761536
W 16664384
R 18761600
W 16664448
R 18761664
W 16664512
R 18761728
W 16664576
R 18761792
W 16664640
R 18761856
W 16664704
R 18761920
W 16664768
R 18761984
W 16664832
R 18762048
W 16664896
R 18762112
W 16664960
R 18762176
W 16665024
R 18762240
W 16665088
R 18762304
W 16665152
R 18762368
W 16665216
R 18762432
W 16665280
R 18762496
W 16665344
R 18762560
W 16665408
R 18762624
W 16665472
R 18762688
W 16665536
R 18762752
W 16665600
R 18762816
W 16665664
R 18762880
W 16665728
R 18762944
W 16665792
R 18763008
W 16665856
R 18763072
W 16665920
R 18763136
W 16665984
R 18763200
W 16666048
R 18763264
W 16666112
R 18763328
W 16666176
R 18763392
W 16666240
R 18763456
W 16666304
R 18763520
W 16666368
R 18763584
W 16666432
R 18763648
W 16666496
R 18763712
W 16666560
R 18763776
W 16666624
R 18763840
W 16666688
R 18763904
W 16666752
R 18763968
W 16666816
R 18764032
W 16666880
R 18764096
W 16666944
R 18764160
W 16667008
R 18764224
W 16667072
R 18764288
W 16667136
R 18764352
W 16667200
R 18764416
W 16667264
R 18764480
W 16667328
R 18764544
W 16667392
R 18764608
W 16667456
R 18764672
W 16667520
R 18764736
W 16667584
R 18764800
W 16667648
R 18764864
W 16667712
R 18764928
W 16667776
R 18764992
W 16667840
R 18765056
W 16667904
R 18765120
W 16667968
R 18765184
W 16668032
R 18765248
W 16668096
R 18765312
W 16668160
R 18765376
W 16668224
R 18765440
W 16668288
R 18765504
W 16668352
R 18765568
W 16668416
R 18765632
W 16668480
R 18765696
W 16668544
R 18765760
W 16668608
R 18765824
W 16668672
R 18765888
W 16668736
R 18765952
W 16668800
R 18766016
W 16668864
R 18766080
W 16668928
R 18766144
W 16668992
R 18766208
W 16669056
R 18766272
W 16669120
R 18766336
W 16669184
R 18766400
W 16669248
R 18766464
W 16669312
R 18766528
W 16669376
R 18766592
W 16669440
R 18766656
W 16669504
R 18766720
W 16669568
R 18766784
W 16669632
R 18766848
W 16669696
R 18766912
W 16669760
R 18766976
W 16669824
R 18767040
W 16669888
R 18767104
W 16669952
R 18767168
W 16670016
R 18767232
W 16670080
R 18767296
W 16670144
R 18767360
W 16670208
R 18767424
W 16670272
R 18767488
W 16670336
R 18767552
W 16670400
R 18767616
W 16670464
R 18767680
W 16670528
R 18767744
W 16670592
R 18767808
W 16670656
R 18767872
W 16670720
R 18767936
W 16670784
R 18768000
W 16670848
R 18768064
W 16670912
R 18768128
W 16670976
R 18768192
W 16671040
R 18768256
W 16671104
R 18768320
W 16671168
R 18768384
W 16671232
R 18768448
W 16671296
R 18768512
W 16671360
R 18768576
W 16671424
R 18768640
W 16671488
R 18768704
W 16671552
R 18768768
W 16671616
R 18768832
W 16671680
R 18768896
W 16671744
R 18768960
W 16671808
R 18769024
W 16671872
R 18769088
W 16671936
R 18769152
W 16672000
R 18769216
W 16672064
R 18769280
W 16672128
R 18769344
W 16672192
R 18769408
W 16672256
R 18769472
W 16672320
R 18769536
W 16672384
R 18769600
W 16672448
R 18769664
W 16672512
R 18769728
W 16672576
R 18769792
W 16672640
R 18769856
W 16672704
R 18769920
W 16672768
R 18769984
W 16672832
R 18770048
W 16672896
R 18770112
W 16672960
R 18770176
W 16673024
R 18770240
W 16673088
R 18770304
W 16673152
R 18770368
W 16673216
R 18770432
W 16673280
R 18770496
W 16673344
R 18770560
W 16673408
R 18770624
W 16673472
R 18770688
W 16673536
R 18770752
W 16673600
R 18770816
W 16673664
R 18770880
W 16673728
R 18770944
W 16673792
R 18771008
W 16673856
R 18771072
W 16673920
R 18771136
W 16673984
R 18771200
W 16674048
R 18771264
W 16674112
R 18771328
W 16674176
R 18771392
W 16674240
R 18771456
W 16674304
R 18771520
W 16674368
R 18771584
W 16674432
R 18771648
W 16674496
R 18771712
W 16674560
R 18771776
W 16674624
R 18771840
W 16674688
R 18771904
W 16674752
R 18771968
W 16674816
R 18772032
W 16674880
R 18772096
W 16674944
R 18772160
W 16675008
R 18772224
W 16675072
R 18772288
W 16675136
R 18772352
W 16675200
R 18772416
W 16675264
R 18772480
W 16675328
R 18772544
W 16675392
R 18772608
W 16675456
R 18772672
W 16675520
R 18772736
W 16675584
R 18772800
W 16675648
R 18772864
W 16675712
R 18772928
W 16675776
R 18772992
W 16675840
R 18773056
W 16675904
R 18773120
W 16675968
R 18773184
W 16676032
R 18773248
W 16676096
R 18773312
W 16676160
R 18773376
W 16676224
R 18773440
W 16676288
R 18773504
W 16676352
R 18773568
W 16676416
R 18773632
W 16676480
R 18773696
W 16676544
R 18773760
W 16676608
R 18773824
W 16676672
R 18773888
W 16676736
R 18773952
W 16676800
R 18774016
W 16676864
R 18774080
W 16676928
R 18774144
W 16676992
R 18774208
W 16677056
R 18774272
W 16677120
R 18774336
W 16677184
R 18774400
W 16677248
R 18774464
W 16677312
R 18774528
W 16677376
R 18774592
W 16677440
R 18774656
W 16677504
R 18774720
W 16677568
R 18774784
W 16677632
R 18774848
W 16677696
R 18774912
W 16677760
R 18774976
W 16677824
R 18775040
W 16677888
R 18775104
W 16677952
R 18775168
W 16678016
R 18775232
W 16678080
R 18775296
W 16678144
R 18775360
W 16678208
R 18775424
W 16678272
R 18775488
W 16678336
R 18775552
W 16678400
R 18775616
W 16678464
R 18775680
W 16678528
R 18775744
W 16678592
R 18775808
W 16678656
R 18775872
W 16678720
R 18775936
W 16678784
R 18776000
W 16678848
R 18776064
W 16678912
R 18776128
W 16678976
R 18776192
W 16679040
R 18776256
W 16679104
R 18776320
W 16679168
R 18776384
W 16679232
R 18776448
W 16679296
R 18776512
W 16679360
R 18776576
W 16679424
R 18776640
W 16679488
R 18776704
W 16679552
R 18776768
W 16679616
R 18776832
W 16679680
R 18776896
W 16679744
R 18776960
W 16679808
R 18777024
W 16679872
R 18777088
W 16679936
R 18777152
W 16680000
R 18777216
W 16680064
R 18777280
W 16680128
R 18777344
W 16680192
R 18777408
W 16680256
R 18777472
W 16680320
R 18777536
W 16680384
R 18777600
W 16680448
R 18777664
W 16680512
R 18777728
W 16680576
R 18777792
W 16680640
R 18777856
W 16680704
R 18777920
W 16680768
R 18777984
W 16680832
R 18778048
W 16680896
R 18778112
W 16680960
R 18778176
W 16681024
R 18778240
W 16681088
R 18778304
W 16681152
R 18778368
W 16681216
R 18778432
W 16681280
R 18778496
W 16681344
R 18778560
W 16681408
R 18778624
W 16681472
R 18778688
W 16681536
R 18778752
W 16681600
R 18778816
W 16681664
R 18778880
W 16681728
R 18778944
W 16681792
R 18779008
W 16681856
R 18779072
W 16681920
R 18779136
W 16681984
R 18779200
W 16682048
R 18779264
W 16682112
R 18779328
W 16682176
R 18779392
W 16682240
R 18779456
W 16682304
R 18779520
W 16682368
R 18779584
W 16682432
R 18779648
W 16682496
R 18779712
W 16682560
R 18779776
W 16682624
R 18779840
W 16682688
R 18779904
W 16682752
R 18779968
W 16682816
R 18780032
W 16682880
R 18780096
W 16682944
R 18780160
W 16683008
R 18780224
W 16683072
R 18780288
W 16683136
R 18780352
W 16683200
R 18780416
W 16683264
R 18780480
W 16683328
R 18780544
W 16683392
R 18780608
W 16683456
R 18780672
W 16683520
R 18780736
W 16683584
R 18780800
W 16683648
R 18780864
W 16683712
R 18780928
W 16683776
R 18780992
W 16683840
R 18781056
W 16683904
R 18781120
W 16683968
R 18781184
W 16684032
R 18781248
W 16684096
R 18781312
W 16684160
R 18781376
W 16684224
R 18781440
W 16684288
R 18781504
W 16684352
R 18781568
W 16684416
R 18781632
W 16684480
R 18781696
W 16684544
R 18781760
W 16684608
R 18781824
W 16684672
R 18781888
W 16684736
R 18781952
W 16684800
R 18782016
W 16684864
R 18782080
W 16684928
R 18782144
W 16684992
R 18782208
W 16685056
R 18782272
W 16685120
R 18782336
W 16685184
R 18782400
W 16685248
R 18782464
W 16685312
R 18782528
W 16685376
R 18782592
W 16685440
R 18782656
W 16685504
R 18782720
W 16685568
R 18782784
W 16685632
R 18782848
W 16685696
R 18782912
W 16685760
R 18782976
W 16685824
R 18783040
W 16685888
R 18783104
W 16685952
R 18783168
W 16686016
R 18783232
W 16686080
R 18783296
W 16686144
R 18783360
W 16686208
R 18783424
W 16686272
R 18783488
W 16686336
R 18783552
W 16686400
R 18783616
W 16686464
R 18783680
W 16686528
R 18783744
W 16686592
R 18783808
W 16686656
R 18783872
W 16686720
R 18783936
W 16686784
R 18784000
W 16686848
R 18784064
W 16686912
R 18784128
W 16686976
R 18784192
W 16687040
R 18784256
W 16687104
R 18784320
W 16687168
R 18784384
W 16687232
R 18784448
W 16687296
R 18784512
W 16687360
R 18784576
W 16687424
R 18784640
W 16687488
R 18784704
W 16687552
R 18784768
W 16687616
R 18784832
W 16687680
R 18784896
W 16687744
R 18784960
W 16687808
R 18785024
W 16687872
R 18785088
W 16687936
R 18785152
W 16688000
R 18785216
W 16688064
R 18785280
W 16688128
R 18785344
W 16688192
R 18785408
W 16688256
R 18785472
W 16688320
R 18785536
W 16688384
R 18785600
W 16688448
R 18785664
W 16688512
R 18785728
W 16688576
R 18785792
W 16688640
R 18785856
W 16688704
R 18785920
W 16688768
R 18785984
W 16688832
R 18786048
W 16688896
R 18786112
W 16688960
R 18786176
W 16689024
R 18786240
W 16689088
R 18786304
W 16689152
R 18786368
W 16689216
R 18786432
W 16689280
R 18786496
W 16689344
R 18786560
W 16689408
R 18786624
W 16689472
R 18786688
W 16689536
R 18786752
W 16689600
R 18786816
W 16689664
R 18786880
W 16689728
R 18786944
W 16689792
R 18787008
W 16689856
R 18787072
W 16689920
R 18787136
W 16689984
R 18787200
W 16690048
R 18787264
W 16690112
R 18787328
W 16690176
R 18787392
W 16690240
R 18787456
W 16690304
R 18787520
W 16690368
R 18787584
W 16690432
R 18787648
W 16690496
R 18787712
W 16690560
R 18787776
W 16690624
R 18787840
W 16690688
R 18787904
W 16690752
R 18787968
W 16690816
R 18788032
W 16690880
R 18788096
W 16690944
R 18788160
W 16691008
R 18788224
W 16691072
R 18788288
W 16691136
R 18788352
W 16691200
R 18788416
W 16691264
R 18788480
W 16691328
R 18788544
W 16691392
R 18788608
W 16691456
R 18788672
W 16691520
R 18788736
W 16691584
R 18788800
W 16691648
R 18788864
W 16691712
R 18788928
W 16691776
R 18788992
W 16691840
R 18789056
W 16691904
R 18789120
W 16691968
R 18789184
W 16692032
R 18789248
W 16692096
R 18789312
W 16692160
R 18789376
W 16692224
R 18789440
W 16692288
R 18789504
W 16692352
R 18789568
W 16692416
R 18789632
W 16692480
R 18789696
W 16692544
R 18789760
W 16692608
R 18789824
W 16692672
R 18789888
W 16692736
R 18789952
W 16692800
R 18790016
W 16692864
R 18790080
W 16692928
R 18790144
W 16692992
R 18790208
W 16693056
R 18790272
W 16693120
R 18790336
W 16693184
R 18790400
W 16693248
R 18790464
W 16693312
R 18790528
W 16693376
R 18790592
W 16693440
R 18790656
W 16693504
R 18790720
W 16693568
R 18790784
W 16693632
R 18790848
W 16693696
R 18790912
W 16693760
R 18790976
W 16693824
R 18791040
W 16693888
R 18791104
W 16693952
R 18791168
W 16694016
R 18791232
W 16694080
R 18791296
W 16694144
R 18791360
W 16694208
R 18791424
W 16694272
R 18791488
W 16694336
R 18791552
W 16694400
R 18791616
W 16694464
R 18791680
W 16694528
R 18791744
W 16694592
R 18791808
W 16694656
R 18791872
W 16694720
R 18791936
W 16694784
R 18792000
W 16694848
R 18792064
W 16694912
R 18792128
W 16694976
R 18792192
W 16695040
R 18792256
W 16695104
R 18792320
W 16695168
R 18792384
W 16695232
R 18792448
W 16695296
R 18792512
W 16695360
R 18792576
W 16695424
R 18792640
W 16695488
R 18792704
W 16695552
R 18792768
W 16695616
R 18792832
W 16695680
R 18792896
W 16695744
R 18792960
W 16695808
R 18793024
W 16695872
R 18793088
W 16695936
R 18793152
W 16696000
R 18793216
W 16696064
R 18793280
W 16696128
R 18793344
W 16696192
R 18793408
W 16696256
R 18793472
W 16696320
R 18793536
W 16696384
R 18793600
W 16696448
R 18793664
W 16696512
R 18793728
W 16696576
R 18793792
W 16696640
R 18793856
W 16696704
R 18793920
W 16696768
R 18793984
W 16696832
R 18794048
W 16696896
R 18794112
W 16696960
R 18794176
W 16697024
R 18794240
W 16697088
R 18794304
W 16697152
R 18794368
W 16697216
R 18794432
W 16697280
R 18794496
W 16697344
R 18794560
W 16697408
R 18794624
W 16697472
R 18794688
W 16697536
R 18794752
W 16697600
R 18794816
W 16697664
R 18794880
W 16697728
R 18794944
W 16697792
R 18795008
W 16697856
R 18795072
W 16697920
R 18795136
W 16697984
R 18795200
W 16698048
R 18795264
W 16698112
R 18795328
W 16698176
R 18795392
W 16698240
R 18795456
W 16698304
R 18795520
W 16698368
R 18795584
W 16698432
R 18795648
W 16698496
R 18795712
W 16698560
R 18795776
W 16698624
R 18795840
W 16698688
R 18795904
W 16698752
R 18795968
W 16698816
R 18796032
W 16698880
R 18796096
W 16698944
R 18796160
W 16699008
R 18796224
W 16699072
R 18796288
W 16699136
R 18796352
W 16699200
R 18796416
W 16699264
R 18796480
W 16699328
R 18796544
W 16699392
R 18796608
W 16699456
R 18796672
W 16699520
R 18796736
W 16699584
R 18796800
W 16699648
R 18796864
W 16699712
R 18796928
W 16699776
R 18796992
W 16699840
R 18797056
W 16699904
R 18797120
W 16699968
R 18797184
W 16700032
R 18797248
W 16700096
R 18797312
W 16700160
R 18797376
W 16700224
R 18797440
W 16700288
R 18797504
W 16700352
R 18797568
W 16700416
R 18797632
W 16700480
R 18797696
W 16700544
R 18797760
W 16700608
R 18797824
W 16700672
R 18797888
W 16700736
R 18797952
W 16700800
R 18798016
W 16700864
R 18798080
W 16700928
R 18798144
W 16700992
R 18798208
W 16701056
R 18798272
W 16701120
R 18798336
W 16701184
R 18798400
W 16701248
R 18798464
W 16701312
R 18798528
W 16701376
R 18798592
W 16701440
R 18798656
W 16701504
R 18798720
W 16701568
R 18798784
W 16701632
R 18798848
W 16701696
R 18798912
W 16701760
R 18798976
W 16701824
R 18799040
W 16701888
R 18799104
W 16701952
R 18799168
W 16702016
R 18799232
W 16702080
R 18799296
W 16702144
R 18799360
W 16702208
R 18799424
W 16702272
R 18799488
W 16702336
R 18799552
W 16702400
R 18799616
W 16702464
R 18799680
W 16702528
R 18799744
W 16702592
R 18799808
W 16702656
R 18799872
W 16702720
R 18799936
W 16702784
R 18800000
W 16702848
R 18800064
W 16702912
R 18800128
W 16702976
R 18800192
W 16703040
R 18800256
W 16703104
R 18800320
W 16703168
R 18800384
W 16703232
R 18800448
W 16703296
R 18800512
W 16703360
R 18800576
W 16703424
R 18800640
W 16703488
R 18800704
W 16703552
R 18800768
W 16703616
R 18800832
W 16703680
R 18800896
W 16703744
R 18800960
W 16703808
R 18801024
W 16703872
R 18801088
W 16703936
R 18801152
W 16704000
R 18801216
W 16704064
R 18801280
W 16704128
R 18801344
W 16704192
R 18801408
W 16704256
R 18801472
W 16704320
R 18801536
W 16704384
R 18801600
W 16704448
R 18801664
W 16704512
R 18801728
W 16704576
R 18801792
W 16704640
R 18801856
W 16704704
R 18801920
W 16704768
R 18801984
W 16704832
R 18802048
W 16704896
R 18802112
W 16704960
R 18802176
W 16705024
R 18802240
W 16705088
R 18802304
W 16705152
R 18802368
W 16705216
R 18802432
W 16705280
R 18802496
W 16705344
R 18802560
W 16705408
R 18802624
W 16705472
R 18802688
W 16705536
R 18802752
W 16705600
R 18802816
W 16705664
R 18802880
W 16705728
R 18802944
W 16705792
R 18803008
W 16705856
R 18803072
W 16705920
R 18803136
W 16705984
R 18803200
W 16706048
R 18803264
W 16706112
R 18803328
W 16706176
R 18803392
W 16706240
R 18803456
W 16706304
R 18803520
W 16706368
R 18803584
W 16706432
R 18803648
W 16706496
R 18803712
W 16706560
R 18803776
W 16706624
R 18803840
W 16706688
R 18803904
W 16706752
R 18803968
W 16706816
R 18804032
W 16706880
R 18804096
W 16706944
R 18804160
W 16707008
R 18804224
W 16707072
R 18804288
W 16707136
R 18804352
W 16707200
R 18804416
W 16707264
R 18804480
W 16707328
R 18804544
W 16707392
R 18804608
W 16707456
R 18804672
W 16707520
R 18804736
W 16707584
R 18804800
W 16707648
R 18804864
W 16707712
R 18804928
W 16707776
R 18804992
W 16707840
R 18805056
W 16707904
R 18805120
W 16707968
R 18805184
W 16708032
R 18805248
W 16708096
R 18805312
W 16708160
R 18805376
W 16708224
R 18805440
W 16708288
R 18805504
W 16708352
R 18805568
W 16708416
R 18805632
W 16708480
R 18805696
W 16708544
R 18805760
W 16708608
R 18805824
W 16708672
R 18805888
W 16708736
R 18805952
W 16708800
R 18806016
W 16708864
R 18806080
W 16708928
R 18806144
W 16708992
R 18806208
W 16709056
R 18806272
W 16709120
R 18806336
W 16709184
R 18806400
W 16709248
R 18806464
W 16709312
R 18806528
W 16709376
R 18806592
W 16709440
R 18806656
W 16709504
R 18806720
W 16709568
R 18806784
W 16709632
R 18806848
W 16709696
R 18806912
W 16709760
R 18806976
W 16709824
R 18807040
W 16709888
R 18807104
W 16709952
R 18807168
W 16710016
R 18807232
W 16710080
R 18807296
W 16710144
R 18807360
W 16710208
R 18807424
W 16710272
R 18807488
W 16710336
R 18807552
W 16710400
R 18807616
W 16710464
R 18807680
W 16710528
R 18807744
W 16710592
R 18807808
W 16710656
R 18807872
W 16710720
R 18807936
W 16710784
R 18808000
W 16710848
R 18808064
W 16710912
R 18808128
W 16710976
R 18808192
W 16711040
R 18808256
W 16711104
R 18808320
W 16711168
R 18808384
W 16711232
R 18808448
W 16711296
R 18808512
W 16711360
R 18808576
W 16711424
R 18808640
W 16711488
R 18808704
W 16711552
R 18808768
W 16711616
R 18808832
W 16711680
R 18808896
W 16711744
R 18808960
W 16711808
R 18809024
W 16711872
R 18809088
W 16711936
R 18809152
W 16712000
R 18809216
W 16712064
R 18809280
W 16712128
R 18809344
W 16712192
R 18809408
W 16712256
R 18809472
W 16712320
R 18809536
W 16712384
R 18809600
W 16712448
R 18809664
W 16712512
R 18809728
W 16712576
R 18809792
W 16712640
R 18809856
W 16712704
R 18809920
W 16712768
R 18809984
W 16712832
R 18810048
W 16712896
R 18810112
W 16712960
R 18810176
W 16713024
R 18810240
W 16713088
R 18810304
W 16713152
R 18810368
W 16713216
R 18810432
W 16713280
R 18810496
W 16713344
R 18810560
W 16713408
R 18810624
W 16713472
R 18810688
W 16713536
R 18810752
W 16713600
R 18810816
W 16713664
R 18810880
W 16713728
R 18810944
W 16713792
R 18811008
W 16713856
R 18811072
W 16713920
R 18811136
W 16713984
R 18811200
W 16714048
R 18811264
W 16714112
R 18811328
W 16714176
R 18811392
W 16714240
R 18811456
W 16714304
R 18811520
W 16714368
R 18811584
W 16714432
R 18811648
W 16714496
R 18811712
W 16714560
R 18811776
W 16714624
R 18811840
W 16714688
R 18811904
W 16714752
R 18811968
W 16714816
R 18812032
W 16714880
R 18812096
W 16714944
R 18812160
W 16715008
R 18812224
W 16715072
R 18812288
W 16715136
R 18812352
W 16715200
R 18812416
W 16715264
R 18812480
W 16715328
R 18812544
W 16715392
R 18812608
W 16715456
R 18812672
W 16715520
R 18812736
W 16715584
R 18812800
W 16715648
R 18812864
W 16715712
R 18812928
W 16715776
R 18812992
W 16715840
R 18813056
W 16715904
R 18813120
W 16715968
R 18813184
W 16716032
R 18813248
W 16716096
R 18813312
W 16716160
R 18813376
W 16716224
R 18813440
W 16716288
R 18813504
W 16716352
R 18813568
W 16716416
R 18813632
W 16716480
R 18813696
W 16716544
R 18813760
W 16716608
R 18813824
W 16716672
R 18813888
W 16716736
R 18813952
W 16716800
R 18814016
W 16716864
R 18814080
W 16716928
R 18814144
W 16716992
R 18814208
W 16717056
R 18814272
W 16717120
R 18814336
W 16717184
R 18814400
W 16717248
R 18814464
W 16717312
R 18814528
W 16717376
R 18814592
W 16717440
R 18814656
W 16717504
R 18814720
W 16717568
R 18814784
W 16717632
R 18814848
W 16717696
R 18814912
W 16717760
R 18814976
W 16717824
R 18815040
W 16717888
R 18815104
W 16717952
R 18815168
W 16718016
R 18815232
W 16718080
R 18815296
W 16718144
R 18815360
W 16718208
R 18815424
W 16718272
R 18815488
W 16718336
R 18815552
W 16718400
R 18815616
W 16718464
R 18815680
W 16718528
R 18815744
W 16718592
R 18815808
W 16718656
R 18815872
W 16718720
R 18815936
W 16718784
R 18816000
W 16718848
R 18816064
W 16718912
R 18816128
W 16718976
R 18816192
W 16719040
R 18816256
W 16719104
R 18816320
W 16719168
R 18816384
W 16719232
R 18816448
W 16719296
R 18816512
W 16719360
R 18816576
W 16719424
R 18816640
W 16719488
R 18816704
W 16719552
R 18816768
W 16719616
R 18816832
W 16719680
R 18816896
W 16719744
R 18816960
W 16719808
R 18817024
W 16719872
R 18817088
W 16719936
R 18817152
W 16720000
R 18817216
W 16720064
R 18817280
W 16720128
R 18817344
W 16720192
R 18817408
W 16720256
R 18817472
W 16720320
R 18817536
W 16720384
R 18817600
W 16720448
R 18817664
W 16720512
R 18817728
W 16720576
R 18817792
W 16720640
R 18817856
W 16720704
R 18817920
W 16720768
R 18817984
W 16720832
R 18818048
W 16720896
R 18818112
W 16720960
R 18818176
W 16721024
R 18818240
W 16721088
R 18818304
W 16721152
R 18818368
W 16721216
R 18818432
W 16721280
R 18818496
W 16721344
R 18818560
W 16721408
R 18818624
W 16721472
R 18818688
W 16721536
R 18818752
W 16721600
R 18818816
W 16721664
R 18818880
W 16721728
R 18818944
W 16721792
R 18819008
W 16721856
R 18819072
W 16721920
R 18819136
W 16721984
R 18819200
W 16722048
R 18819264
W 16722112
R 18819328
W 16722176
R 18819392
W 16722240
R 18819456
W 16722304
R 18819520
W 16722368
R 18819584
W 16722432
R 18819648
W 16722496
R 18819712
W 16722560
R 18819776
W 16722624
R 18819840
W 16722688
R 18819904
W 16722752
R 18819968
W 16722816
R 18820032
W 16722880
R 18820096
W 16722944
R 18820160
W 16723008
R 18820224
W 16723072
R 18820288
W 16723136
R 18820352
W 16723200
R 18820416
W 16723264
R 18820480
W 16723328
R 18820544
W 16723392
R 18820608
W 16723456
R 18820672
W 16723520
R 18820736
W 16723584
R 18820800
W 16723648
R 18820864
W 16723712
R 18820928
W 16723776
R 18820992
W 16723840
R 18821056
W 16723904
R 18821120
W 16723968
R 18821184
W 16724032
R 18821248
W 16724096
R 18821312
W 16724160
R 18821376
W 16724224
R 18821440
W 16724288
R 18821504
W 16724352
R 18821568
W 16724416
R 18821632
W 16724480
R 18821696
W 16724544
R 18821760
W 16724608
R 18821824
W 16724672
R 18821888
W 16724736
R 18821952
W 16724800
R 18822016
W 16724864
R 18822080
W 16724928
R 18822144
W 16724992
R 18822208
W 16725056
R 18822272
W 16725120
R 18822336
W 16725184
R 18822400
W 16725248
R 18822464
W 16725312
R 18822528
W 16725376
R 18822592
W 16725440
R 18822656
W 16725504
R 18822720
W 16725568
R 18822784
W 16725632
R 18822848
W 16725696
R 18822912
W 16725760
R 18822976
W 16725824
R 18823040
W 16725888
R 18823104
W 16725952
R 18823168
W 16726016
R 18823232
W 16726080
R 18823296
W 16726144
R 18823360
W 16726208
R 18823424
W 16726272
R 18823488
W 16726336
R 18823552
W 16726400
R 18823616
W 16726464
R 18823680
W 16726528
R 18823744
W 16726592
R 18823808
W 16726656
R 18823872
W 16726720
R 18823936
W 16726784
R 18824000
W 16726848
R 18824064
W 16726912
R 18824128
W 16726976
R 18824192
W 16727040
R 18824256
W 16727104
R 18824320
W 16727168
R 18824384
W 16727232
R 18824448
W 16727296
R 18824512
W 16727360
R 18824576
W 16727424
R 18824640
W 16727488
R 18824704
W 16727552
R 18824768
W 16727616
R 18824832
W 16727680
R 18824896
W 16727744
R 18824960
W 16727808
R 18825024
W 16727872
R 18825088
W 16727936
R 18825152
W 16728000
R 18825216
W 16728064
R 18825280
W 16728128
R 18825344
W 16728192
R 18825408
W 16728256
R 18825472
W 16728320
R 18825536
W 16728384
R 18825600
W 16728448
R 18825664
W 16728512
R 18825728
W 16728576
R 18825792
W 16728640
R 18825856
W 16728704
R 18825920
W 16728768
R 18825984
W 16728832
R 18826048
W 16728896
R 18826112
W 16728960
R 18826176
W 16729024
R 18826240
W 16729088
R 18826304
W 16729152
R 18826368
W 16729216
R 18826432
W 16729280
R 18826496
W 16729344
R 18826560
W 16729408
R 18826624
W 16729472
R 18826688
W 16729536
R 18826752
W 16729600
R 18826816
W 16729664
R 18826880
W 16729728
R 18826944
W 16729792
R 18827008
W 16729856
R 18827072
W 16729920
R 18827136
W 16729984
R 18827200
W 16730048
R 18827264
W 16730112
R 18827328
W 16730176
R 18827392
W 16730240
R 18827456
W 16730304
R 18827520
W 16730368
R 18827584
W 16730432
R 18827648
W 16730496
R 18827712
W 16730560
R 18827776
W 16730624
R 18827840
W 16730688
R 18827904
W 16730752
R 18827968
W 16730816
R 18828032
W 16730880
R 18828096
W 16730944
R 18828160
W 16731008
R 18828224
W 16731072
R 18828288
W 16731136
R 18828352
W 16731200
R 18828416
W 16731264
R 18828480
W 16731328
R 18828544
W 16731392
R 18828608
W 16731456
R 18828672
W 16731520
R 18828736
W 16731584
R 18828800
W 16731648
R 18828864
W 16731712
R 18828928
W 16731776
R 18828992
W 16731840
R 18829056
W 16731904
R 18829120
W 16731968
R 18829184
W 16732032
R 18829248
W 16732096
R 18829312
W 16732160
R 18829376
W 16732224
R 18829440
W 16732288
R 18829504
W 16732352
R 18829568
W 16732416
R 18829632
W 16732480
R 18829696
W 16732544
R 18829760
W 16732608
R 18829824
W 16732672
R 18829888
W 16732736
R 18829952
W 16732800
R 18830016
W 16732864
R 18830080
W 16732928
R 18830144
W 16732992
R 18830208
W 16733056
R 18830272
W 16733120
R 18830336
W 16733184
R 18830400
W 16733248
R 18830464
W 16733312
R 18830528
W 16733376
R 18830592
W 16733440
R 18830656
W 16733504
R 18830720
W 16733568
R 18830784
W 16733632
R 18830848
W 16733696
R 18830912
W 16733760
R 18830976
W 16733824
R 18831040
W 16733888
R 18831104
W 16733952
R 18831168
W 16734016
R 18831232
W 16734080
R 18831296
W 16734144
R 18831360
W 16734208
R 18831424
W 16734272
R 18831488
W 16734336
R 18831552
W 16734400
R 18831616
W 16734464
R 18831680
W 16734528
R 18831744
W 16734592
R 18831808
W 16734656
R 18831872
W 16734720
R 18831936
W 16734784
R 18832000
W 16734848
R 18832064
W 16734912
R 18832128
W 16734976
R 18832192
W 16735040
R 18832256
W 16735104
R 18832320
W 16735168
R 18832384
W 16735232
R 18832448
W 16735296
R 18832512
W 16735360
R 18832576
W 16735424
R 18832640
W 16735488
R 18832704
W 16735552
R 18832768
W 16735616
R 18832832
W 16735680
R 18832896
W 16735744
R 18832960
W 16735808
R 18833024
W 16735872
R 18833088
W 16735936
R 18833152
W 16736000
R 18833216
W 16736064
R 18833280
W 16736128
R 18833344
W 16736192
R 18833408
W 16736256
R 18833472
W 16736320
R 18833536
W 16736384
R 18833600
W 16736448
R 18833664
W 16736512
R 18833728
W 16736576
R 18833792
W 16736640
R 18833856
W 16736704
R 18833920
W 16736768
R 18833984
W 16736832
R 18834048
W 16736896
R 18834112
W 16736960
R 18834176
W 16737024
R 18834240
W 16737088
R 18834304
W 16737152
R 18834368
W 16737216
R 18834432
W 16737280
R 18834496
W 16737344
R 18834560
W 16737408
R 18834624
W 16737472
R 18834688
W 16737536
R 18834752
W 16737600
R 18834816
W 16737664
R 18834880
W 16737728
R 18834944
W 16737792
R 18835008
W 16737856
R 18835072
W 16737920
R 18835136
W 16737984
R 18835200
W 16738048
R 18835264
W 16738112
R 18835328
W 16738176
R 18835392
W 16738240
R 18835456
W 16738304
R 18835520
W 16738368
R 18835584
W 16738432
R 18835648
W 16738496
R 18835712
W 16738560
R 18835776
W 16738624
R 18835840
W 16738688
R 18835904
W 16738752
R 18835968
W 16738816
R 18836032
W 16738880
R 18836096
W 16738944
R 18836160
W 16739008
R 18836224
W 16739072
R 18836288
W 16739136
R 18836352
W 16739200
R 18836416
W 16739264
R 18836480
W 16739328
R 18836544
W 16739392
R 18836608
W 16739456
R 18836672
W 16739520
R 18836736
W 16739584
R 18836800
W 16739648
R 18836864
W 16739712
R 18836928
W 16739776
R 18836992
W 16739840
R 18837056
W 16739904
R 18837120
W 16739968
R 18837184
W 16740032
R 18837248
W 16740096
R 18837312
W 16740160
R 18837376
W 16740224
R 18837440
W 16740288
R 18837504
W 16740352
R 18837568
W 16740416
R 18837632
W 16740480
R 18837696
W 16740544
R 18837760
W 16740608
R 18837824
W 16740672
R 18837888
W 16740736
R 18837952
W 16740800
R 18838016
W 16740864
R 18838080
W 16740928
R 18838144
W 16740992
R 18838208
W 16741056
R 18838272
W 16741120
R 18838336
W 16741184
R 18838400
W 16741248
R 18838464
W 16741312
R 18838528
W 16741376
R 18838592
W 16741440
R 18838656
W 16741504
R 18838720
W 16741568
R 18838784
W 16741632
R 18838848
W 16741696
R 18838912
W 16741760
R 18838976
W 16741824
R 18839040
W 16741888
R 18839104
W 16741952
R 18839168
W 16742016
R 18839232
W 16742080
R 18839296
W 16742144
R 18839360
W 16742208
R 18839424
W 16742272
R 18839488
W 16742336
R 18839552
W 16742400
R 18839616
W 16742464
R 18839680
W 16742528
R 18839744
W 16742592
R 18839808
W 16742656
R 18839872
W 16742720
R 18839936
W 16742784
R 18840000
W 16742848
R 18840064
W 16742912
R 18840128
W 16742976
R 18840192
W 16743040
R 18840256
W 16743104
R 18840320
W 16743168
R 18840384
W 16743232
R 18840448
W 16743296
R 18840512
W 16743360
R 18840576
W 16743424
R 18840640
W 16743488
R 18840704
W 16743552
R 18840768
W 16743616
R 18840832
W 16743680
R 18840896
W 16743744
R 18840960
W 16743808
R 18841024
W 16743872
R 18841088
W 16743936
R 18841152
W 16744000
R 18841216
W 16744064
R 18841280
W 16744128
R 18841344
W 16744192
R 18841408
W 16744256
R 18841472
W 16744320
R 18841536
W 16744384
R 18841600
W 16744448
R 18841664
W 16744512
R 18841728
W 16744576
R 18841792
W 16744640
R 18841856
W 16744704
R 18841920
W 16744768
R 18841984
W 16744832
R 18842048
W 16744896
R 18842112
W 16744960
R 18842176
W 16745024
R 18842240
W 16745088
R 18842304
W 16745152
R 18842368
W 16745216
R 18842432
W 16745280
R 18842496
W 16745344
R 18842560
W 16745408
R 18842624
W 16745472
R 18842688
W 16745536
R 18842752
W 16745600
R 18842816
W 16745664
R 18842880
W 16745728
R 18842944
W 16745792
R 18843008
W 16745856
R 18843072
W 16745920
R 18843136
W 16745984
R 18843200
W 16746048
R 18843264
W 16746112
R 18843328
W 16746176
R 18843392
W 16746240
R 18843456
W 16746304
R 18843520
W 16746368
R 18843584
W 16746432
R 18843648
W 16746496
R 18843712
W 16746560
R 18843776
W 16746624
R 18843840
W 16746688
R 18843904
W 16746752
R 18843968
W 16746816
R 18844032
W 16746880
R 18844096
W 16746944
R 18844160
W 16747008
R 18844224
W 16747072
R 18844288
W 16747136
R 18844352
W 16747200
R 18844416
W 16747264
R 18844480
W 16747328
R 18844544
W 16747392
R 18844608
W 16747456
R 18844672
W 16747520
R 18844736
W 16747584
R 18844800
W 16747648
R 18844864
W 16747712
R 18844928
W 16747776
R 18844992
W 16747840
R 18845056
W 16747904
R 18845120
W 16747968
R 18845184
W 16748032
R 18845248
W 16748096
R 18845312
W 16748160
R 18845376
W 16748224
R 18845440
W 16748288
R 18845504
W 16748352
R 18845568
W 16748416
R 18845632
W 16748480
R 18845696
W 16748544
R 18845760
W 16748608
R 18845824
W 16748672
R 18845888
W 16748736
R 18845952
W 16748800
R 18846016
W 16748864
R 18846080
W 16748928
R 18846144
W 16748992
R 18846208
W 16749056
R 18846272
W 16749120
R 18846336
W 16749184
R 18846400
W 16749248
R 18846464
W 16749312
R 18846528
W 16749376
R 18846592
W 16749440
R 18846656
W 16749504
R 18846720
W 16749568
R 18846784
W 16749632
R 18846848
W 16749696
R 18846912
W 16749760
R 18846976
W 16749824
R 18847040
W 16749888
R 18847104
W 16749952
R 18847168
W 16750016
R 18847232
W 16750080
R 18847296
W 16750144
R 18847360
W 16750208
R 18847424
W 16750272
R 18847488
W 16750336
R 18847552
W 16750400
R 18847616
W 16750464
R 18847680
W 16750528
R 18847744
W 16750592
R 18847808
W 16750656
R 18847872
W 16750720
R 18847936
W 16750784
R 18848000
W 16750848
R 18848064
W 16750912
R 18848128
W 16750976
R 18848192
W 16751040
R 18848256
W 16751104
R 18848320
W 16751168
R 18848384
W 16751232
R 18848448
W 16751296
R 18848512
W 16751360
R 18848576
W 16751424
R 18848640
W 16751488
R 18848704
W 16751552
R 18848768
W 16751616
R 18848832
W 16751680
R 18848896
W 16751744
R 18848960
W 16751808
R 18849024
W 16751872
R 18849088
W 16751936
R 18849152
W 16752000
R 18849216
W 16752064
R 18849280
W 16752128
R 18849344
W 16752192
R 18849408
W 16752256
R 18849472
W 16752320
R 18849536
W 16752384
R 18849600
W 16752448
R 18849664
W 16752512
R 18849728
W 16752576
R 18849792
W 16752640
R 18849856
W 16752704
R 18849920
W 16752768
R 18849984
W 16752832
R 18850048
W 16752896
R 18850112
W 16752960
R 18850176
W 16753024
R 18850240
W 16753088
R 18850304
W 16753152
R 18850368
W 16753216
R 18850432
W 16753280
R 18850496
W 16753344
R 18850560
W 16753408
R 18850624
W 16753472
R 18850688
W 16753536
R 18850752
W 16753600
R 18850816
W 16753664
R 18850880
W 16753728
R 18850944
W 16753792
R 18851008
W 16753856
R 18851072
W 16753920
R 18851136
W 16753984
R 18851200
W 16754048
R 18851264
W 16754112
R 18851328
W 16754176
R 18851392
W 16754240
R 18851456
W 16754304
R 18851520
W 16754368
R 18851584
W 16754432
R 18851648
W 16754496
R 18851712
W 16754560
R 18851776
W 16754624
R 18851840
W 16754688
R 18851904
W 16754752
R 18851968
W 16754816
R 18852032
W 16754880
R 18852096
W 16754944
R 18852160
W 16755008
R 18852224
W 16755072
R 18852288
W 16755136
R 18852352
W 16755200
R 18852416
W 16755264
R 18852480
W 16755328
R 18852544
W 16755392
R 18852608
W 16755456
R 18852672
W 16755520
R 18852736
W 16755584
R 18852800
W 16755648
R 18852864
W 16755712
R 18852928
W 16755776
R 18852992
W 16755840
R 18853056
W 16755904
R 18853120
W 16755968
R 18853184
W 16756032
R 18853248
W 16756096
R 18853312
W 16756160
R 18853376
W 16756224
R 18853440
W 16756288
R 18853504
W 16756352
R 18853568
W 16756416
R 18853632
W 16756480
R 18853696
W 16756544
R 18853760
W 16756608
R 18853824
W 16756672
R 18853888
W 16756736
R 18853952
W 16756800
R 18854016
W 16756864
R 18854080
W 16756928
R 18854144
W 16756992
R 18854208
W 16757056
R 18854272
W 16757120
R 18854336
W 16757184
R 18854400
W 16757248
R 18854464
W 16757312
R 18854528
W 16757376
R 18854592
W 16757440
R 18854656
W 16757504
R 18854720
W 16757568
R 18854784
W 16757632
R 18854848
W 16757696
R 18854912
W 16757760
R 18854976
W 16757824
R 18855040
W 16757888
R 18855104
W 16757952
R 18855168
W 16758016
R 18855232
W 16758080
R 18855296
W 16758144
R 18855360
W 16758208
R 18855424
W 16758272
R 18855488
W 16758336
R 18855552
W 16758400
R 18855616
W 16758464
R 18855680
W 16758528
R 18855744
W 16758592
R 18855808
W 16758656
R 18855872
W 16758720
R 18855936
W 16758784
R 18856000
W 16758848
R 18856064
W 16758912
R 18856128
W 16758976
R 18856192
W 16759040
R 18856256
W 16759104
R 18856320
W 16759168
R 18856384
W 16759232
R 18856448
W 16759296
R 18856512
W 16759360
R 18856576
W 16759424
R 18856640
W 16759488
R 18856704
W 16759552
R 18856768
W 16759616
R 18856832
W 16759680
R 18856896
W 16759744
R 18856960
W 16759808
R 18857024
W 16759872
R 18857088
W 16759936
R 18857152
W 16760000
R 18857216
W 16760064
R 18857280
W 16760128
R 18857344
W 16760192
R 18857408
W 16760256
R 18857472
W 16760320
R 18857536
W 16760384
R 18857600
W 16760448
R 18857664
W 16760512
R 18857728
W 16760576
R 18857792
W 16760640
R 18857856
W 16760704
R 18857920
W 16760768
R 18857984
W 16760832
R 18858048
W 16760896
R 18858112
W 16760960
R 18858176
W 16761024
R 18858240
W 16761088
R 18858304
W 16761152
R 18858368
W 16761216
R 18858432
W 16761280
R 18858496
W 16761344
R 18858560
W 16761408
R 18858624
W 16761472
R 18858688
W 16761536
R 18858752
W 16761600
R 18858816
W 16761664
R 18858880
W 16761728
R 18858944
W 16761792
R 18859008
W 16761856
R 18859072
W 16761920
R 18859136
W 16761984
R 18859200
W 16762048
R 18859264
W 16762112
R 18859328
W 16762176
R 18859392
W 16762240
R 18859456
W 16762304
R 18859520
W 16762368
R 18859584
W 16762432
R 18859648
W 16762496
R 18859712
W 16762560
R 18859776
W 16762624
R 18859840
W 16762688
R 18859904
W 16762752
R 18859968
W 16762816
R 18860032
W 16762880
R 18860096
W 16762944
R 18860160
W 16763008
R 18860224
W 16763072
R 18860288
W 16763136
R 18860352
W 16763200
R 18860416
W 16763264
R 18860480
W 16763328
R 18860544
W 16763392
R 18860608
W 16763456
R 18860672
W 16763520
R 18860736
W 16763584
R 18860800
W 16763648
R 18860864
W 16763712
R 18860928
W 16763776
R 18860992
W 16763840
R 18861056
W 16763904
R 18861120
W 16763968
R 18861184
W 16764032
R 18861248
W 16764096
R 18861312
W 16764160
R 18861376
W 16764224
R 18861440
W 16764288
R 18861504
W 16764352
R 18861568
W 16764416
R 18861632
W 16764480
R 18861696
W 16764544
R 18861760
W 16764608
R 18861824
W 16764672
R 18861888
W 16764736
R 18861952
W 16764800
R 18862016
W 16764864
R 18862080
W 16764928
R 18862144
W 16764992
R 18862208
W 16765056
R 18862272
W 16765120
R 18862336
W 16765184
R 18862400
W 16765248
R 18862464
W 16765312
R 18862528
W 16765376
R 18862592
W 16765440
R 18862656
W 16765504
R 18862720
W 16765568
R 18862784
W 16765632
R 18862848
W 16765696
R 18862912
W 16765760
R 18862976
W 16765824
R 18863040
W 16765888
R 18863104
W 16765952
R 18863168
W 16766016
R 18863232
W 16766080
R 18863296
W 16766144
R 18863360
W 16766208
R 18863424
W 16766272
R 18863488
W 16766336
R 18863552
W 16766400
R 18863616
W 16766464
R 18863680
W 16766528
R 18863744
W 16766592
R 18863808
W 16766656
R 18863872
W 16766720
R 18863936
W 16766784
R 18864000
W 16766848
R 18864064
W 16766912
R 18864128
W 16766976
R 18864192
W 16767040
R 18864256
W 16767104
R 18864320
W 16767168
R 18864384
W 16767232
R 18864448
W 16767296
R 18864512
W 16767360
R 18864576
W 16767424
R 18864640
W 16767488
R 18864704
W 16767552
R 18864768
W 16767616
R 18864832
W 16767680
R 18864896
W 16767744
R 18864960
W 16767808
R 18865024
W 16767872
R 18865088
W 16767936
R 18865152
W 16768000
R 18865216
W 16768064
R 18865280
W 16768128
R 18865344
W 16768192
R 18865408
W 16768256
R 18865472
W 16768320
R 18865536
W 16768384
R 18865600
W 16768448
R 18865664
W 16768512
R 18865728
W 16768576
R 18865792
W 16768640
R 18865856
W 16768704
R 18865920
W 16768768
R 18865984
W 16768832
R 18866048
W 16768896
R 18866112
W 16768960
R 18866176
W 16769024
R 18866240
W 16769088
R 18866304
W 16769152
R 18866368
W 16769216
R 18866432
W 16769280
R 18866496
W 16769344
R 18866560
W 16769408
R 18866624
W 16769472
R 18866688
W 16769536
R 18866752
W 16769600
R 18866816
W 16769664
R 18866880
W 16769728
R 18866944
W 16769792
R 18867008
W 16769856
R 18867072
W 16769920
R 18867136
W 16769984
R 18867200
W 16770048
R 18867264
W 16770112
R 18867328
W 16770176
R 18867392
W 16770240
R 18867456
W 16770304
R 18867520
W 16770368
R 18867584
W 16770432
R 18867648
W 16770496
R 18867712
W 16770560
R 18867776
W 16770624
R 18867840
W 16770688
R 18867904
W 16770752
R 18867968
W 16770816
R 18868032
W 16770880
R 18868096
W 16770944
R 18868160
W 16771008
R 18868224
W 16771072
R 18868288
W 16771136
R 18868352
W 16771200
R 18868416
W 16771264
R 18868480
W 16771328
R 18868544
W 16771392
R 18868608
W 16771456
R 18868672
W 16771520
R 18868736
W 16771584
R 18868800
W 16771648
R 18868864
W 16771712
R 18868928
W 16771776
R 18868992
W 16771840
R 18869056
W 16771904
R 18869120
W 16771968
R 18869184
W 16772032
R 18869248
W 16772096
R 18869312
W 16772160
R 18869376
W 16772224
R 18869440
W 16772288
R 18869504
W 16772352
R 18869568
W 16772416
R 18869632
W 16772480
R 18869696
W 16772544
R 18869760
W 16772608
R 18869824
W 16772672
R 18869888
W 16772736
R 18869952
W 16772800
R 18870016
W 16772864
R 18870080
W 16772928
R 18870144
W 16772992
R 18870208
W 16773056
R 18870272
W 16773120
R 18870336
W 16773184
R 18870400
W 16773248
R 18870464
W 16773312
R 18870528
W 16773376
R 18870592
W 16773440
R 18870656
W 16773504
R 18870720
W 16773568
R 18870784
W 16773632
R 18870848
W 16773696
R 18870912
W 16773760
R 18870976
W 16773824
R 18871040
W 16773888
R 18871104
W 16773952
R 18871168
W 16774016
R 18871232
W 16774080
R 18871296
W 16774144
R 18871360
W 16774208
R 18871424
W 16774272
R 18871488
W 16774336
R 18871552
W 16774400
R 18871616
W 16774464
R 18871680
W 16774528
R 18871744
W 16774592
R 18871808
W 16774656
R 18871872
W 16774720
R 18871936
W 16774784
R 18872000
W 16774848
R 18872064
W 16774912
R 18872128
W 16774976
R 18872192
W 16775040
R 18872256
W 16775104
R 18872320
W 16775168
R 18872384
W 16775232
R 18872448
W 16775296
R 18872512
W 16775360
R 18872576
W 16775424
R 18872640
W 16775488
R 18872704
W 16775552
R 18872768
W 16775616
R 18872832
W 16775680
R 18872896
W 16775744
R 18872960
W 16775808
R 18873024
W 16775872
R 18873088
W 16775936
R 18873152
W 16776000
R 18873216
W 16776064
R 18873280
W 16776128
R 18873344
W 16776192
R 18873408
W 16776256
R 18873472
W 16776320
R 18873536
W 16776384
R 18873600
W 16776448
R 18873664
W 16776512
R 18873728
W 16776576
R 18873792
W 16776640
R 18873856
W 16776704
R 18873920
W 16776768
R 18873984
W 16776832
R 18874048
W 16776896
R 18874112
W 16776960
R 18874176
W 16777024
R 18874240
W 16777088
R 18874304
W 16777152
R 18874368
W 16777216
R 18874432
W 16777280
R 18874496
W 16777344
R 18874560
W 16777408
R 18874624
W 16777472
R 18874688
W 16777536
R 18874752
W 16777600
R 18874816
W 16777664
R 18874880
W 16777728
R 18874944
W 16777792
R 18875008
W 16777856
R 18875072
W 16777920
R 18875136
W 16777984
R 18875200
W 16778048
R 18875264
W 16778112
R 18875328
W 16778176
R 18875392
W 16778240
R 18875456
W 16778304
R 18875520
W 16778368
R 18875584
W 16778432
R 18875648
W 16778496
R 18875712
W 16778560
R 18875776
W 16778624
R 18875840
W 16778688
R 18875904
W 16778752
R 18875968
W 16778816
R 18876032
W 16778880
R 18876096
W 16778944
R 18876160
W 16779008
R 18876224
W 16779072
R 18876288
W 16779136
R 18876352
W 16779200
R 18876416
W 16779264
R 18876480
W 16779328
R 18876544
W 16779392
R 18876608
W 16779456
R 18876672
W 16779520
R 18876736
W 16779584
R 18876800
W 16779648
R 18876864
W 16779712
R 18876928
W 16779776
R 18876992
W 16779840
R 18877056
W 16779904
R 18877120
W 16779968
R 18877184
W 16780032
R 18877248
W 16780096
R 18877312
W 16780160
R 18877376
W 16780224
R 18877440
W 16780288
R 18877504
W 16780352
R 18877568
W 16780416
R 18877632
W 16780480
R 18877696
W 16780544
R 18877760
W 16780608
R 18877824
W 16780672
R 18877888
W 16780736
R 18877952
W 16780800
R 18878016
W 16780864
R 18878080
W 16780928
R 18878144
W 16780992
R 18878208
W 16781056
R 18878272
W 16781120
R 18878336
W 16781184
R 18878400
W 16781248
R 18878464
W 16781312
R 18878528
W 16781376
R 18878592
W 16781440
R 18878656
W 16781504
R 18878720
W 16781568
R 18878784
W 16781632
R 18878848
W 16781696
R 18878912
W 16781760
R 18878976
W 16781824
R 18879040
W 16781888
R 18879104
W 16781952
R 18879168
W 16782016
R 18879232
W 16782080
R 18879296
W 16782144
R 18879360
W 16782208
R 18879424
W 16782272
R 18879488
W 16782336
R 18879552
W 16782400
R 18879616
W 16782464
R 18879680
W 16782528
R 18879744
W 16782592
R 18879808
W 16782656
R 18879872
W 16782720
R 18879936
W 16782784
R 18880000
W 16782848
R 18880064
W 16782912
R 18880128
W 16782976
R 18880192
W 16783040
R 18880256
W 16783104
R 18880320
W 16783168
R 18880384
W 16783232
R 18880448
W 16783296
R 18880512
W 16783360
R 18880576
W 16783424
R 18880640
W 16783488
R 18880704
W 16783552
R 18880768
W 16783616
R 18880832
W 16783680
R 18880896
W 16783744
R 18880960
W 16783808
R 18881024
W 16783872
R 18881088
W 16783936
R 18881152
W 16784000
R 18881216
W 16784064
R 18881280
W 16784128
R 18881344
W 16784192
R 18881408
W 16784256
R 18881472
W 16784320
R 18881536
W 16784384
R 18881600
W 16784448
R 18881664
W 16784512
R 18881728
W 16784576
R 18881792
W 16784640
R 18881856
W 16784704
R 18881920
W 16784768
R 18881984
W 16784832
R 18882048
W 16784896
R 18882112
W 16784960
R 18882176
W 16785024
R 18882240
W 16785088
R 18882304
W 16785152
R 18882368
W 16785216
R 18882432
W 16785280
R 18882496
W 16785344
R 18882560
W 16785408
R 18882624
W 16785472
R 18882688
W 16785536
R 18882752
W 16785600
R 18882816
W 16785664
R 18882880
W 16785728
R 18882944
W 16785792
R 18883008
W 16785856
R 18883072
W 16785920
R 18883136
W 16785984
R 18883200
W 16786048
R 18883264
W 16786112
R 18883328
W 16786176
R 18883392
W 16786240
R 18883456
W 16786304
R 18883520
W 16786368
R 18883584
W 16786432
R 18883648
W 16786496
R 18883712
W 16786560
R 18883776
W 16786624
R 18883840
W 16786688
R 18883904
W 16786752
R 18883968
W 16786816
R 18884032
W 16786880
R 18884096
W 16786944
R 18884160
W 16787008
R 18884224
W 16787072
R 18884288
W 16787136
R 18884352
W 16787200
R 18884416
W 16787264
R 18884480
W 16787328
R 18884544
W 16787392
R 18884608
W 16787456
R 18884672
W 16787520
R 18884736
W 16787584
R 18884800
W 16787648
R 18884864
W 16787712
R 18884928
W 16787776
R 18884992
W 16787840
R 18885056
W 16787904
R 18885120
W 16787968
R 18885184
W 16788032
R 18885248
W 16788096
R 18885312
W 16788160
R 18885376
W 16788224
R 18885440
W 16788288
R 18885504
W 16788352
R 18885568
W 16788416
R 18885632
W 16788480
R 18885696
W 16788544
R 18885760
W 16788608
R 18885824
W 16788672
R 18885888
W 16788736
R 18885952
W 16788800
R 18886016
W 16788864
R 18886080
W 16788928
R 18886144
W 16788992
R 18886208
W 16789056
R 18886272
W 16789120
R 18886336
W 16789184
R 18886400
W 16789248
R 18886464
W 16789312
R 18886528
W 16789376
R 18886592
W 16789440
R 18886656
W 16789504
R 18886720
W 16789568
R 18886784
W 16789632
R 18886848
W 16789696
R 18886912
W 16789760
R 18886976
W 16789824
R 18887040
W 16789888
R 18887104
W 16789952
R 18887168
W 16790016
R 18887232
W 16790080
R 18887296
W 16790144
R 18887360
W 16790208
R 18887424
W 16790272
R 18887488
W 16790336
R 18887552
W 16790400
R 18887616
W 16790464
R 18887680
W 16790528
R 18887744
W 16790592
R 18887808
W 16790656
R 18887872
W 16790720
R 18887936
W 16790784
R 18888000
W 16790848
R 18888064
W 16790912
R 18888128
W 16790976
R 18888192
W 16791040
R 18888256
W 16791104
R 18888320
W 16791168
R 18888384
W 16791232
R 18888448
W 16791296
R 18888512
W 16791360
R 18888576
W 16791424
R 18888640
W 16791488
R 18888704
W 16791552
R 18888768
W 16791616
R 18888832
W 16791680
R 18888896
W 16791744
R 18888960
W 16791808
R 18889024
W 16791872
R 18889088
W 16791936
R 18889152
W 16792000
R 18889216
W 16792064
R 18889280
W 16792128
R 18889344
W 16792192
R 18889408
W 16792256
R 18889472
W 16792320
R 18889536
W 16792384
R 18889600
W 16792448
R 18889664
W 16792512
R 18889728
W 16792576
R 18889792
W 16792640
R 18889856
W 16792704
R 18889920
W 16792768
R 18889984
W 16792832
R 18890048
W 16792896
R 18890112
W 16792960
R 18890176
W 16793024
R 18890240
W 16793088
R 18890304
W 16793152
R 18890368
W 16793216
R 18890432
W 16793280
R 18890496
W 16793344
R 18890560
W 16793408
R 18890624
W 16793472
R 18890688
W 16793536
R 18890752
W 16793600
R 18890816
W 16793664
R 18890880
W 16793728
R 18890944
W 16793792
R 18891008
W 16793856
R 18891072
W 16793920
R 18891136
W 16793984
R 18891200
W 16794048
R 18891264
W 16794112
R 18891328
W 16794176
R 18891392
W 16794240
R 18891456
W 16794304
R 18891520
W 16794368
R 18891584
W 16794432
R 18891648
W 16794496
R 18891712
W 16794560
R 18891776
W 16794624
R 18891840
W 16794688
R 18891904
W 16794752
R 18891968
W 16794816
R 18892032
W 16794880
R 18892096
W 16794944
R 18892160
W 16795008
R 18892224
W 16795072
R 18892288
W 16795136
R 18892352
W 16795200
R 18892416
W 16795264
R 18892480
W 16795328
R 18892544
W 16795392
R 18892608
W 16795456
R 18892672
W 16795520
R 18892736
W 16795584
R 18892800
W 16795648
R 18892864
W 16795712
R 18892928
W 16795776
R 18892992
W 16795840
R 18893056
W 16795904
R 18893120
W 16795968
R 18893184
W 16796032
R 18893248
W 16796096
R 18893312
W 16796160
R 18893376
W 16796224
R 18893440
W 16796288
R 18893504
W 16796352
R 18893568
W 16796416
R 18893632
W 16796480
R 18893696
W 16796544
R 18893760
W 16796608
R 18893824
W 16796672
R 18893888
W 16796736
R 18893952
W 16796800
R 18894016
W 16796864
R 18894080
W 16796928
R 18894144
W 16796992
R 18894208
W 16797056
R 18894272
W 16797120
R 18894336
W 16797184
R 18894400
W 16797248
R 18894464
W 16797312
R 18894528
W 16797376
R 18894592
W 16797440
R 18894656
W 16797504
R 18894720
W 16797568
R 18894784
W 16797632
R 18894848
W 16797696
R 18894912
W 16797760
R 18894976
W 16797824
R 18895040
W 16797888
R 18895104
W 16797952
R 18895168
W 16798016
R 18895232
W 16798080
R 18895296
W 16798144
R 18895360
W 16798208
R 18895424
W 16798272
R 18895488
W 16798336
R 18895552
W 16798400
R 18895616
W 16798464
R 18895680
W 16798528
R 18895744
W 16798592
R 18895808
W 16798656
R 18895872
W 16798720
R 18895936
W 16798784
R 18896000
W 16798848
R 18896064
W 16798912
R 18896128
W 16798976
R 18896192
W 16799040
R 18896256
W 16799104
R 18896320
W 16799168
R 18896384
W 16799232
R 18896448
W 16799296
R 18896512
W 16799360
R 18896576
W 16799424
R 18896640
W 16799488
R 18896704
W 16799552
R 18896768
W 16799616
R 18896832
W 16799680
R 18896896
W 16799744
R 18896960
W 16799808
R 18897024
W 16799872
R 18897088
W 16799936
R 18897152
W 16800000
R 18897216
W 16800064
R 18897280
W 16800128
R 18897344
W 16800192
R 18897408
W 16800256
R 18897472
W 16800320
R 18897536
W 16800384
R 18897600
W 16800448
R 18897664
W 16800512
R 18897728
W 16800576
R 18897792
W 16800640
R 18897856
W 16800704
R 18897920
W 16800768
R 18897984
W 16800832
R 18898048
W 16800896
R 18898112
W 16800960
R 18898176
W 16801024
R 18898240
W 16801088
R 18898304
W 16801152
R 18898368
W 16801216
R 18898432
W 16801280
R 18898496
W 16801344
R 18898560
W 16801408
R 18898624
W 16801472
R 18898688
W 16801536
R 18898752
W 16801600
R 18898816
W 16801664
R 18898880
W 16801728
R 18898944
W 16801792
R 18899008
W 16801856
R 18899072
W 16801920
R 18899136
W 16801984
R 18899200
W 16802048
R 18899264
W 16802112
R 18899328
W 16802176
R 18899392
W 16802240
R 18899456
W 16802304
R 18899520
W 16802368
R 18899584
W 16802432
R 18899648
W 16802496
R 18899712
W 16802560
R 18899776
W 16802624
R 18899840
W 16802688
R 18899904
W 16802752
R 18899968
W 16802816
R 18900032
W 16802880
R 18900096
W 16802944
R 18900160
W 16803008
R 18900224
W 16803072
R 18900288
W 16803136
R 18900352
W 16803200
R 18900416
W 16803264
R 18900480
W 16803328
R 18900544
W 16803392
R 18900608
W 16803456
R 18900672
W 16803520
R 18900736
W 16803584
R 18900800
W 16803648
R 18900864
W 16803712
R 18900928
W 16803776
R 18900992
W 16803840
R 18901056
W 16803904
R 18901120
W 16803968
R 18901184
W 16804032
R 18901248
W 16804096
R 18901312
W 16804160
R 18901376
W 16804224
R 18901440
W 16804288
R 18901504
W 16804352
R 18901568
W 16804416
R 18901632
W 16804480
R 18901696
W 16804544
R 18901760
W 16804608
R 18901824
W 16804672
R 18901888
W 16804736
R 18901952
W 16804800
R 18902016
W 16804864
R 18902080
W 16804928
R 18902144
W 16804992
R 18902208
W 16805056
R 18902272
W 16805120
R 18902336
W 16805184
R 18902400
W 16805248
R 18902464
W 16805312
R 18902528
W 16805376
R 18902592
W 16805440
R 18902656
W 16805504
R 18902720
W 16805568
R 18902784
W 16805632
R 18902848
W 16805696
R 18902912
W 16805760
R 18902976
W 16805824
R 18903040
W 16805888
R 18903104
W 16805952
R 18903168
W 16806016
R 18903232
W 16806080
R 18903296
W 16806144
R 18903360
W 16806208
R 18903424
W 16806272
R 18903488
W 16806336
R 18903552
W 16806400
R 18903616
W 16806464
R 18903680
W 16806528
R 18903744
W 16806592
R 18903808
W 16806656
R 18903872
W 16806720
R 18903936
W 16806784
R 18904000
W 16806848
R 18904064
W 16806912
R 18904128
W 16806976
R 18904192
W 16807040
R 18904256
W 16807104
R 18904320
W 16807168
R 18904384
W 16807232
R 18904448
W 16807296
R 18904512
W 16807360
R 18904576
W 16807424
R 18904640
W 16807488
R 18904704
W 16807552
R 18904768
W 16807616
R 18904832
W 16807680
R 18904896
W 16807744
R 18904960
W 16807808
R 18905024
W 16807872
R 18905088
W 16807936
R 18905152
W 16808000
R 18905216
W 16808064
R 18905280
W 16808128
R 18905344
W 16808192
R 18905408
W 16808256
R 18905472
W 16808320
R 18905536
W 16808384
R 18905600
W 16808448
R 18905664
W 16808512
R 18905728
W 16808576
R 18905792
W 16808640
R 18905856
W 16808704
R 18905920
W 16808768
R 18905984
W 16808832
R 18906048
W 16808896
R 18906112
W 16808960
R 18906176
W 16809024
R 18906240
W 16809088
R 18906304
W 16809152
R 18906368
W 16809216
R 18906432
W 16809280
R 18906496
W 16809344
R 18906560
W 16809408
R 18906624
W 16809472
R 18906688
W 16809536
R 18906752
W 16809600
R 18906816
W 16809664
R 18906880
W 16809728
R 18906944
W 16809792
R 18907008
W 16809856
R 18907072
W 16809920
R 18907136
W 16809984
R 18907200
W 16810048
R 18907264
W 16810112
R 18907328
W 16810176
R 18907392
W 16810240
R 18907456
W 16810304
R 18907520
W 16810368
R 18907584
W 16810432
R 18907648
W 16810496
R 18907712
W 16810560
R 18907776
W 16810624
R 18907840
W 16810688
R 18907904
W 16810752
R 18907968
W 16810816
R 18908032
W 16810880
R 18908096
W 16810944
R 18908160
W 16811008
R 18908224
W 16811072
R 18908288
W 16811136
R 18908352
W 16811200
R 18908416
W 16811264
R 18908480
W 16811328
R 18908544
W 16811392
R 18908608
W 16811456
R 18908672
W 16811520
R 18908736
W 16811584
R 18908800
W 16811648
R 18908864
W 16811712
R 18908928
W 16811776
R 18908992
W 16811840
R 18909056
W 16811904
R 18909120
W 16811968
R 18909184
W 16812032
R 18909248
W 16812096
R 18909312
W 16812160
R 18909376
W 16812224
R 18909440
W 16812288
R 18909504
W 16812352
R 18909568
W 16812416
R 18909632
W 16812480
R 18909696
W 16812544
R 18909760
W 16812608
R 18909824
W 16812672
R 18909888
W 16812736
R 18909952
W 16812800
R 18910016
W 16812864
R 18910080
W 16812928
R 18910144
W 16812992
R 18910208
W 16813056
R 18910272
W 16813120
R 18910336
W 16813184
R 18910400
W 16813248
R 18910464
W 16813312
R 18910528
W 16813376
R 18910592
W 16813440
R 18910656
W 16813504
R 18910720
W 16813568
R 18910784
W 16813632
R 18910848
W 16813696
R 18910912
W 16813760
R 18910976
W 16813824
R 18911040
W 16813888
R 18911104
W 16813952
R 18911168
W 16814016
R 18911232
W 16814080
R 18911296
W 16814144
R 18911360
W 16814208
R 18911424
W 16814272
R 18911488
W 16814336
R 18911552
W 16814400
R 18911616
W 16814464
R 18911680
W 16814528
R 18911744
W 16814592
R 18911808
W 16814656
R 18911872
W 16814720
R 18911936
W 16814784
R 18912000
W 16814848
R 18912064
W 16814912
R 18912128
W 16814976
R 18912192
W 16815040
R 18912256
W 16815104
R 18912320
W 16815168
R 18912384
W 16815232
R 18912448
W 16815296
R 18912512
W 16815360
R 18912576
W 16815424
R 18912640
W 16815488
R 18912704
W 16815552
R 18912768
W 16815616
R 18912832
W 16815680
R 18912896
W 16815744
R 18912960
W 16815808
R 18913024
W 16815872
R 18913088
W 16815936
R 18913152
W 16816000
R 18913216
W 16816064
R 18913280
W 16816128
R 18913344
W 16816192
R 18913408
W 16816256
R 18913472
W 16816320
R 18913536
W 16816384
R 18913600
W 16816448
R 18913664
W 16816512
R 18913728
W 16816576
R 18913792
W 16816640
R 18913856
W 16816704
R 18913920
W 16816768
R 18913984
W 16816832
R 18914048
W 16816896
R 18914112
W 16816960
R 18914176
W 16817024
R 18914240
W 16817088
R 18914304
W 16817152
R 18914368
W 16817216
R 18914432
W 16817280
R 18914496
W 16817344
R 18914560
W 16817408
R 18914624
W 16817472
R 18914688
W 16817536
R 18914752
W 16817600
R 18914816
W 16817664
R 18914880
W 16817728
R 18914944
W 16817792
R 18915008
W 16817856
R 18915072
W 16817920
R 18915136
W 16817984
R 18915200
W 16818048
R 18915264
W 16818112
R 18915328
W 16818176
R 18915392
W 16818240
R 18915456
W 16818304
R 18915520
W 16818368
R 18915584
W 16818432
R 18915648
W 16818496
R 18915712
W 16818560
R 18915776
W 16818624
R 18915840
W 16818688
R 18915904
W 16818752
R 18915968
W 16818816
R 18916032
W 16818880
R 18916096
W 16818944
R 18916160
W 16819008
R 18916224
W 16819072
R 18916288
W 16819136
R 18916352
W 16819200
R 18916416
W 16819264
R 18916480
W 16819328
R 18916544
W 16819392
R 18916608
W 16819456
R 18916672
W 16819520
R 18916736
W 16819584
R 18916800
W 16819648
R 18916864
W 16819712
R 18916928
W 16819776
R 18916992
W 16819840
R 18917056
W 16819904
R 18917120
W 16819968
R 18917184
W 16820032
R 18917248
W 16820096
R 18917312
W 16820160
R 18917376
W 16820224
R 18917440
W 16820288
R 18917504
W 16820352
R 18917568
W 16820416
R 18917632
W 16820480
R 18917696
W 16820544
R 18917760
W 16820608
R 18917824
W 16820672
R 18917888
W 16820736
R 18917952
W 16820800
R 18918016
W 16820864
R 18918080
W 16820928
R 18918144
W 16820992
R 18918208
W 16821056
R 18918272
W 16821120
R 18918336
W 16821184
R 18918400
W 16821248
R 18918464
W 16821312
R 18918528
W 16821376
R 18918592
W 16821440
R 18918656
W 16821504
R 18918720
W 16821568
R 18918784
W 16821632
R 18918848
W 16821696
R 18918912
W 16821760
R 18918976
W 16821824
R 18919040
W 16821888
R 18919104
W 16821952
R 18919168
W 16822016
R 18919232
W 16822080
R 18919296
W 16822144
R 18919360
W 16822208
R 18919424
W 16822272
R 18919488
W 16822336
R 18919552
W 16822400
R 18919616
W 16822464
R 18919680
W 16822528
R 18919744
W 16822592
R 18919808
W 16822656
R 18919872
W 16822720
R 18919936
W 16822784
R 18920000
W 16822848
R 18920064
W 16822912
R 18920128
W 16822976
R 18920192
W 16823040
R 18920256
W 16823104
R 18920320
W 16823168
R 18920384
W 16823232
R 18920448
W 16823296
R 18920512
W 16823360
R 18920576
W 16823424
R 18920640
W 16823488
R 18920704
W 16823552
R 18920768
W 16823616
R 18920832
W 16823680
R 18920896
W 16823744
R 18920960
W 16823808
R 18921024
W 16823872
R 18921088
W 16823936
R 18921152
W 16824000
R 18921216
W 16824064
R 18921280
W 16824128
R 18921344
W 16824192
R 18921408
W 16824256
R 18921472
W 16824320
R 18921536
W 16824384
R 18921600
W 16824448
R 18921664
W 16824512
R 18921728
W 16824576
R 18921792
W 16824640
R 18921856
W 16824704
R 18921920
W 16824768
R 18921984
W 16824832
R 18922048
W 16824896
R 18922112
W 16824960
R 18922176
W 16825024
R 18922240
W 16825088
R 18922304
W 16825152
R 18922368
W 16825216
R 18922432
W 16825280
R 18922496
W 16825344
R 18922560
W 16825408
R 18922624
W 16825472
R 18922688
W 16825536
R 18922752
W 16825600
R 18922816
W 16825664
R 18922880
W 16825728
R 18922944
W 16825792
R 18923008
W 16825856
R 18923072
W 16825920
R 18923136
W 16825984
R 18923200
W 16826048
R 18923264
W 16826112
R 18923328
W 16826176
R 18923392
W 16826240
R 18923456
W 16826304
R 18923520
W 16826368
R 18923584
W 16826432
R 18923648
W 16826496
R 18923712
W 16826560
R 18923776
W 16826624
R 18923840
W 16826688
R 18923904
W 16826752
R 18923968
W 16826816
R 18924032
W 16826880
R 18924096
W 16826944
R 18924160
W 16827008
R 18924224
W 16827072
R 18924288
W 16827136
R 18924352
W 16827200
R 18924416
W 16827264
R 18924480
W 16827328
R 18924544
W 16827392
R 18924608
W 16827456
R 18924672
W 16827520
R 18924736
W 16827584
R 18924800
W 16827648
R 18924864
W 16827712
R 18924928
W 16827776
R 18924992
W 16827840
R 18925056
W 16827904
R 18925120
W 16827968
R 18925184
W 16828032
R 18925248
W 16828096
R 18925312
W 16828160
R 18925376
W 16828224
R 18925440
W 16828288
R 18925504
W 16828352
R 18925568
W 16828416
R 18925632
W 16828480
R 18925696
W 16828544
R 18925760
W 16828608
R 18925824
W 16828672
R 18925888
W 16828736
R 18925952
W 16828800
R 18926016
W 16828864
R 18926080
W 16828928
R 18926144
W 16828992
R 18926208
W 16829056
R 18926272
W 16829120
R 18926336
W 16829184
R 18926400
W 16829248
R 18926464
W 16829312
R 18926528
W 16829376
R 18926592
W 16829440
R 18926656
W 16829504
R 18926720
W 16829568
R 18926784
W 16829632
R 18926848
W 16829696
R 18926912
W 16829760
R 18926976
W 16829824
R 18927040
W 16829888
R 18927104
W 16829952
R 18927168
W 16830016
R 18927232
W 16830080
R 18927296
W 16830144
R 18927360
W 16830208
R 18927424
W 16830272
R 18927488
W 16830336
R 18927552
W 16830400
R 18927616
W 16830464
R 18927680
W 16830528
R 18927744
W 16830592
R 18927808
W 16830656
R 18927872
W 16830720
R 18927936
W 16830784
R 18928000
W 16830848
R 18928064
W 16830912
R 18928128
W 16830976
R 18928192
W 16831040
R 18928256
W 16831104
R 18928320
W 16831168
R 18928384
W 16831232
R 18928448
W 16831296
R 18928512
W 16831360
R 18928576
W 16831424
R 18928640
W 16831488
R 18928704
W 16831552
R 18928768
W 16831616
R 18928832
W 16831680
R 18928896
W 16831744
R 18928960
W 16831808
R 18929024
W 16831872
R 18929088
W 16831936
R 18929152
W 16832000
R 18929216
W 16832064
R 18929280
W 16832128
R 18929344
W 16832192
R 18929408
W 16832256
R 18929472
W 16832320
R 18929536
W 16832384
R 18929600
W 16832448
R 18929664
W 16832512
R 18929728
W 16832576
R 18929792
W 16832640
R 18929856
W 16832704
R 18929920
W 16832768
R 18929984
W 16832832
R 18930048
W 16832896
R 18930112
W 16832960
R 18930176
W 16833024
R 18930240
W 16833088
R 18930304
W 16833152
R 18930368
W 16833216
R 18930432
W 16833280
R 18930496
W 16833344
R 18930560
W 16833408
R 18930624
W 16833472
R 18930688
W 16833536
R 18930752
W 16833600
R 18930816
W 16833664
R 18930880
W 16833728
R 18930944
W 16833792
R 18931008
W 16833856
R 18931072
W 16833920
R 18931136
W 16833984
R 18931200
W 16834048
R 18931264
W 16834112
R 18931328
W 16834176
R 18931392
W 16834240
R 18931456
W 16834304
R 18931520
W 16834368
R 18931584
W 16834432
R 18931648
W 16834496
R 18931712
W 16834560
R 18931776
W 16834624
R 18931840
W 16834688
R 18931904
W 16834752
R 18931968
W 16834816
R 18932032
W 16834880
R 18932096
W 16834944
R 18932160
W 16835008
R 18932224
W 16835072
R 18932288
W 16835136
R 18932352
W 16835200
R 18932416
W 16835264
R 18932480
W 16835328
R 18932544
W 16835392
R 18932608
W 16835456
R 18932672
W 16835520
R 18932736
W 16835584
R 18932800
W 16835648
R 18932864
W 16835712
R 18932928
W 16835776
R 18932992
W 16835840
R 18933056
W 16835904
R 18933120
W 16835968
R 18933184
W 16836032
R 18933248
W 16836096
R 18933312
W 16836160
R 18933376
W 16836224
R 18933440
W 16836288
R 18933504
W 16836352
R 18933568
W 16836416
R 18933632
W 16836480
R 18933696
W 16836544
R 18933760
W 16836608
R 18933824
W 16836672
R 18933888
W 16836736
R 18933952
W 16836800
R 18934016
W 16836864
R 18934080
W 16836928
R 18934144
W 16836992
R 18934208
W 16837056
R 18934272
W 16837120
R 18934336
W 16837184
R 18934400
W 16837248
R 18934464
W 16837312
R 18934528
W 16837376
R 18934592
W 16837440
R 18934656
W 16837504
R 18934720
W 16837568
R 18934784
W 16837632
R 18934848
W 16837696
R 18934912
W 16837760
R 18934976
W 16837824
R 18935040
W 16837888
R 18935104
W 16837952
R 18935168
W 16838016
R 18935232
W 16838080
R 18935296
W 16838144
R 18935360
W 16838208
R 18935424
W 16838272
R 18935488
W 16838336
R 18935552
W 16838400
R 18935616
W 16838464
R 18935680
W 16838528
R 18935744
W 16838592
R 18935808
W 16838656
R 18935872
W 16838720
R 18935936
W 16838784
R 18936000
W 16838848
R 18936064
W 16838912
R 18936128
W 16838976
R 18936192
W 16839040
R 18936256
W 16839104
R 18936320
W 16839168
R 18936384
W 16839232
R 18936448
W 16839296
R 18936512
W 16839360
R 18936576
W 16839424
R 18936640
W 16839488
R 18936704
W 16839552
R 18936768
W 16839616
R 18936832
W 16839680
R 18936896
W 16839744
R 18936960
W 16839808
R 18937024
W 16839872
R 18937088
W 16839936
R 18937152
W 16840000
R 18937216
W 16840064
R 18937280
W 16840128
R 18937344
W 16840192
R 18937408
W 16840256
R 18937472
W 16840320
R 18937536
W 16840384
R 18937600
W 16840448
R 18937664
W 16840512
R 18937728
W 16840576
R 18937792
W 16840640
R 18937856
W 16840704
R 18937920
W 16840768
R 18937984
W 16840832
R 18938048
W 16840896
R 18938112
W 16840960
R 18938176
W 16841024
R 18938240
W 16841088
R 18938304
W 16841152
R 18938368
W 16841216
R 18938432
W 16841280
R 18938496
W 16841344
R 18938560
W 16841408
R 18938624
W 16841472
R 18938688
W 16841536
R 18938752
W 16841600
R 18938816
W 16841664
R 18938880
W 16841728
R 18938944
W 16841792
R 18939008
W 16841856
R 18939072
W 16841920
R 18939136
W 16841984
R 18939200
W 16842048
R 18939264
W 16842112
R 18939328
W 16842176
R 18939392
W 16842240
R 18939456
W 16842304
R 18939520
W 16842368
R 18939584
W 16842432
R 18939648
W 16842496
R 18939712
W 16842560
R 18939776
W 16842624
R 18939840
W 16842688
R 18939904
W 16842752
R 18939968
W 16842816
R 18940032
W 16842880
R 18940096
W 16842944
R 18940160
W 16843008
R 18940224
W 16843072
R 18940288
W 16843136
R 18940352
W 16843200
R 18940416
W 16843264
R 18940480
W 16843328
R 18940544
W 16843392
R 18940608
W 16843456
R 18940672
W 16843520
R 18940736
W 16843584
R 18940800
W 16843648
R 18940864
W 16843712
R 18940928
W 16843776
R 18940992
W 16843840
R 18941056
W 16843904
R 18941120
W 16843968
R 18941184
W 16844032
R 18941248
W 16844096
R 18941312
W 16844160
R 18941376
W 16844224
R 18941440
W 16844288
R 18941504
W 16844352
R 18941568
W 16844416
R 18941632
W 16844480
R 18941696
W 16844544
R 18941760
W 16844608
R 18941824
W 16844672
R 18941888
W 16844736
R 18941952
W 16844800
R 18942016
W 16844864
R 18942080
W 16844928
R 18942144
W 16844992
R 18942208
W 16845056
R 18942272
W 16845120
R 18942336
W 16845184
R 18942400
W 16845248
R 18942464
W 16845312
R 18942528
W 16845376
R 18942592
W 16845440
R 18942656
W 16845504
R 18942720
W 16845568
R 18942784
W 16845632
R 18942848
W 16845696
R 18942912
W 16845760
R 18942976
W 16845824
R 18943040
W 16845888
R 18943104
W 16845952
R 18943168
W 16846016
R 18943232
W 16846080
R 18943296
W 16846144
R 18943360
W 16846208
R 18943424
W 16846272
R 18943488
W 16846336
R 18943552
W 16846400
R 18943616
W 16846464
R 18943680
W 16846528
R 18943744
W 16846592
R 18943808
W 16846656
R 18943872
W 16846720
R 18943936
W 16846784
R 18944000
W 16846848
R 18944064
W 16846912
R 18944128
W 16846976
R 18944192
W 16847040
R 18944256
W 16847104
R 18944320
W 16847168
R 18944384
W 16847232
R 18944448
W 16847296
R 18944512
W 16847360
R 18944576
W 16847424
R 18944640
W 16847488
R 18944704
W 16847552
R 18944768
W 16847616
R 18944832
W 16847680
R 18944896
W 16847744
R 18944960
W 16847808
R 18945024
W 16847872
R 18945088
W 16847936
R 18945152
W 16848000
R 18945216
W 16848064
R 18945280
W 16848128
R 18945344
W 16848192
R 18945408
W 16848256
R 18945472
W 16848320
R 18945536
W 16848384
R 18945600
W 16848448
R 18945664
W 16848512
R 18945728
W 16848576
R 18945792
W 16848640
R 18945856
W 16848704
R 18945920
W 16848768
R 18945984
W 16848832
R 18946048
W 16848896
R 18946112
W 16848960
R 18946176
W 16849024
R 18946240
W 16849088
R 18946304
W 16849152
R 18946368
W 16849216
R 18946432
W 16849280
R 18946496
W 16849344
R 18946560
W 16849408
R 18946624
W 16849472
R 18946688
W 16849536
R 18946752
W 16849600
R 18946816
W 16849664
R 18946880
W 16849728
R 18946944
W 16849792
R 18947008
W 16849856
R 18947072
W 16849920
R 18947136
W 16849984
R 18947200
W 16850048
R 18947264
W 16850112
R 18947328
W 16850176
R 18947392
W 16850240
R 18947456
W 16850304
R 18947520
W 16850368
R 18947584
W 16850432
R 18947648
W 16850496
R 18947712
W 16850560
R 18947776
W 16850624
R 18947840
W 16850688
R 18947904
W 16850752
R 18947968
W 16850816
R 18948032
W 16850880
R 18948096
W 16850944
R 18948160
W 16851008
R 18948224
W 16851072
R 18948288
W 16851136
R 18948352
W 17113344
R 18948416
W 17113408
R 18948480
W 17113472
R 18948544
W 17113536
R 18948608
W 17113600
R 18948672
W 17113664
R 18948736
W 17113728
R 18948800
W 17113792
R 18948864
W 17113856
R 18948928
W 17113920
R 18948992
W 17113984
R 18949056
W 17114048
R 18949120
W 17114112
R 18949184
W 17114176
R 18949248
W 17114240
R 18949312
W 16852160
R 18949376
W 16852224
R 18949440
W 16852288
R 18949504
W 16852352
R 18949568
W 17114560
R 18949632
W 17114624
R 18949696
W 16852544
R 18949760
W 16852608
R 18949824
W 16852672
R 18949888
W 16852736
R 18949952
W 16852800
R 18950016
W 16852864
R 18950080
W 16852928
R 18950144
W 16852992
R 18950208
W 16853056
R 18950272
W 16853120
R 18950336
W 16853184
R 18950400
W 16853248
R 18950464
W 16853312
R 18950528
W 16853376
R 18950592
W 16853440
R 18950656
W 16853504
R 18950720
W 16853568
R 18950784
W 16853632
R 18950848
W 16853696
R 18950912
W 16853760
R 18950976
W 16853824
R 18951040
W 16853888
R 18951104
W 16853952
R 18951168
W 16854016
R 18951232
W 16854080
R 18951296
W 16854144
R 18951360
W 16854208
R 18951424
W 16854272
R 18951488
W 16854336
R 18951552
W 16854400
R 18951616
W 16854464
R 18951680
W 16854528
R 18951744
W 16854592
R 18951808
W 16854656
R 18951872
W 16854720
R 18951936
W 16854784
R 18952000
W 16854848
R 18952064
W 16854912
R 18952128
W 16854976
R 18952192
W 16855040
R 18952256
W 16855104
R 18952320
W 16855168
R 18952384
W 16855232
R 18952448
W 16855296
R 18952512
W 16855360
R 18952576
W 16855424
R 18952640
W 16855488
R 18952704
W 16855552
R 18952768
W 16855616
R 18952832
W 16855680
R 18952896
W 16855744
R 18952960
W 16855808
R 18953024
W 16855872
R 18953088
W 16855936
R 18953152
W 16856000
R 18953216
W 16856064
R 18953280
W 16856128
R 18953344
W 16856192
R 18953408
W 16856256
R 18953472
W 16856320
R 18953536
W 16856384
R 18953600
W 16856448
R 18953664
W 16856512
R 18953728
W 16856576
R 18953792
W 16856640
R 18953856
W 16856704
R 18953920
W 16856768
R 18953984
W 16856832
R 18954048
W 16856896
R 18954112
W 16856960
R 18954176
W 16857024
R 18954240
W 16857088
R 18954304
W 16857152
R 18954368
W 16857216
R 18954432
W 16857280
R 18954496
W 16857344
R 18954560
W 16857408
R 18954624
W 16857472
R 18954688
W 16857536
R 18954752
W 16857600
R 18954816
W 16857664
R 18954880
W 16857728
R 18954944
W 16857792
R 18955008
W 16857856
R 18955072
W 16857920
R 18955136
W 16857984
R 18955200
W 16858048
R 18955264
W 16858112
R 18955328
W 16858176
R 18955392
W 16858240
R 18955456
W 16858304
R 18955520
W 16858368
R 18955584
W 16858432
R 18955648
W 16858496
R 18955712
W 16858560
R 18955776
W 16858624
R 18955840
W 16858688
R 18955904
W 16858752
R 18955968
W 16858816
R 18956032
W 16858880
R 18956096
W 16858944
R 18956160
W 16859008
R 18956224
W 16859072
R 18956288
W 16859136
R 18956352
W 16859200
R 18956416
W 16859264
R 18956480
W 16859328
R 18956544
W 16859392
R 18956608
W 16859456
R 18956672
W 16859520
R 18956736
W 16859584
R 18956800
W 16859648
R 18956864
W 16859712
R 18956928
W 16859776
R 18956992
W 16859840
R 18957056
W 16859904
R 18957120
W 16859968
R 18957184
W 16860032
R 18957248
W 16860096
R 18957312
W 16860160
R 18957376
W 16860224
R 18957440
W 16860288
R 18957504
W 16860352
R 18957568
W 16860416
R 18957632
W 16860480
R 18957696
W 16860544
R 18957760
W 16860608
R 18957824
W 16860672
R 18957888
W 16860736
R 18957952
W 16860800
R 18958016
W 16860864
R 18958080
W 16860928
R 18958144
W 16860992
R 18958208
W 16861056
R 18958272
W 16861120
R 18958336
W 16861184
R 18958400
W 16861248
R 18958464
W 16861312
R 18958528
W 16861376
R 18958592
W 16861440
R 18958656
W 16861504
R 18958720
W 16861568
R 18958784
W 16861632
R 18958848
W 16861696
R 18958912
W 16861760
R 18958976
W 16861824
R 18959040
W 16861888
R 18959104
W 16861952
R 18959168
W 16862016
R 18959232
W 16862080
R 18959296
W 16862144
R 18959360
W 16862208
R 18959424
W 16862272
R 18959488
W 16862336
R 18959552
W 16862400
R 18959616
W 16862464
R 18959680
W 16862528
R 18959744
W 16862592
R 18959808
W 16862656
R 18959872
W 16862720
R 18959936
W 16862784
R 18960000
W 16862848
R 18960064
W 16862912
R 18960128
W 16862976
R 18960192
W 16863040
R 18960256
W 16863104
R 18960320
W 16863168
R 18960384
W 16863232
R 18960448
W 16863296
R 18960512
W 16863360
R 18960576
W 16863424
R 18960640
W 16863488
R 18960704
W 16863552
R 18960768
W 16863616
R 18960832
W 16863680
R 18960896
W 16863744
R 18960960
W 16863808
R 18961024
W 16863872
R 18961088
W 16863936
R 18961152
W 16864000
R 18961216
W 16864064
R 18961280
W 16864128
R 18961344
W 16864192
R 18961408
W 16864256
R 18961472
W 16864320
R 18961536
W 16864384
R 18961600
W 16864448
R 18961664
W 16864512
R 18961728
W 16864576
R 18961792
W 16864640
R 18961856
W 16864704
R 18961920
W 16864768
R 18961984
W 16864832
R 18962048
W 16864896
R 18962112
W 16864960
R 18962176
W 16865024
R 18962240
W 16865088
R 18962304
W 16865152
R 18962368
W 16865216
R 18962432
W 16865280
R 18962496
W 16865344
R 18962560
W 16865408
R 18962624
W 16865472
R 18962688
W 16865536
R 18962752
W 16865600
R 18962816
W 16865664
R 18962880
W 16865728
R 18962944
W 16865792
R 18963008
W 16865856
R 18963072
W 16865920
R 18963136
W 16865984
R 18963200
W 16866048
R 18963264
W 16866112
R 18963328
W 16866176
R 18963392
W 16866240
R 18963456
W 16866304
R 18963520
W 16866368
R 18963584
W 16866432
R 18963648
W 16866496
R 18963712
W 16866560
R 18963776
W 16866624
R 18963840
W 16866688
R 18963904
W 16866752
R 18963968
W 16866816
R 18964032
W 16866880
R 18964096
W 16866944
R 18964160
W 16867008
R 18964224
W 16867072
R 18964288
W 16867136
R 18964352
W 16867200
R 18964416
W 16867264
R 18964480
W 16867328
R 18964544
W 16867392
R 18964608
W 16867456
R 18964672
W 17129664
R 18964736
W 17129728
R 18964800
W 17129792
R 18964864
W 17129856
R 18964928
W 17129920
R 18964992
W 17129984
R 18965056
W 17130048
R 18965120
W 17130112
R 18965184
W 17130176
R 18965248
W 17130240
R 18965312
W 17130304
R 18965376
W 17130368
R 18965440
W 17130432
R 18965504
W 17130496
R 18965568
W 17130560
R 18965632
W 16868480
R 18965696
W 16868544
R 18965760
W 16868608
R 18965824
W 16868672
R 18965888
W 16868736
R 18965952
W 17130944
R 18966016
W 16868864
R 18966080
W 16868928
R 18966144
W 16868992
R 18966208
W 16869056
R 18966272
W 16869120
R 18966336
W 16869184
R 18966400
W 16869248
R 18966464
W 16869312
R 18966528
W 16869376
R 18966592
W 16869440
R 18966656
W 16869504
R 18966720
W 16869568
R 18966784
W 16869632
R 18966848
W 16869696
R 18966912
W 16869760
R 18966976
W 16869824
R 18967040
W 16869888
R 18967104
W 16869952
R 18967168
W 16870016
R 18967232
W 16870080
R 18967296
W 16870144
R 18967360
W 16870208
R 18967424
W 16870272
R 18967488
W 16870336
R 18967552
W 16870400
R 18967616
W 16870464
R 18967680
W 16870528
R 18967744
W 16870592
R 18967808
W 16870656
R 18967872
W 16870720
R 18967936
W 16870784
R 18968000
W 16870848
R 18968064
W 16870912
R 18968128
W 16870976
R 18968192
W 16871040
R 18968256
W 16871104
R 18968320
W 16871168
R 18968384
W 16871232
R 18968448
W 16871296
R 18968512
W 16871360
R 18968576
W 16871424
R 18968640
W 16871488
R 18968704
W 16871552
R 18968768
W 16871616
R 18968832
W 16871680
R 18968896
W 16871744
R 18968960
W 16871808
R 18969024
W 16871872
R 18969088
W 16871936
R 18969152
W 16872000
R 18969216
W 16872064
R 18969280
W 16872128
R 18969344
W 16872192
R 18969408
W 16872256
R 18969472
W 16872320
R 18969536
W 16872384
R 18969600
W 16872448
R 18969664
W 16872512
R 18969728
W 16872576
R 18969792
W 16872640
R 18969856
W 16872704
R 18969920
W 16872768
R 18969984
W 16872832
R 18970048
W 16872896
R 18970112
W 16872960
R 18970176
W 16873024
R 18970240
W 16873088
R 18970304
W 16873152
R 18970368
W 16873216
R 18970432
W 16873280
R 18970496
W 16873344
R 18970560
W 16873408
R 18970624
W 16873472
R 18970688
W 16873536
R 18970752
W 16873600
R 18970816
W 16873664
R 18970880
W 16873728
R 18970944
W 16873792
R 18971008
W 16873856
R 18971072
W 16873920
R 18971136
W 16873984
R 18971200
W 16874048
R 18971264
W 16874112
R 18971328
W 16874176
R 18971392
W 16874240
R 18971456
W 16874304
R 18971520
W 16874368
R 18971584
W 16874432
R 18971648
W 16874496
R 18971712
W 16874560
R 18971776
W 16874624
R 18971840
W 16874688
R 18971904
W 16874752
R 18971968
W 16874816
R 18972032
W 16874880
R 18972096
W 16874944
R 18972160
W 16875008
R 18972224
W 16875072
R 18972288
W 16875136
R 18972352
W 16875200
R 18972416
W 16875264
R 18972480
W 16875328
R 18972544
W 16875392
R 18972608
W 16875456
R 18972672
W 16875520
R 18972736
W 16875584
R 18972800
W 16875648
R 18972864
W 16875712
R 18972928
W 16875776
R 18972992
W 16875840
R 18973056
W 16875904
R 18973120
W 16875968
R 18973184
W 16876032
R 18973248
W 16876096
R 18973312
W 16876160
R 18973376
W 16876224
R 18973440
W 16876288
R 18973504
W 16876352
R 18973568
W 16876416
R 18973632
W 16876480
R 18973696
W 16876544
R 18973760
W 16876608
R 18973824
W 16876672
R 18973888
W 16876736
R 18973952
W 16876800
R 18974016
W 16876864
R 18974080
W 16876928
R 18974144
W 16876992
R 18974208
W 16877056
R 18974272
W 16877120
R 18974336
W 16877184
R 18974400
W 16877248
R 18974464
W 16877312
R 18974528
W 16877376
R 18974592
W 16877440
R 18974656
W 16877504
R 18974720
W 16877568
R 18974784
W 16877632
R 18974848
W 16877696
R 18974912
W 16877760
R 18974976
W 16877824
R 18975040
W 16877888
R 18975104
W 16877952
R 18975168
W 16878016
R 18975232
W 16878080
R 18975296
W 16878144
R 18975360
W 16878208
R 18975424
W 16878272
R 18975488
W 16878336
R 18975552
W 16878400
R 18975616
W 16878464
R 18975680
W 16878528
R 18975744
W 16878592
R 18975808
W 16878656
R 18975872
W 16878720
R 18975936
W 16878784
R 18976000
W 16878848
R 18976064
W 16878912
R 18976128
W 16878976
R 18976192
W 16879040
R 18976256
W 16879104
R 18976320
W 16879168
R 18976384
W 16879232
R 18976448
W 16879296
R 18976512
W 16879360
R 18976576
W 16879424
R 18976640
W 16879488
R 18976704
W 16879552
R 18976768
W 16879616
R 18976832
W 16879680
R 18976896
W 16879744
R 18976960
W 16879808
R 18977024
W 16879872
R 18977088
W 16879936
R 18977152
W 16880000
R 18977216
W 16880064
R 18977280
W 16880128
R 18977344
W 16880192
R 18977408
W 16880256
R 18977472
W 16880320
R 18977536
W 16880384
R 18977600
W 16880448
R 18977664
W 16880512
R 18977728
W 16880576
R 18977792
W 16880640
R 18977856
W 16880704
R 18977920
W 16880768
R 18977984
W 16880832
R 18978048
W 16880896
R 18978112
W 16880960
R 18978176
W 16881024
R 18978240
W 16881088
R 18978304
W 16881152
R 18978368
W 16881216
R 18978432
W 16881280
R 18978496
W 16881344
R 18978560
W 16881408
R 18978624
W 16881472
R 18978688
W 16881536
R 18978752
W 16881600
R 18978816
W 16881664
R 18978880
W 16881728
R 18978944
W 16881792
R 18979008
W 16881856
R 18979072
W 16881920
R 18979136
W 16881984
R 18979200
W 16882048
R 18979264
W 16882112
R 18979328
W 16882176
R 18979392
W 16882240
R 18979456
W 16882304
R 18979520
W 16882368
R 18979584
W 16882432
R 18979648
W 16882496
R 18979712
W 16882560
R 18979776
W 16882624
R 18979840
W 16882688
R 18979904
W 16882752
R 18979968
W 16882816
R 18980032
W 16882880
R 18980096
W 16882944
R 18980160
W 16883008
R 18980224
W 16883072
R 18980288
W 16883136
R 18980352
W 16883200
R 18980416
W 16883264
R 18980480
W 16883328
R 18980544
W 16883392
R 18980608
W 16883456
R 18980672
W 16883520
R 18980736
W 16883584
R 18980800
W 16883648
R 18980864
W 16883712
R 18980928
W 16883776
R 18980992
W 16883840
R 18981056
W 16883904
R 18981120
W 16883968
R 18981184
W 16884032
R 18981248
W 16884096
R 18981312
W 16884160
R 18981376
W 16884224
R 18981440
W 16884288
R 18981504
W 16884352
R 18981568
W 16884416
R 18981632
W 16884480
R 18981696
W 16884544
R 18981760
W 16884608
R 18981824
W 16884672
R 18981888
W 16884736
R 18981952
W 16884800
R 18982016
W 16884864
R 18982080
W 16884928
R 18982144
W 16884992
R 18982208
W 16885056
R 18982272
W 16885120
R 18982336
W 16885184
R 18982400
W 16885248
R 18982464
W 16885312
R 18982528
W 16885376
R 18982592
W 16885440
R 18982656
W 16885504
R 18982720
W 16885568
R 18982784
W 16885632
R 18982848
W 16885696
R 18982912
W 16885760
R 18982976
W 16885824
R 18983040
W 16885888
R 18983104
W 16885952
R 18983168
W 16886016
R 18983232
W 16886080
R 18983296
W 16886144
R 18983360
W 16886208
R 18983424
W 16886272
R 18983488
W 16886336
R 18983552
W 16886400
R 18983616
W 16886464
R 18983680
W 16886528
R 18983744
W 16886592
R 18983808
W 16886656
R 18983872
W 16886720
R 18983936
W 16886784
R 18984000
W 16886848
R 18984064
W 16886912
R 18984128
W 16886976
R 18984192
W 16887040
R 18984256
W 16887104
R 18984320
W 16887168
R 18984384
W 16887232
R 18984448
W 16887296
R 18984512
W 16887360
R 18984576
W 16887424
R 18984640
W 16887488
R 18984704
W 16887552
R 18984768
W 16887616
R 18984832
W 16887680
R 18984896
W 16887744
R 18984960
W 16887808
R 18985024
W 16887872
R 18985088
W 16887936
R 18985152
W 16888000
R 18985216
W 16888064
R 18985280
W 16888128
R 18985344
W 16888192
R 18985408
W 16888256
R 18985472
W 16888320
R 18985536
W 16888384
R 18985600
W 16888448
R 18985664
W 16888512
R 18985728
W 16888576
R 18985792
W 16888640
R 18985856
W 16888704
R 18985920
W 16888768
R 18985984
W 16888832
R 18986048
W 16888896
R 18986112
W 16888960
R 18986176
W 16889024
R 18986240
W 16889088
R 18986304
W 16889152
R 18986368
W 16889216
R 18986432
W 16889280
R 18986496
W 16889344
R 18986560
W 16889408
R 18986624
W 16889472
R 18986688
W 16889536
R 18986752
W 16889600
R 18986816
W 16889664
R 18986880
W 16889728
R 18986944
W 16889792
R 18987008
W 16889856
R 18987072
W 16889920
R 18987136
W 16889984
R 18987200
W 16890048
R 18987264
W 16890112
R 18987328
W 16890176
R 18987392
W 16890240
R 18987456
W 16890304
R 18987520
W 16890368
R 18987584
W 16890432
R 18987648
W 16890496
R 18987712
W 16890560
R 18987776
W 16890624
R 18987840
W 16890688
R 18987904
W 16890752
R 18987968
W 16890816
R 18988032
W 16890880
R 18988096
W 16890944
R 18988160
W 16891008
R 18988224
W 16891072
R 18988288
W 16891136
R 18988352
W 16891200
R 18988416
W 16891264
R 18988480
W 16891328
R 18988544
W 16891392
R 18988608
W 16891456
R 18988672
W 16891520
R 18988736
W 16891584
R 18988800
W 16891648
R 18988864
W 16891712
R 18988928
W 16891776
R 18988992
W 16891840
R 18989056
W 16891904
R 18989120
W 16891968
R 18989184
W 16892032
R 18989248
W 16892096
R 18989312
W 16892160
R 18989376
W 16892224
R 18989440
W 16892288
R 18989504
W 16892352
R 18989568
W 16892416
R 18989632
W 16892480
R 18989696
W 16892544
R 18989760
W 16892608
R 18989824
W 16892672
R 18989888
W 16892736
R 18989952
W 16892800
R 18990016
W 16892864
R 18990080
W 16892928
R 18990144
W 16892992
R 18990208
W 16893056
R 18990272
W 16893120
R 18990336
W 16893184
R 18990400
W 16893248
R 18990464
W 16893312
R 18990528
W 16893376
R 18990592
W 16893440
R 18990656
W 16893504
R 18990720
W 16893568
R 18990784
W 16893632
R 18990848
W 16893696
R 18990912
W 16893760
R 18990976
W 16893824
R 18991040
W 16893888
R 18991104
W 16893952
R 18991168
W 16894016
R 18991232
W 16894080
R 18991296
W 16894144
R 18991360
W 16894208
R 18991424
W 16894272
R 18991488
W 16894336
R 18991552
W 16894400
R 18991616
W 16894464
R 18991680
W 16894528
R 18991744
W 16894592
R 18991808
W 16894656
R 18991872
W 16894720
R 18991936
W 16894784
R 18992000
W 16894848
R 18992064
W 16894912
R 18992128
W 16894976
R 18992192
W 16895040
R 18992256
W 16895104
R 18992320
W 16895168
R 18992384
W 16895232
R 18992448
W 16895296
R 18992512
W 16895360
R 18992576
W 16895424
R 18992640
W 16895488
R 18992704
W 16895552
R 18992768
W 16895616
R 18992832
W 16895680
R 18992896
W 16895744
R 18992960
W 16895808
R 18993024
W 16895872
R 18993088
W 16895936
R 18993152
W 16896000
R 18993216
W 16896064
R 18993280
W 16896128
R 18993344
W 16896192
R 18993408
W 16896256
R 18993472
W 16896320
R 18993536
W 16896384
R 18993600
W 16896448
R 18993664
W 16896512
R 18993728
W 16896576
R 18993792
W 16896640
R 18993856
W 16896704
R 18993920
W 16896768
R 18993984
W 16896832
R 18994048
W 16896896
R 18994112
W 16896960
R 18994176
W 16897024
R 18994240
W 16897088
R 18994304
W 16897152
R 18994368
W 16897216
R 18994432
W 16897280
R 18994496
W 16897344
R 18994560
W 16897408
R 18994624
W 16897472
R 18994688
W 16897536
R 18994752
W 16897600
R 18994816
W 16897664
R 18994880
W 16897728
R 18994944
W 16897792
R 18995008
W 16897856
R 18995072
W 16897920
R 18995136
W 16897984
R 18995200
W 16898048
R 18995264
W 16898112
R 18995328
W 16898176
R 18995392
W 16898240
R 18995456
W 16898304
R 18995520
W 16898368
R 18995584
W 16898432
R 18995648
W 16898496
R 18995712
W 16898560
R 18995776
W 16898624
R 18995840
W 16898688
R 18995904
W 16898752
R 18995968
W 16898816
R 18996032
W 16898880
R 18996096
W 16898944
R 18996160
W 16899008
R 18996224
W 16899072
R 18996288
W 16899136
R 18996352
W 16899200
R 18996416
W 16899264
R 18996480
W 16899328
R 18996544
W 16899392
R 18996608
W 16899456
R 18996672
W 16899520
R 18996736
W 16899584
R 18996800
W 16899648
R 18996864
W 16899712
R 18996928
W 16899776
R 18996992
W 16899840
R 18997056
W 16899904
R 18997120
W 16899968
R 18997184
W 16900032
R 18997248
W 16900096
R 18997312
W 16900160
R 18997376
W 16900224
R 18997440
W 16900288
R 18997504
W 16900352
R 18997568
W 16900416
R 18997632
W 16900480
R 18997696
W 16900544
R 18997760
W 16900608
R 18997824
W 16900672
R 18997888
W 16900736
R 18997952
W 16900800
R 18998016
W 16900864
R 18998080
W 16900928
R 18998144
W 16900992
R 18998208
W 16901056
R 18998272
W 16901120
R 18998336
W 16901184
R 18998400
W 16901248
R 18998464
W 16901312
R 18998528
W 16901376
R 18998592
W 16901440
R 18998656
W 16901504
R 18998720
W 16901568
R 18998784
W 16901632
R 18998848
W 16901696
R 18998912
W 16901760
R 18998976
W 16901824
R 18999040
W 16901888
R 18999104
W 16901952
R 18999168
W 16902016
R 18999232
W 16902080
R 18999296
W 16902144
R 18999360
W 16902208
R 18999424
W 16902272
R 18999488
W 16902336
R 18999552
W 16902400
R 18999616
W 16902464
R 18999680
W 16902528
R 18999744
W 16902592
R 18999808
W 16902656
R 18999872
W 16902720
R 18999936
W 16902784
R 19000000
W 16902848
R 19000064
W 16902912
R 19000128
W 16902976
R 19000192
W 16903040
R 19000256
W 16903104
R 19000320
W 16903168
R 19000384
W 16903232
R 19000448
W 16903296
R 19000512
W 16903360
R 19000576
W 16903424
R 19000640
W 16903488
R 19000704
W 16903552
R 19000768
W 16903616
R 19000832
W 16903680
R 19000896
W 16903744
R 19000960
W 16903808
R 19001024
W 16903872
R 19001088
W 16903936
R 19001152
W 16904000
R 19001216
W 16904064
R 19001280
W 16904128
R 19001344
W 16904192
R 19001408
W 16904256
R 19001472
W 16904320
R 19001536
W 16904384
R 19001600
W 16904448
R 19001664
W 16904512
R 19001728
W 16904576
R 19001792
W 16904640
R 19001856
W 16904704
R 19001920
W 16904768
R 19001984
W 16904832
R 19002048
W 16904896
R 19002112
W 16904960
R 19002176
W 16905024
R 19002240
W 16905088
R 19002304
W 16905152
R 19002368
W 16905216
R 19002432
W 16905280
R 19002496
W 16905344
R 19002560
W 16905408
R 19002624
W 16905472
R 19002688
W 16905536
R 19002752
W 16905600
R 19002816
W 16905664
R 19002880
W 16905728
R 19002944
W 16905792
R 19003008
W 16905856
R 19003072
W 16905920
R 19003136
W 16905984
R 19003200
W 16906048
R 19003264
W 16906112
R 19003328
W 16906176
R 19003392
W 16906240
R 19003456
W 16906304
R 19003520
W 16906368
R 19003584
W 16906432
R 19003648
W 16906496
R 19003712
W 16906560
R 19003776
W 16906624
R 19003840
W 16906688
R 19003904
W 16906752
R 19003968
W 16906816
R 19004032
W 16906880
R 19004096
W 16906944
R 19004160
W 16907008
R 19004224
W 16907072
R 19004288
W 16907136
R 19004352
W 16907200
R 19004416
W 16907264
R 19004480
W 16907328
R 19004544
W 16907392
R 19004608
W 16907456
R 19004672
W 16907520
R 19004736
W 16907584
R 19004800
W 16907648
R 19004864
W 16907712
R 19004928
W 16907776
R 19004992
W 16907840
R 19005056
W 16907904
R 19005120
W 16907968
R 19005184
W 16908032
R 19005248
W 16908096
R 19005312
W 16908160
R 19005376
W 16908224
R 19005440
W 16908288
R 19005504
W 16908352
R 19005568
W 16908416
R 19005632
W 16908480
R 19005696
W 16908544
R 19005760
W 16908608
R 19005824
W 16908672
R 19005888
W 16908736
R 19005952
W 16908800
R 19006016
W 16908864
R 19006080
W 16908928
R 19006144
W 16908992
R 19006208
W 16909056
R 19006272
W 16909120
R 19006336
W 16909184
R 19006400
W 16909248
R 19006464
W 16909312
R 19006528
W 16909376
R 19006592
W 16909440
R 19006656
W 16909504
R 19006720
W 16909568
R 19006784
W 16909632
R 19006848
W 16909696
R 19006912
W 16909760
R 19006976
W 16909824
R 19007040
W 16909888
R 19007104
W 16909952
R 19007168
W 16910016
R 19007232
W 16910080
R 19007296
W 16910144
R 19007360
W 16910208
R 19007424
W 16910272
R 19007488
W 16910336
R 19007552
W 16910400
R 19007616
W 16910464
R 19007680
W 16910528
R 19007744
W 16910592
R 19007808
W 16910656
R 19007872
W 16910720
R 19007936
W 16910784
R 19008000
W 16910848
R 19008064
W 16910912
R 19008128
W 16910976
R 19008192
W 16911040
R 19008256
W 16911104
R 19008320
W 16911168
R 19008384
W 16911232
R 19008448
W 16911296
R 19008512
W 16911360
R 19008576
W 16911424
R 19008640
W 16911488
R 19008704
W 16911552
R 19008768
W 16911616
R 19008832
W 16911680
R 19008896
W 16911744
R 19008960
W 16911808
R 19009024
W 16911872
R 19009088
W 16911936
R 19009152
W 16912000
R 19009216
W 16912064
R 19009280
W 16912128
R 19009344
W 16912192
R 19009408
W 16912256
R 19009472
W 16912320
R 19009536
W 16912384
R 19009600
W 16912448
R 19009664
W 16912512
R 19009728
W 16912576
R 19009792
W 16912640
R 19009856
W 16912704
R 19009920
W 16912768
R 19009984
W 16912832
R 19010048
W 16912896
R 19010112
W 16912960
R 19010176
W 16913024
R 19010240
W 16913088
R 19010304
W 16913152
R 19010368
W 16913216
R 19010432
W 16913280
R 19010496
W 16913344
R 19010560
W 16913408
R 19010624
W 16913472
R 19010688
W 16913536
R 19010752
W 16913600
R 19010816
W 16913664
R 19010880
W 16913728
R 19010944
W 16913792
R 19011008
W 16913856
R 19011072
W 16913920
R 19011136
W 16913984
R 19011200
W 16914048
R 19011264
W 16914112
R 19011328
W 16914176
R 19011392
W 16914240
R 19011456
W 16914304
R 19011520
W 16914368
R 19011584
W 16914432
R 19011648
W 16914496
R 19011712
W 16914560
R 19011776
W 16914624
R 19011840
W 16914688
R 19011904
W 16914752
R 19011968
W 16914816
R 19012032
W 16914880
R 19012096
W 16914944
R 19012160
W 16915008
R 19012224
W 16915072
R 19012288
W 16915136
R 19012352
W 16915200
R 19012416
W 16915264
R 19012480
W 16915328
R 19012544
W 16915392
R 19012608
W 16915456
R 19012672
W 16915520
R 19012736
W 16915584
R 19012800
W 16915648
R 19012864
W 16915712
R 19012928
W 16915776
R 19012992
W 16915840
R 19013056
W 16915904
R 19013120
W 16915968
R 19013184
W 16916032
R 19013248
W 16916096
R 19013312
W 16916160
R 19013376
W 16916224
R 19013440
W 16916288
R 19013504
W 16916352
R 19013568
W 16916416
R 19013632
W 16916480
R 19013696
W 16916544
R 19013760
W 16916608
R 19013824
W 16916672
R 19013888
W 16916736
R 19013952
W 16916800
R 19014016
W 16916864
R 19014080
W 16916928
R 19014144
W 16916992
R 19014208
W 16917056
R 19014272
W 16917120
R 19014336
W 16917184
R 19014400
W 16917248
R 19014464
W 16917312
R 19014528
W 16917376
R 19014592
W 16917440
R 19014656
W 16917504
R 19014720
W 16917568
R 19014784
W 16917632
R 19014848
W 16917696
R 19014912
W 16917760
R 19014976
W 16917824
R 19015040
W 16917888
R 19015104
W 16917952
R 19015168
W 16918016
R 19015232
W 16918080
R 19015296
W 16918144
R 19015360
W 16918208
R 19015424
W 16918272
R 19015488
W 16918336
R 19015552
W 16918400
R 19015616
W 16918464
R 19015680
W 16918528
R 19015744
W 16918592
R 19015808
W 16918656
R 19015872
W 16918720
R 19015936
W 16918784
R 19016000
W 16918848
R 19016064
W 16918912
R 19016128
W 16918976
R 19016192
W 16919040
R 19016256
W 16919104
R 19016320
W 16919168
R 19016384
W 16919232
R 19016448
W 16919296
R 19016512
W 16919360
R 19016576
W 16919424
R 19016640
W 16919488
R 19016704
W 16919552
R 19016768
W 16919616
R 19016832
W 16919680
R 19016896
W 16919744
R 19016960
W 16919808
R 19017024
W 16919872
R 19017088
W 16919936
R 19017152
W 16920000
R 19017216
W 16920064
R 19017280
W 16920128
R 19017344
W 16920192
R 19017408
W 16920256
R 19017472
W 16920320
R 19017536
W 16920384
R 19017600
W 16920448
R 19017664
W 16920512
R 19017728
W 16920576
R 19017792
W 16920640
R 19017856
W 16920704
R 19017920
W 16920768
R 19017984
W 16920832
R 19018048
W 16920896
R 19018112
W 16920960
R 19018176
W 16921024
R 19018240
W 16921088
R 19018304
W 16921152
R 19018368
W 16921216
R 19018432
W 16921280
R 19018496
W 16921344
R 19018560
W 16921408
R 19018624
W 16921472
R 19018688
W 16921536
R 19018752
W 16921600
R 19018816
W 16921664
R 19018880
W 16921728
R 19018944
W 16921792
R 19019008
W 16921856
R 19019072
W 16921920
R 19019136
W 16921984
R 19019200
W 16922048
R 19019264
W 16922112
R 19019328
W 16922176
R 19019392
W 16922240
R 19019456
W 16922304
R 19019520
W 16922368
R 19019584
W 16922432
R 19019648
W 16922496
R 19019712
W 16922560
R 19019776
W 16922624
R 19019840
W 16922688
R 19019904
W 16922752
R 19019968
W 16922816
R 19020032
W 16922880
R 19020096
W 16922944
R 19020160
W 16923008
R 19020224
W 16923072
R 19020288
W 16923136
R 19020352
W 16923200
R 19020416
W 16923264
R 19020480
W 16923328
R 19020544
W 16923392
R 19020608
W 16923456
R 19020672
W 16923520
R 19020736
W 16923584
R 19020800
W 16923648
R 19020864
W 16923712
R 19020928
W 16923776
R 19020992
W 16923840
R 19021056
W 16923904
R 19021120
W 16923968
R 19021184
W 16924032
R 19021248
W 16924096
R 19021312
W 16924160
R 19021376
W 16924224
R 19021440
W 16924288
R 19021504
W 16924352
R 19021568
W 16924416
R 19021632
W 16924480
R 19021696
W 16924544
R 19021760
W 16924608
R 19021824
W 16924672
R 19021888
W 16924736
R 19021952
W 16924800
R 19022016
W 16924864
R 19022080
W 16924928
R 19022144
W 16924992
R 19022208
W 16925056
R 19022272
W 16925120
R 19022336
W 16925184
R 19022400
W 16925248
R 19022464
W 16925312
R 19022528
W 16925376
R 19022592
W 16925440
R 19022656
W 16925504
R 19022720
W 16925568
R 19022784
W 16925632
R 19022848
W 16925696
R 19022912
W 16925760
R 19022976
W 16925824
R 19023040
W 16925888
R 19023104
W 16925952
R 19023168
W 16926016
R 19023232
W 16926080
R 19023296
W 16926144
R 19023360
W 16926208
R 19023424
W 16926272
R 19023488
W 16926336
R 19023552
W 16926400
R 19023616
W 16926464
R 19023680
W 16926528
R 19023744
W 16926592
R 19023808
W 16926656
R 19023872
W 16926720
R 19023936
W 16926784
R 19024000
W 16926848
R 19024064
W 16926912
R 19024128
W 16926976
R 19024192
W 16927040
R 19024256
W 16927104
R 19024320
W 16927168
R 19024384
W 16927232
R 19024448
W 16927296
R 19024512
W 16927360
R 19024576
W 16927424
R 19024640
W 16927488
R 19024704
W 16927552
R 19024768
W 16927616
R 19024832
W 16927680
R 19024896
W 16927744
R 19024960
W 16927808
R 19025024
W 16927872
R 19025088
W 16927936
R 19025152
W 16928000
R 19025216
W 16928064
R 19025280
W 16928128
R 19025344
W 16928192
R 19025408
W 16928256
R 19025472
W 16928320
R 19025536
W 16928384
R 19025600
W 16928448
R 19025664
W 16928512
R 19025728
W 16928576
R 19025792
W 16928640
R 19025856
W 16928704
R 19025920
W 16928768
R 19025984
W 16928832
R 19026048
W 16928896
R 19026112
W 16928960
R 19026176
W 16929024
R 19026240
W 16929088
R 19026304
W 16929152
R 19026368
W 16929216
R 19026432
W 16929280
R 19026496
W 16929344
R 19026560
W 16929408
R 19026624
W 16929472
R 19026688
W 16929536
R 19026752
W 16929600
R 19026816
W 16929664
R 19026880
W 16929728
R 19026944
W 16929792
R 19027008
W 16929856
R 19027072
W 16929920
R 19027136
W 16929984
R 19027200
W 16930048
R 19027264
W 16930112
R 19027328
W 16930176
R 19027392
W 16930240
R 19027456
W 16930304
R 19027520
W 16930368
R 19027584
W 16930432
R 19027648
W 16930496
R 19027712
W 16930560
R 19027776
W 16930624
R 19027840
W 16930688
R 19027904
W 16930752
R 19027968
W 16930816
R 19028032
W 16930880
R 19028096
W 16930944
R 19028160
W 16931008
R 19028224
W 16931072
R 19028288
W 16931136
R 19028352
W 16931200
R 19028416
W 16931264
R 19028480
W 16931328
R 19028544
W 16931392
R 19028608
W 16931456
R 19028672
W 16931520
R 19028736
W 16931584
R 19028800
W 16931648
R 19028864
W 16931712
R 19028928
W 16931776
R 19028992
W 16931840
R 19029056
W 16931904
R 19029120
W 16931968
R 19029184
W 16932032
R 19029248
W 16932096
R 19029312
W 16932160
R 19029376
W 16932224
R 19029440
W 16932288
R 19029504
W 16932352
R 19029568
W 16932416
R 19029632
W 16932480
R 19029696
W 16932544
R 19029760
W 16932608
R 19029824
W 16932672
R 19029888
W 16932736
R 19029952
W 16932800
R 19030016
W 16932864
R 19030080
W 16932928
R 19030144
W 16932992
R 19030208
W 16933056
R 19030272
W 16933120
R 19030336
W 16933184
R 19030400
W 16933248
R 19030464
W 16933312
R 19030528
W 16933376
R 19030592
W 16933440
R 19030656
W 16933504
R 19030720
W 16933568
R 19030784
W 16933632
R 19030848
W 16933696
R 19030912
W 16933760
R 19030976
W 16933824
R 19031040
W 16933888
R 19031104
W 16933952
R 19031168
W 16934016
R 19031232
W 16934080
R 19031296
W 16934144
R 19031360
W 16934208
R 19031424
W 16934272
R 19031488
W 16934336
R 19031552
W 16934400
R 19031616
W 16934464
R 19031680
W 16934528
R 19031744
W 16934592
R 19031808
W 16934656
R 19031872
W 16934720
R 19031936
W 16934784
R 19032000
W 16934848
R 19032064
W 16934912
R 19032128
W 16934976
R 19032192
W 16935040
R 19032256
W 16935104
R 19032320
W 16935168
R 19032384
W 16935232
R 19032448
W 16935296
R 19032512
W 16935360
R 19032576
W 16935424
R 19032640
W 16935488
R 19032704
W 16935552
R 19032768
W 16935616
R 19032832
W 16935680
R 19032896
W 16935744
R 19032960
W 16935808
R 19033024
W 16935872
R 19033088
W 16935936
R 19033152
W 16936000
R 19033216
W 16936064
R 19033280
W 16936128
R 19033344
W 16936192
R 19033408
W 16936256
R 19033472
W 16936320
R 19033536
W 16936384
R 19033600
W 16936448
R 19033664
W 16936512
R 19033728
W 16936576
R 19033792
W 16936640
R 19033856
W 16936704
R 19033920
W 16936768
R 19033984
W 16936832
R 19034048
W 16936896
R 19034112
W 16936960
R 19034176
W 16937024
R 19034240
W 16937088
R 19034304
W 16937152
R 19034368
W 16937216
R 19034432
W 16937280
R 19034496
W 16937344
R 19034560
W 16937408
R 19034624
W 16937472
R 19034688
W 16937536
R 19034752
W 16937600
R 19034816
W 16937664
R 19034880
W 16937728
R 19034944
W 16937792
R 19035008
W 16937856
R 19035072
W 16937920
R 19035136
W 16937984
R 19035200
W 16938048
R 19035264
W 16938112
R 19035328
W 16938176
R 19035392
W 16938240
R 19035456
W 16938304
R 19035520
W 16938368
R 19035584
W 16938432
R 19035648
W 16938496
R 19035712
W 16938560
R 19035776
W 16938624
R 19035840
W 16938688
R 19035904
W 16938752
R 19035968
W 16938816
R 19036032
W 16938880
R 19036096
W 16938944
R 19036160
W 16939008
R 19036224
W 16939072
R 19036288
W 16939136
R 19036352
W 16939200
R 19036416
W 16939264
R 19036480
W 16939328
R 19036544
W 16939392
R 19036608
W 16939456
R 19036672
W 16939520
R 19036736
W 16939584
R 19036800
W 16939648
R 19036864
W 16939712
R 19036928
W 16939776
R 19036992
W 16939840
R 19037056
W 16939904
R 19037120
W 16939968
R 19037184
W 16940032
R 19037248
W 16940096
R 19037312
W 16940160
R 19037376
W 16940224
R 19037440
W 16940288
R 19037504
W 16940352
R 19037568
W 16940416
R 19037632
W 16940480
R 19037696
W 16940544
R 19037760
W 16940608
R 19037824
W 16940672
R 19037888
W 16940736
R 19037952
W 16940800
R 19038016
W 16940864
R 19038080
W 16940928
R 19038144
W 16940992
R 19038208
W 16941056
R 19038272
W 16941120
R 19038336
W 16941184
R 19038400
W 16941248
R 19038464
W 16941312
R 19038528
W 16941376
R 19038592
W 16941440
R 19038656
W 16941504
R 19038720
W 16941568
R 19038784
W 16941632
R 19038848
W 16941696
R 19038912
W 16941760
R 19038976
W 16941824
R 19039040
W 16941888
R 19039104
W 16941952
R 19039168
W 16942016
R 19039232
W 16942080
R 19039296
W 16942144
R 19039360
W 16942208
R 19039424
W 16942272
R 19039488
W 16942336
R 19039552
W 16942400
R 19039616
W 16942464
R 19039680
W 16942528
R 19039744
W 16942592
R 19039808
W 16942656
R 19039872
W 16942720
R 19039936
W 16942784
R 19040000
W 16942848
R 19040064
W 16942912
R 19040128
W 16942976
R 19040192
W 16943040
R 19040256
W 16943104
R 19040320
W 16943168
R 19040384
W 16943232
R 19040448
W 16943296
R 19040512
W 16943360
R 19040576
W 16943424
R 19040640
W 16943488
R 19040704
W 16943552
R 19040768
W 16943616
R 19040832
W 16943680
R 19040896
W 16943744
R 19040960
W 16943808
R 19041024
W 16943872
R 19041088
W 16943936
R 19041152
W 16944000
R 19041216
W 16944064
R 19041280
W 16944128
R 19041344
W 16944192
R 19041408
W 16944256
R 19041472
W 16944320
R 19041536
W 16944384
R 19041600
W 16944448
R 19041664
W 16944512
R 19041728
W 16944576
R 19041792
W 16944640
R 19041856
W 16944704
R 19041920
W 16944768
R 19041984
W 16944832
R 19042048
W 16944896
R 19042112
W 16944960
R 19042176
W 16945024
R 19042240
W 16945088
R 19042304
W 16945152
R 19042368
W 16945216
R 19042432
W 16945280
R 19042496
W 16945344
R 19042560
W 16945408
R 19042624
W 16945472
R 19042688
W 16945536
R 19042752
W 16945600
R 19042816
W 16945664
R 19042880
W 16945728
R 19042944
W 16945792
R 19043008
W 16945856
R 19043072
W 16945920
R 19043136
W 16945984
R 19043200
W 16946048
R 19043264
W 16946112
R 19043328
W 16946176
R 19043392
W 16946240
R 19043456
W 16946304
R 19043520
W 16946368
R 19043584
W 16946432
R 19043648
W 16946496
R 19043712
W 16946560
R 19043776
W 16946624
R 19043840
W 16946688
R 19043904
W 16946752
R 19043968
W 16946816
R 19044032
W 16946880
R 19044096
W 16946944
R 19044160
W 16947008
R 19044224
W 16947072
R 19044288
W 16947136
R 19044352
W 16947200
R 19044416
W 16947264
R 19044480
W 16947328
R 19044544
W 16947392
R 19044608
W 16947456
R 19044672
W 16947520
R 19044736
W 16947584
R 19044800
W 16947648
R 19044864
W 16947712
R 19044928
W 16947776
R 19044992
W 16947840
R 19045056
W 16947904
R 19045120
W 16947968
R 19045184
W 16948032
R 19045248
W 16948096
R 19045312
W 16948160
R 19045376
W 16948224
R 19045440
W 16948288
R 19045504
W 16948352
R 19045568
W 16948416
R 19045632
W 16948480
R 19045696
W 16948544
R 19045760
W 16948608
R 19045824
W 16948672
R 19045888
W 16948736
R 19045952
W 16948800
R 19046016
W 16948864
R 19046080
W 16948928
R 19046144
W 16948992
R 19046208
W 16949056
R 19046272
W 16949120
R 19046336
W 16949184
R 19046400
W 16949248
R 19046464
W 16949312
R 19046528
W 16949376
R 19046592
W 16949440
R 19046656
W 16949504
R 19046720
W 16949568
R 19046784
W 16949632
R 19046848
W 16949696
R 19046912
W 16949760
R 19046976
W 16949824
R 19047040
W 16949888
R 19047104
W 16949952
R 19047168
W 16950016
R 19047232
W 16950080
R 19047296
W 16950144
R 19047360
W 16950208
R 19047424
W 16950272
R 19047488
W 16950336
R 19047552
W 16950400
R 19047616
W 16950464
R 19047680
W 16950528
R 19047744
W 16950592
R 19047808
W 16950656
R 19047872
W 16950720
R 19047936
W 16950784
R 19048000
W 16950848
R 19048064
W 16950912
R 19048128
W 16950976
R 19048192
W 16951040
R 19048256
W 16951104
R 19048320
W 16951168
R 19048384
W 16951232
R 19048448
W 16951296
R 19048512
W 16951360
R 19048576
W 16951424
R 19048640
W 16951488
R 19048704
W 16951552
R 19048768
W 16951616
R 19048832
W 16951680
R 19048896
W 16951744
R 19048960
W 16951808
R 19049024
W 16951872
R 19049088
W 16951936
R 19049152
W 16952000
R 19049216
W 16952064
R 19049280
W 16952128
R 19049344
W 16952192
R 19049408
W 16952256
R 19049472
W 16952320
R 19049536
W 16952384
R 19049600
W 16952448
R 19049664
W 16952512
R 19049728
W 16952576
R 19049792
W 16952640
R 19049856
W 16952704
R 19049920
W 16952768
R 19049984
W 16952832
R 19050048
W 16952896
R 19050112
W 16952960
R 19050176
W 16953024
R 19050240
W 16953088
R 19050304
W 16953152
R 19050368
W 16953216
R 19050432
W 16953280
R 19050496
W 16953344
R 19050560
W 16953408
R 19050624
W 16953472
R 19050688
W 16953536
R 19050752
W 16953600
R 19050816
W 16953664
R 19050880
W 16953728
R 19050944
W 16953792
R 19051008
W 16953856
R 19051072
W 16953920
R 19051136
W 16953984
R 19051200
W 16954048
R 19051264
W 16954112
R 19051328
W 16954176
R 19051392
W 16954240
R 19051456
W 16954304
R 19051520
W 16954368
R 19051584
W 16954432
R 19051648
W 16954496
R 19051712
W 16954560
R 19051776
W 16954624
R 19051840
W 16954688
R 19051904
W 16954752
R 19051968
W 16954816
R 19052032
W 16954880
R 19052096
W 16954944
R 19052160
W 16955008
R 19052224
W 16955072
R 19052288
W 16955136
R 19052352
W 16955200
R 19052416
W 16955264
R 19052480
W 16955328
R 19052544
W 16955392
R 19052608
W 16955456
R 19052672
W 16955520
R 19052736
W 16955584
R 19052800
W 16955648
R 19052864
W 16955712
R 19052928
W 16955776
R 19052992
W 16955840
R 19053056
W 16955904
R 19053120
W 16955968
R 19053184
W 16956032
R 19053248
W 16956096
R 19053312
W 16956160
R 19053376
W 16956224
R 19053440
W 16956288
R 19053504
W 16956352
R 19053568
W 16956416
R 19053632
W 16956480
R 19053696
W 16956544
R 19053760
W 16956608
R 19053824
W 16956672
R 19053888
W 16956736
R 19053952
W 16956800
R 19054016
W 16956864
R 19054080
W 16956928
R 19054144
W 16956992
R 19054208
W 16957056
R 19054272
W 16957120
R 19054336
W 16957184
R 19054400
W 16957248
R 19054464
W 16957312
R 19054528
W 16957376
R 19054592
W 16957440
R 19054656
W 16957504
R 19054720
W 16957568
R 19054784
W 16957632
R 19054848
W 16957696
R 19054912
W 16957760
R 19054976
W 16957824
R 19055040
W 16957888
R 19055104
W 16957952
R 19055168
W 16958016
R 19055232
W 16958080
R 19055296
W 16958144
R 19055360
W 16958208
R 19055424
W 16958272
R 19055488
W 16958336
R 19055552
W 16958400
R 19055616
W 16958464
R 19055680
W 16958528
R 19055744
W 16958592
R 19055808
W 16958656
R 19055872
W 16958720
R 19055936
W 16958784
R 19056000
W 16958848
R 19056064
W 16958912
R 19056128
W 16958976
R 19056192
W 16959040
R 19056256
W 16959104
R 19056320
W 16959168
R 19056384
W 16959232
R 19056448
W 16959296
R 19056512
W 16959360
R 19056576
W 16959424
R 19056640
W 16959488
R 19056704
W 16959552
R 19056768
W 16959616
R 19056832
W 16959680
R 19056896
W 16959744
R 19056960
W 16959808
R 19057024
W 16959872
R 19057088
W 16959936
R 19057152
W 16960000
R 19057216
W 16960064
R 19057280
W 16960128
R 19057344
W 16960192
R 19057408
W 16960256
R 19057472
W 16960320
R 19057536
W 16960384
R 19057600
W 16960448
R 19057664
W 16960512
R 19057728
W 16960576
R 19057792
W 16960640
R 19057856
W 16960704
R 19057920
W 16960768
R 19057984
W 16960832
R 19058048
W 16960896
R 19058112
W 16960960
R 19058176
W 16961024
R 19058240
W 16961088
R 19058304
W 16961152
R 19058368
W 16961216
R 19058432
W 16961280
R 19058496
W 16961344
R 19058560
W 16961408
R 19058624
W 16961472
R 19058688
W 16961536
R 19058752
W 16961600
R 19058816
W 16961664
R 19058880
W 16961728
R 19058944
W 16961792
R 19059008
W 16961856
R 19059072
W 16961920
R 19059136
W 16961984
R 19059200
W 16962048
R 19059264
W 16962112
R 19059328
W 16962176
R 19059392
W 16962240
R 19059456
W 16962304
R 19059520
W 16962368
R 19059584
W 16962432
R 19059648
W 16962496
R 19059712
W 16962560
R 19059776
W 16962624
R 19059840
W 16962688
R 19059904
W 16962752
R 19059968
W 16962816
R 19060032
W 16962880
R 19060096
W 16962944
R 19060160
W 16963008
R 19060224
W 16963072
R 19060288
W 16963136
R 19060352
W 16963200
R 19060416
W 16963264
R 19060480
W 16963328
R 19060544
W 16963392
R 19060608
W 16963456
R 19060672
W 16963520
R 19060736
W 16963584
R 19060800
W 16963648
R 19060864
W 16963712
R 19060928
W 16963776
R 19060992
W 16963840
R 19061056
W 16963904
R 19061120
W 16963968
R 19061184
W 16964032
R 19061248
W 16964096
R 19061312
W 16964160
R 19061376
W 16964224
R 19061440
W 16964288
R 19061504
W 16964352
R 19061568
W 16964416
R 19061632
W 16964480
R 19061696
W 16964544
R 19061760
W 16964608
R 19061824
W 16964672
R 19061888
W 16964736
R 19061952
W 16964800
R 19062016
W 16964864
R 19062080
W 16964928
R 19062144
W 16964992
R 19062208
W 16965056
R 19062272
W 16965120
R 19062336
W 16965184
R 19062400
W 16965248
R 19062464
W 16965312
R 19062528
W 16965376
R 19062592
W 16965440
R 19062656
W 16965504
R 19062720
W 16965568
R 19062784
W 16965632
R 19062848
W 16965696
R 19062912
W 16965760
R 19062976
W 16965824
R 19063040
W 16965888
R 19063104
W 16965952
R 19063168
W 16966016
R 19063232
W 16966080
R 19063296
W 16966144
R 19063360
W 16966208
R 19063424
W 16966272
R 19063488
W 16966336
R 19063552
W 16966400
R 19063616
W 16966464
R 19063680
W 16966528
R 19063744
W 16966592
R 19063808
W 16966656
R 19063872
W 16966720
R 19063936
W 16966784
R 19064000
W 16966848
R 19064064
W 16966912
R 19064128
W 16966976
R 19064192
W 16967040
R 19064256
W 16967104
R 19064320
W 16967168
R 19064384
W 16967232
R 19064448
W 16967296
R 19064512
W 16967360
R 19064576
W 16967424
R 19064640
W 16967488
R 19064704
W 16967552
R 19064768
W 16967616
R 19064832
W 16967680
R 19064896
W 16967744
R 19064960
W 16967808
R 19065024
W 16967872
R 19065088
W 16967936
R 19065152
W 16968000
R 19065216
W 16968064
R 19065280
W 16968128
R 19065344
W 16968192
R 19065408
W 16968256
R 19065472
W 16968320
R 19065536
W 16968384
R 19065600
W 16968448
R 19065664
W 16968512
R 19065728
W 16968576
R 19065792
W 16968640
R 19065856
W 16968704
R 19065920
W 16968768
R 19065984
W 16968832
R 19066048
W 16968896
R 19066112
W 16968960
R 19066176
W 16969024
R 19066240
W 16969088
R 19066304
W 16969152
R 19066368
W 16969216
R 19066432
W 16969280
R 19066496
W 16969344
R 19066560
W 16969408
R 19066624
W 16969472
R 19066688
W 16969536
R 19066752
W 16969600
R 19066816
W 16969664
R 19066880
W 16969728
R 19066944
W 16969792
R 19067008
W 16969856
R 19067072
W 16969920
R 19067136
W 16969984
R 19067200
W 16970048
R 19067264
W 16970112
R 19067328
W 16970176
R 19067392
W 16970240
R 19067456
W 16970304
R 19067520
W 16970368
R 19067584
W 16970432
R 19067648
W 16970496
R 19067712
W 16970560
R 19067776
W 16970624
R 19067840
W 16970688
R 19067904
W 16970752
R 19067968
W 16970816
R 19068032
W 16970880
R 19068096
W 16970944
R 19068160
W 16971008
R 19068224
W 16971072
R 19068288
W 16971136
R 19068352
W 16971200
R 19068416
W 16971264
R 19068480
W 16971328
R 19068544
W 16971392
R 19068608
W 16971456
R 19068672
W 16971520
R 19068736
W 16971584
R 19068800
W 16971648
R 19068864
W 16971712
R 19068928
W 16971776
R 19068992
W 16971840
R 19069056
W 16971904
R 19069120
W 16971968
R 19069184
W 16972032
R 19069248
W 16972096
R 19069312
W 16972160
R 19069376
W 16972224
R 19069440
W 16972288
R 19069504
W 16972352
R 19069568
W 16972416
R 19069632
W 16972480
R 19069696
W 16972544
R 19069760
W 16972608
R 19069824
W 16972672
R 19069888
W 16972736
R 19069952
W 16972800
R 19070016
W 16972864
R 19070080
W 16972928
R 19070144
W 16972992
R 19070208
W 16973056
R 19070272
W 16973120
R 19070336
W 16973184
R 19070400
W 16973248
R 19070464
W 16973312
R 19070528
W 16973376
R 19070592
W 16973440
R 19070656
W 16973504
R 19070720
W 16973568
R 19070784
W 16973632
R 19070848
W 16973696
R 19070912
W 16973760
R 19070976
W 16973824
R 19071040
W 16973888
R 19071104
W 16973952
R 19071168
W 16974016
R 19071232
W 16974080
R 19071296
W 16974144
R 19071360
W 16974208
R 19071424
W 16974272
R 19071488
W 16974336
R 19071552
W 16974400
R 19071616
W 16974464
R 19071680
W 16974528
R 19071744
W 16974592
R 19071808
W 16974656
R 19071872
W 16974720
R 19071936
W 16974784
R 19072000
W 16974848
R 19072064
W 16974912
R 19072128
W 16974976
R 19072192
W 16975040
R 19072256
W 16975104
R 19072320
W 16975168
R 19072384
W 16975232
R 19072448
W 16975296
R 19072512
W 16975360
R 19072576
W 16975424
R 19072640
W 16975488
R 19072704
W 16975552
R 19072768
W 16975616
R 19072832
W 16975680
R 19072896
W 16975744
R 19072960
W 16975808
R 19073024
W 16975872
R 19073088
W 16975936
R 19073152
W 16976000
R 19073216
W 16976064
R 19073280
W 16976128
R 19073344
W 16976192
R 19073408
W 16976256
R 19073472
W 16976320
R 19073536
W 16976384
R 19073600
W 16976448
R 19073664
W 16976512
R 19073728
W 16976576
R 19073792
W 16976640
R 19073856
W 16976704
R 19073920
W 16976768
R 19073984
W 16976832
R 19074048
W 16976896
R 19074112
W 16976960
R 19074176
W 16977024
R 19074240
W 16977088
R 19074304
W 16977152
R 19074368
W 16977216
R 19074432
W 16977280
R 19074496
W 16977344
R 19074560
W 16977408
R 19074624
W 16977472
R 19074688
W 16977536
R 19074752
W 16977600
R 19074816
W 16977664
R 19074880
W 16977728
R 19074944
W 16977792
R 19075008
W 16977856
R 19075072
W 16977920
R 19075136
W 16977984
R 19075200
W 16978048
R 19075264
W 16978112
R 19075328
W 16978176
R 19075392
W 16978240
R 19075456
W 16978304
R 19075520
W 16978368
R 19075584
W 16978432
R 19075648
W 16978496
R 19075712
W 16978560
R 19075776
W 16978624
R 19075840
W 16978688
R 19075904
W 16978752
R 19075968
W 16978816
R 19076032
W 16978880
R 19076096
W 16978944
R 19076160
W 16979008
R 19076224
W 16979072
R 19076288
W 16979136
R 19076352
W 16979200
R 19076416
W 16979264
R 19076480
W 16979328
R 19076544
W 16979392
R 19076608
W 16979456
R 19076672
W 16979520
R 19076736
W 16979584
R 19076800
W 16979648
R 19076864
W 16979712
R 19076928
W 16979776
R 19076992
W 16979840
R 19077056
W 16979904
R 19077120
W 16979968
R 19077184
W 16980032
R 19077248
W 16980096
R 19077312
W 16980160
R 19077376
W 16980224
R 19077440
W 16980288
R 19077504
W 16980352
R 19077568
W 16980416
R 19077632
W 16980480
R 19077696
W 16980544
R 19077760
W 16980608
R 19077824
W 16980672
R 19077888
W 16980736
R 19077952
W 16980800
R 19078016
W 16980864
R 19078080
W 16980928
R 19078144
W 16980992
R 19078208
W 16981056
R 19078272
W 16981120
R 19078336
W 16981184
R 19078400
W 16981248
R 19078464
W 16981312
R 19078528
W 16981376
R 19078592
W 16981440
R 19078656
W 16981504
R 19078720
W 16981568
R 19078784
W 16981632
R 19078848
W 16981696
R 19078912
W 16981760
R 19078976
W 16981824
R 19079040
W 16981888
R 19079104
W 16981952
R 19079168
W 16982016
R 19079232
W 16982080
R 19079296
W 16982144
R 19079360
W 16982208
R 19079424
W 16982272
R 19079488
W 16982336
R 19079552
W 16982400
R 19079616
W 16982464
R 19079680
W 16982528
R 19079744
W 16982592
R 19079808
W 16982656
R 19079872
W 16982720
R 19079936
W 16982784
R 19080000
W 16982848
R 19080064
W 16982912
R 19080128
W 16982976
R 19080192
W 16983040
R 19080256
W 16983104
R 19080320
W 16983168
R 19080384
W 16983232
R 19080448
W 16983296
R 19080512
W 16983360
R 19080576
W 16983424
R 19080640
W 16983488
R 19080704
W 16983552
R 19080768
W 16983616
R 19080832
W 16983680
R 19080896
W 16983744
R 19080960
W 16983808
R 19081024
W 16983872
R 19081088
W 16983936
R 19081152
W 16984000
R 19081216
W 16984064
R 19081280
W 16984128
R 19081344
W 16984192
R 19081408
W 16984256
R 19081472
W 16984320
R 19081536
W 16984384
R 19081600
W 16984448
R 19081664
W 16984512
R 19081728
W 16984576
R 19081792
W 16984640
R 19081856
W 16984704
R 19081920
W 16984768
R 19081984
W 16984832
R 19082048
W 16984896
R 19082112
W 16984960
R 19082176
W 16985024
R 19082240
W 16985088
R 19082304
W 16985152
R 19082368
W 16985216
R 19082432
W 16985280
R 19082496
W 16985344
R 19082560
W 16985408
R 19082624
W 16985472
R 19082688
W 16985536
R 19082752
W 16985600
R 19082816
W 16985664
R 19082880
W 16985728
R 19082944
W 16985792
R 19083008
W 16985856
R 19083072
W 16985920
R 19083136
W 16985984
R 19083200
W 16986048
R 19083264
W 16986112
R 19083328
W 16986176
R 19083392
W 16986240
R 19083456
W 16986304
R 19083520
W 16986368
R 19083584
W 16986432
R 19083648
W 16986496
R 19083712
W 16986560
R 19083776
W 16986624
R 19083840
W 16986688
R 19083904
W 16986752
R 19083968
W 16986816
R 19084032
W 16986880
R 19084096
W 16986944
R 19084160
W 16987008
R 19084224
W 16987072
R 19084288
W 16987136
R 19084352
W 16987200
R 19084416
W 16987264
R 19084480
W 16987328
R 19084544
W 16987392
R 19084608
W 16987456
R 19084672
W 16987520
R 19084736
W 16987584
R 19084800
W 16987648
R 19084864
W 16987712
R 19084928
W 16987776
R 19084992
W 16987840
R 19085056
W 16987904
R 19085120
W 16987968
R 19085184
W 16988032
R 19085248
W 16988096
R 19085312
W 16988160
R 19085376
W 16988224
R 19085440
W 16988288
R 19085504
W 16988352
R 19085568
W 16988416
R 19085632
W 16988480
R 19085696
W 16988544
R 19085760
W 16988608
R 19085824
W 16988672
R 19085888
W 16988736
R 19085952
W 16988800
R 19086016
W 16988864
R 19086080
W 16988928
R 19086144
W 16988992
R 19086208
W 16989056
R 19086272
W 16989120
R 19086336
W 16989184
R 19086400
W 16989248
R 19086464
W 16989312
R 19086528
W 16989376
R 19086592
W 16989440
R 19086656
W 16989504
R 19086720
W 16989568
R 19086784
W 16989632
R 19086848
W 16989696
R 19086912
W 16989760
R 19086976
W 16989824
R 19087040
W 16989888
R 19087104
W 16989952
R 19087168
W 16990016
R 19087232
W 16990080
R 19087296
W 16990144
R 19087360
W 16990208
R 19087424
W 16990272
R 19087488
W 16990336
R 19087552
W 16990400
R 19087616
W 16990464
R 19087680
W 16990528
R 19087744
W 16990592
R 19087808
W 16990656
R 19087872
W 16990720
R 19087936
W 16990784
R 19088000
W 16990848
R 19088064
W 16990912
R 19088128
W 16990976
R 19088192
W 16991040
R 19088256
W 16991104
R 19088320
W 16991168
R 19088384
W 16991232
R 19088448
W 16991296
R 19088512
W 16991360
R 19088576
W 16991424
R 19088640
W 16991488
R 19088704
W 16991552
R 19088768
W 16991616
R 19088832
W 16991680
R 19088896
W 16991744
R 19088960
W 16991808
R 19089024
W 16991872
R 19089088
W 16991936
R 19089152
W 16992000
R 19089216
W 16992064
R 19089280
W 16992128
R 19089344
W 16992192
R 19089408
W 16992256
R 19089472
W 16992320
R 19089536
W 16992384
R 19089600
W 16992448
R 19089664
W 16992512
R 19089728
W 16992576
R 19089792
W 16992640
R 19089856
W 16992704
R 19089920
W 16992768
R 19089984
W 16992832
R 19090048
W 16992896
R 19090112
W 16992960
R 19090176
W 16993024
R 19090240
W 16993088
R 19090304
W 16993152
R 19090368
W 16993216
R 19090432
W 16993280
R 19090496
W 16993344
R 19090560
W 16993408
R 19090624
W 16993472
R 19090688
W 16993536
R 19090752
W 16993600
R 19090816
W 16993664
R 19090880
W 16993728
R 19090944
W 16993792
R 19091008
W 16993856
R 19091072
W 16993920
R 19091136
W 16993984
R 19091200
W 16994048
R 19091264
W 16994112
R 19091328
W 16994176
R 19091392
W 16994240
R 19091456
W 16994304
R 19091520
W 16994368
R 19091584
W 16994432
R 19091648
W 16994496
R 19091712
W 16994560
R 19091776
W 16994624
R 19091840
W 16994688
R 19091904
W 16994752
R 19091968
W 16994816
R 19092032
W 16994880
R 19092096
W 16994944
R 19092160
W 16995008
R 19092224
W 16995072
R 19092288
W 16995136
R 19092352
W 16995200
R 19092416
W 16995264
R 19092480
W 16995328
R 19092544
W 16995392
R 19092608
W 16995456
R 19092672
W 16995520
R 19092736
W 16995584
R 19092800
W 16995648
R 19092864
W 16995712
R 19092928
W 16995776
R 19092992
W 16995840
R 19093056
W 16995904
R 19093120
W 16995968
R 19093184
W 16996032
R 19093248
W 16996096
R 19093312
W 16996160
R 19093376
W 16996224
R 19093440
W 16996288
R 19093504
W 16996352
R 19093568
W 16996416
R 19093632
W 16996480
R 19093696
W 16996544
R 19093760
W 16996608
R 19093824
W 16996672
R 19093888
W 16996736
R 19093952
W 16996800
R 19094016
W 16996864
R 19094080
W 16996928
R 19094144
W 16996992
R 19094208
W 16997056
R 19094272
W 16997120
R 19094336
W 16997184
R 19094400
W 16997248
R 19094464
W 16997312
R 19094528
W 16997376
R 19094592
W 16997440
R 19094656
W 16997504
R 19094720
W 16997568
R 19094784
W 16997632
R 19094848
W 16997696
R 19094912
W 16997760
R 19094976
W 16997824
R 19095040
W 16997888
R 19095104
W 16997952
R 19095168
W 16998016
R 19095232
W 16998080
R 19095296
W 16998144
R 19095360
W 16998208
R 19095424
W 16998272
R 19095488
W 16998336
R 19095552
W 16998400
R 19095616
W 16998464
R 19095680
W 16998528
R 19095744
W 16998592
R 19095808
W 16998656
R 19095872
W 16998720
R 19095936
W 16998784
R 19096000
W 16998848
R 19096064
W 16998912
R 19096128
W 16998976
R 19096192
W 16999040
R 19096256
W 16999104
R 19096320
W 16999168
R 19096384
W 16999232
R 19096448
W 16999296
R 19096512
W 16999360
R 19096576
W 16999424
R 19096640
W 16999488
R 19096704
W 16999552
R 19096768
W 16999616
R 19096832
W 16999680
R 19096896
W 16999744
R 19096960
W 16999808
R 19097024
W 16999872
R 19097088
W 16999936
R 19097152
W 17000000
R 19097216
W 17000064
R 19097280
W 17000128
R 19097344
W 17000192
R 19097408
W 17000256
R 19097472
W 17000320
R 19097536
W 17000384
R 19097600
W 17000448
R 19097664
W 17000512
R 19097728
W 17000576
R 19097792
W 17000640
R 19097856
W 17000704
R 19097920
W 17000768
R 19097984
W 17000832
R 19098048
W 17000896
R 19098112
W 17000960
R 19098176
W 17001024
R 19098240
W 17001088
R 19098304
W 17001152
R 19098368
W 17001216
R 19098432
W 17001280
R 19098496
W 17001344
R 19098560
W 17001408
R 19098624
W 17001472
R 19098688
W 17001536
R 19098752
W 17001600
R 19098816
W 17001664
R 19098880
W 17001728
R 19098944
W 17001792
R 19099008
W 17001856
R 19099072
W 17001920
R 19099136
W 17001984
R 19099200
W 17002048
R 19099264
W 17002112
R 19099328
W 17002176
R 19099392
W 17002240
R 19099456
W 17002304
R 19099520
W 17002368
R 19099584
W 17002432
R 19099648
W 17002496
R 19099712
W 17002560
R 19099776
W 17002624
R 19099840
W 17002688
R 19099904
W 17002752
R 19099968
W 17002816
R 19100032
W 17002880
R 19100096
W 17002944
R 19100160
W 17003008
R 19100224
W 17003072
R 19100288
W 17003136
R 19100352
W 17003200
R 19100416
W 17003264
R 19100480
W 17003328
R 19100544
W 17003392
R 19100608
W 17003456
R 19100672
W 17003520
R 19100736
W 17003584
R 19100800
W 17003648
R 19100864
W 17003712
R 19100928
W 17003776
R 19100992
W 17003840
R 19101056
W 17003904
R 19101120
W 17003968
R 19101184
W 17004032
R 19101248
W 17004096
R 19101312
W 17004160
R 19101376
W 17004224
R 19101440
W 17004288
R 19101504
W 17004352
R 19101568
W 17004416
R 19101632
W 17004480
R 19101696
W 17004544
R 19101760
W 17004608
R 19101824
W 17004672
R 19101888
W 17004736
R 19101952
W 17004800
R 19102016
W 17004864
R 19102080
W 17004928
R 19102144
W 17004992
R 19102208
W 17005056
R 19102272
W 17005120
R 19102336
W 17005184
R 19102400
W 17005248
R 19102464
W 17005312
R 19102528
W 17005376
R 19102592
W 17005440
R 19102656
W 17005504
R 19102720
W 17005568
R 19102784
W 17005632
R 19102848
W 17005696
R 19102912
W 17005760
R 19102976
W 17005824
R 19103040
W 17005888
R 19103104
W 17005952
R 19103168
W 17006016
R 19103232
W 17006080
R 19103296
W 17006144
R 19103360
W 17006208
R 19103424
W 17006272
R 19103488
W 17006336
R 19103552
W 17006400
R 19103616
W 17006464
R 19103680
W 17006528
R 19103744
W 17006592
R 19103808
W 17006656
R 19103872
W 17006720
R 19103936
W 17006784
R 19104000
W 17006848
R 19104064
W 17006912
R 19104128
W 17006976
R 19104192
W 17007040
R 19104256
W 17007104
R 19104320
W 17007168
R 19104384
W 17007232
R 19104448
W 17007296
R 19104512
W 17007360
R 19104576
W 17007424
R 19104640
W 17007488
R 19104704
W 17007552
R 19104768
W 17007616
R 19104832
W 17007680
R 19104896
W 17007744
R 19104960
W 17007808
R 19105024
W 17007872
R 19105088
W 17007936
R 19105152
W 17008000
R 19105216
W 17008064
R 19105280
W 17008128
R 19105344
W 17008192
R 19105408
W 17008256
R 19105472
W 17008320
R 19105536
W 17008384
R 19105600
W 17008448
R 19105664
W 17008512
R 19105728
W 17008576
R 19105792
W 17008640
R 19105856
W 17008704
R 19105920
W 17008768
R 19105984
W 17008832
R 19106048
W 17008896
R 19106112
W 17008960
R 19106176
W 17009024
R 19106240
W 17009088
R 19106304
W 17009152
R 19106368
W 17009216
R 19106432
W 17009280
R 19106496
W 17009344
R 19106560
W 17009408
R 19106624
W 17009472
R 19106688
W 17009536
R 19106752
W 17009600
R 19106816
W 17009664
R 19106880
W 17009728
R 19106944
W 17009792
R 19107008
W 17009856
R 19107072
W 17009920
R 19107136
W 17009984
R 19107200
W 17010048
R 19107264
W 17010112
R 19107328
W 17010176
R 19107392
W 17010240
R 19107456
W 17010304
R 19107520
W 17010368
R 19107584
W 17010432
R 19107648
W 17010496
R 19107712
W 17010560
R 19107776
W 17010624
R 19107840
W 17010688
R 19107904
W 17010752
R 19107968
W 17010816
R 19108032
W 17010880
R 19108096
W 17010944
R 19108160
W 17011008
R 19108224
W 17011072
R 19108288
W 17011136
R 19108352
W 17011200
R 19108416
W 17011264
R 19108480
W 17011328
R 19108544
W 17011392
R 19108608
W 17011456
R 19108672
W 17011520
R 19108736
W 17011584
R 19108800
W 17011648
R 19108864
W 17011712
R 19108928
W 17011776
R 19108992
W 17011840
R 19109056
W 17011904
R 19109120
W 17011968
R 19109184
W 17012032
R 19109248
W 17012096
R 19109312
W 17012160
R 19109376
W 17012224
R 19109440
W 17012288
R 19109504
W 17012352
R 19109568
W 17012416
R 19109632
W 17012480
R 19109696
W 17012544
R 19109760
W 17012608
R 19109824
W 17012672
R 19109888
W 17012736
R 19109952
W 17012800
R 19110016
W 17012864
R 19110080
W 17012928
R 19110144
W 17012992
R 19110208
W 17013056
R 19110272
W 17013120
R 19110336
W 17013184
R 19110400
W 17013248
R 19110464
W 17013312
R 19110528
W 17013376
R 19110592
W 17013440
R 19110656
W 17013504
R 19110720
W 17013568
R 19110784
W 17013632
R 19110848
W 17013696
R 19110912
W 17013760
R 19110976
W 17013824
R 19111040
W 17013888
R 19111104
W 17013952
R 19111168
W 17014016
R 19111232
W 17014080
R 19111296
W 17014144
R 19111360
W 17014208
R 19111424
W 17014272
R 19111488
W 17014336
R 19111552
W 17014400
R 19111616
W 17014464
R 19111680
W 17014528
R 19111744
W 17014592
R 19111808
W 17014656
R 19111872
W 17014720
R 19111936
W 17014784
R 19112000
W 17014848
R 19112064
W 17014912
R 19112128
W 17014976
R 19112192
W 17015040
R 19112256
W 17015104
R 19112320
W 17015168
R 19112384
W 17015232
R 19112448
W 17015296
R 19112512
W 17015360
R 19112576
W 17015424
R 19112640
W 17015488
R 19112704
W 17015552
R 19112768
W 17015616
R 19112832
W 17015680
R 19112896
W 17015744
R 19112960
W 17015808
R 19113024
W 17015872
R 19113088
W 17015936
R 19113152
W 17016000
R 19113216
W 17016064
R 19113280
W 17016128
R 19113344
W 17016192
R 19113408
W 17016256
R 19113472
W 17016320
R 19113536
W 17016384
R 19113600
W 17016448
R 19113664
W 17016512
R 19113728
W 17016576
R 19113792
W 17016640
R 19113856
W 17016704
R 19113920
W 17016768
R 19113984
W 17016832
R 19114048
W 17016896
R 19114112
W 17016960
R 19114176
W 17017024
R 19114240
W 17017088
R 19114304
W 17017152
R 19114368
W 17017216
R 19114432
W 17017280
R 19114496
W 17017344
R 19114560
W 17017408
R 19114624
W 17017472
R 19114688
W 17017536
R 19114752
W 17017600
R 19114816
W 17017664
R 19114880
W 17017728
R 19114944
W 17017792
R 19115008
W 17017856
R 19115072
W 17017920
R 19115136
W 17017984
R 19115200
W 17018048
R 19115264
W 17018112
R 19115328
W 17018176
R 19115392
W 17018240
R 19115456
W 17018304
R 19115520
W 17018368
R 19115584
W 17018432
R 19115648
W 17018496
R 19115712
W 17018560
R 19115776
W 17018624
R 19115840
W 17018688
R 19115904
W 17018752
R 19115968
W 17018816
R 19116032
W 17018880
R 19116096
W 17018944
R 19116160
W 17019008
R 19116224
W 17019072
R 19116288
W 17019136
R 19116352
W 17019200
R 19116416
W 17019264
R 19116480
W 17019328
R 19116544
W 17019392
R 19116608
W 17019456
R 19116672
W 17019520
R 19116736
W 17019584
R 19116800
W 17019648
R 19116864
W 17019712
R 19116928
W 17019776
R 19116992
W 17019840
R 19117056
W 17019904
R 19117120
W 17019968
R 19117184
W 17020032
R 19117248
W 17020096
R 19117312
W 17020160
R 19117376
W 17020224
R 19117440
W 17020288
R 19117504
W 17020352
R 19117568
W 17020416
R 19117632
W 17020480
R 19117696
W 17020544
R 19117760
W 17020608
R 19117824
W 17020672
R 19117888
W 17020736
R 19117952
W 17020800
R 19118016
W 17020864
R 19118080
W 17020928
R 19118144
W 17020992
R 19118208
W 17021056
R 19118272
W 17021120
R 19118336
W 17021184
R 19118400
W 17021248
R 19118464
W 17021312
R 19118528
W 17021376
R 19118592
W 17021440
R 19118656
W 17021504
R 19118720
W 17021568
R 19118784
W 17021632
R 19118848
W 17021696
R 19118912
W 17021760
R 19118976
W 17021824
R 19119040
W 17021888
R 19119104
W 17021952
R 19119168
W 17022016
R 19119232
W 17022080
R 19119296
W 17022144
R 19119360
W 17022208
R 19119424
W 17022272
R 19119488
W 17022336
R 19119552
W 17022400
R 19119616
W 17022464
R 19119680
W 17022528
R 19119744
W 17022592
R 19119808
W 17022656
R 19119872
W 17022720
R 19119936
W 17022784
R 19120000
W 17022848
R 19120064
W 17022912
R 19120128
W 17022976
R 19120192
W 17023040
R 19120256
W 17023104
R 19120320
W 17023168
R 19120384
W 17023232
R 19120448
W 17023296
R 19120512
W 17023360
R 19120576
W 17023424
R 19120640
W 17023488
R 19120704
W 17023552
R 19120768
W 17023616
R 19120832
W 17023680
R 19120896
W 17023744
R 19120960
W 17023808
R 19121024
W 17023872
R 19121088
W 17023936
R 19121152
W 17024000
R 19121216
W 17024064
R 19121280
W 17024128
R 19121344
W 17024192
R 19121408
W 17024256
R 19121472
W 17024320
R 19121536
W 17024384
R 19121600
W 17024448
R 19121664
W 17024512
R 19121728
W 17024576
R 19121792
W 17024640
R 19121856
W 17024704
R 19121920
W 17024768
R 19121984
W 17024832
R 19122048
W 17024896
R 19122112
W 17024960
R 19122176
W 17025024
R 19122240
W 17025088
R 19122304
W 17025152
R 19122368
W 17025216
R 19122432
W 17025280
R 19122496
W 17025344
R 19122560
W 17025408
R 19122624
W 17025472
R 19122688
W 17025536
R 19122752
W 17025600
R 19122816
W 17025664
R 19122880
W 17025728
R 19122944
W 17025792
R 19123008
W 17025856
R 19123072
W 17025920
R 19123136
W 17025984
R 19123200
W 17026048
R 19123264
W 17026112
R 19123328
W 17026176
R 19123392
W 17026240
R 19123456
W 17026304
R 19123520
W 17026368
R 19123584
W 17026432
R 19123648
W 17026496
R 19123712
W 17026560
R 19123776
W 17026624
R 19123840
W 17026688
R 19123904
W 17026752
R 19123968
W 17026816
R 19124032
W 17026880
R 19124096
W 17026944
R 19124160
W 17027008
R 19124224
W 17027072
R 19124288
W 17027136
R 19124352
W 17027200
R 19124416
W 17027264
R 19124480
W 17027328
R 19124544
W 17027392
R 19124608
W 17027456
R 19124672
W 17027520
R 19124736
W 17027584
R 19124800
W 17027648
R 19124864
W 17027712
R 19124928
W 17027776
R 19124992
W 17027840
R 19125056
W 17027904
R 19125120
W 17027968
R 19125184
W 17028032
R 19125248
W 17028096
R 19125312
W 17028160
R 19125376
W 17028224
R 19125440
W 17028288
R 19125504
W 17028352
R 19125568
W 17028416
R 19125632
W 17028480
R 19125696
W 17028544
R 19125760
W 17028608
R 19125824
W 17028672
R 19125888
W 17028736
R 19125952
W 17028800
R 19126016
W 17028864
R 19126080
W 17028928
R 19126144
W 17028992
R 19126208
W 17029056
R 19126272
W 17029120
R 19126336
W 17029184
R 19126400
W 17029248
R 19126464
W 17029312
R 19126528
W 17029376
R 19126592
W 17029440
R 19126656
W 17029504
R 19126720
W 17029568
R 19126784
W 17029632
R 19126848
W 17029696
R 19126912
W 17029760
R 19126976
W 17029824
R 19127040
W 17029888
R 19127104
W 17029952
R 19127168
W 17030016
R 19127232
W 17030080
R 19127296
W 17030144
R 19127360
W 17030208
R 19127424
W 17030272
R 19127488
W 17030336
R 19127552
W 17030400
R 19127616
W 17030464
R 19127680
W 17030528
R 19127744
W 17030592
R 19127808
W 17030656
R 19127872
W 17030720
R 19127936
W 17030784
R 19128000
W 17030848
R 19128064
W 17030912
R 19128128
W 17030976
R 19128192
W 17031040
R 19128256
W 17031104
R 19128320
W 17031168
R 19128384
W 17031232
R 19128448
W 17031296
R 19128512
W 17031360
R 19128576
W 17031424
R 19128640
W 17031488
R 19128704
W 17031552
R 19128768
W 17031616
R 19128832
W 17031680
R 19128896
W 17031744
R 19128960
W 17031808
R 19129024
W 17031872
R 19129088
W 17031936
R 19129152
W 17032000
R 19129216
W 17032064
R 19129280
W 17032128
R 19129344
W 17032192
R 19129408
W 17032256
R 19129472
W 17032320
R 19129536
W 17032384
R 19129600
W 17032448
R 19129664
W 17032512
R 19129728
W 17032576
R 19129792
W 17032640
R 19129856
W 17032704
R 19129920
W 17032768
R 19129984
W 17032832
R 19130048
W 17032896
R 19130112
W 17032960
R 19130176
W 17033024
R 19130240
W 17033088
R 19130304
W 17033152
R 19130368
W 17033216
R 19130432
W 17033280
R 19130496
W 17033344
R 19130560
W 17033408
R 19130624
W 17033472
R 19130688
W 17033536
R 19130752
W 17033600
R 19130816
W 17033664
R 19130880
W 17033728
R 19130944
W 17033792
R 19131008
W 17033856
R 19131072
W 17033920
R 19131136
W 17033984
R 19131200
W 17034048
R 19131264
W 17034112
R 19131328
W 17034176
R 19131392
W 17034240
R 19131456
W 17034304
R 19131520
W 17034368
R 19131584
W 17034432
R 19131648
W 17034496
R 19131712
W 17034560
R 19131776
W 17034624
R 19131840
W 17034688
R 19131904
W 17034752
R 19131968
W 17034816
R 19132032
W 17034880
R 19132096
W 17034944
R 19132160
W 17035008
R 19132224
W 17035072
R 19132288
W 17035136
R 19132352
W 17035200
R 19132416
W 17035264
R 19132480
W 17035328
R 19132544
W 17035392
R 19132608
W 17035456
R 19132672
W 17035520
R 19132736
W 17035584
R 19132800
W 17035648
R 19132864
W 17035712
R 19132928
W 17035776
R 19132992
W 17035840
R 19133056
W 17035904
R 19133120
W 17035968
R 19133184
W 17036032
R 19133248
W 17036096
R 19133312
W 17036160
R 19133376
W 17036224
R 19133440
W 17036288
R 19133504
W 17036352
R 19133568
W 17036416
R 19133632
W 17036480
R 19133696
W 17036544
R 19133760
W 17036608
R 19133824
W 17036672
R 19133888
W 17036736
R 19133952
W 17036800
R 19134016
W 17036864
R 19134080
W 17036928
R 19134144
W 17036992
R 19134208
W 17037056
R 19134272
W 17037120
R 19134336
W 17037184
R 19134400
W 17037248
R 19134464
W 17037312
R 19134528
W 17037376
R 19134592
W 17037440
R 19134656
W 17037504
R 19134720
W 17037568
R 19134784
W 17037632
R 19134848
W 17037696
R 19134912
W 17037760
R 19134976
W 17037824
R 19135040
W 17037888
R 19135104
W 17037952
R 19135168
W 17038016
R 19135232
W 17038080
R 19135296
W 17038144
R 19135360
W 17038208
R 19135424
W 17038272
R 19135488
W 17038336
R 19135552
W 17038400
R 19135616
W 17038464
R 19135680
W 17038528
R 19135744
W 17038592
R 19135808
W 17038656
R 19135872
W 17038720
R 19135936
W 17038784
R 19136000
W 17038848
R 19136064
W 17038912
R 19136128
W 17038976
R 19136192
W 17039040
R 19136256
W 17039104
R 19136320
W 17039168
R 19136384
W 17039232
R 19136448
W 17039296
R 19136512
W 17039360
R 19136576
W 17039424
R 19136640
W 17039488
R 19136704
W 17039552
R 19136768
W 17039616
R 19136832
W 17039680
R 19136896
W 17039744
R 19136960
W 17039808
R 19137024
W 17039872
R 19137088
W 17039936
R 19137152
W 17040000
R 19137216
W 17040064
R 19137280
W 17040128
R 19137344
W 17040192
R 19137408
W 17040256
R 19137472
W 17040320
R 19137536
W 17040384
R 19137600
W 17040448
R 19137664
W 17040512
R 19137728
W 17040576
R 19137792
W 17040640
R 19137856
W 17040704
R 19137920
W 17040768
R 19137984
W 17040832
R 19138048
W 17040896
R 19138112
W 17040960
R 19138176
W 17041024
R 19138240
W 17041088
R 19138304
W 17041152
R 19138368
W 17041216
R 19138432
W 17041280
R 19138496
W 17041344
R 19138560
W 17041408
R 19138624
W 17041472
R 19138688
W 17041536
R 19138752
W 17041600
R 19138816
W 17041664
R 19138880
W 17041728
R 19138944
W 17041792
R 19139008
W 17041856
R 19139072
W 17041920
R 19139136
W 17041984
R 19139200
W 17042048
R 19139264
W 17042112
R 19139328
W 17042176
R 19139392
W 17042240
R 19139456
W 17042304
R 19139520
W 17042368
R 19139584
W 17042432
R 19139648
W 17042496
R 19139712
W 17042560
R 19139776
W 17042624
R 19139840
W 17042688
R 19139904
W 17042752
R 19139968
W 17042816
R 19140032
W 17042880
R 19140096
W 17042944
R 19140160
W 17043008
R 19140224
W 17043072
R 19140288
W 17043136
R 19140352
W 17043200
R 19140416
W 17043264
R 19140480
W 17043328
R 19140544
W 17043392
R 19140608
W 17043456
R 19140672
W 17043520
R 19140736
W 17043584
R 19140800
W 17043648
R 19140864
W 17043712
R 19140928
W 17043776
R 19140992
W 17043840
R 19141056
W 17043904
R 19141120
W 17043968
R 19141184
W 17044032
R 19141248
W 17044096
R 19141312
W 17044160
R 19141376
W 17044224
R 19141440
W 17044288
R 19141504
W 17044352
R 19141568
W 17044416
R 19141632
W 17044480
R 19141696
W 17044544
R 19141760
W 17044608
R 19141824
W 17044672
R 19141888
W 17044736
R 19141952
W 17044800
R 19142016
W 17044864
R 19142080
W 17044928
R 19142144
W 17044992
R 19142208
W 17045056
R 19142272
W 17045120
R 19142336
W 17045184
R 19142400
W 17045248
R 19142464
W 17045312
R 19142528
W 17045376
R 19142592
W 17045440
R 19142656
W 17045504
R 19142720
W 17045568
R 19142784
W 17045632
R 19142848
W 17045696
R 19142912
W 17045760
R 19142976
W 17045824
R 19143040
W 17045888
R 19143104
W 17045952
R 19143168
W 17046016
R 19143232
W 17046080
R 19143296
W 17046144
R 19143360
W 17046208
R 19143424
W 17046272
R 19143488
W 17046336
R 19143552
W 17046400
R 19143616
W 17046464
R 19143680
W 17046528
R 19143744
W 17046592
R 19143808
W 17046656
R 19143872
W 17046720
R 19143936
W 17046784
R 19144000
W 17046848
R 19144064
W 17046912
R 19144128
W 17046976
R 19144192
W 17047040
R 19144256
W 17047104
R 19144320
W 17047168
R 19144384
W 17047232
R 19144448
W 17047296
R 19144512
W 17047360
R 19144576
W 17047424
R 19144640
W 17047488
R 19144704
W 17047552
R 19144768
W 17047616
R 19144832
W 17047680
R 19144896
W 17047744
R 19144960
W 17047808
R 19145024
W 17047872
R 19145088
W 17047936
R 19145152
W 17048000
R 19145216
W 17048064
R 19145280
W 17048128
R 19145344
W 17048192
R 19145408
W 17048256
R 19145472
W 17048320
R 19145536
W 17048384
R 19145600
W 17048448
R 19145664
W 17048512
R 19145728
W 17048576
R 19145792
W 17048640
R 19145856
W 17048704
R 19145920
W 17048768
R 19145984
W 17048832
R 19146048
W 17048896
R 19146112
W 17048960
R 19146176
W 17049024
R 19146240
W 17049088
R 19146304
W 17049152
R 19146368
W 17049216
R 19146432
W 17049280
R 19146496
W 17049344
R 19146560
W 17049408
R 19146624
W 17049472
R 19146688
W 17049536
R 19146752
W 17049600
R 19146816
W 17049664
R 19146880
W 17049728
R 19146944
W 17049792
R 19147008
W 17049856
R 19147072
W 17049920
R 19147136
W 17049984
R 19147200
W 17050048
R 19147264
W 17050112
R 19147328
W 17050176
R 19147392
W 17050240
R 19147456
W 17050304
R 19147520
W 17050368
R 19147584
W 17050432
R 19147648
W 17050496
R 19147712
W 17050560
R 19147776
W 17050624
R 19147840
W 17050688
R 19147904
W 17050752
R 19147968
W 17050816
R 19148032
W 17050880
R 19148096
W 17050944
R 19148160
W 17051008
R 19148224
W 17051072
R 19148288
W 17051136
R 19148352
W 17051200
R 19148416
W 17051264
R 19148480
W 17051328
R 19148544
W 17051392
R 19148608
W 17051456
R 19148672
W 17051520
R 19148736
W 17051584
R 19148800
W 17051648
R 19148864
W 17051712
R 19148928
W 17051776
R 19148992
W 17051840
R 19149056
W 17051904
R 19149120
W 17051968
R 19149184
W 17052032
R 19149248
W 17052096
R 19149312
W 17052160
R 19149376
W 17052224
R 19149440
W 17052288
R 19149504
W 17052352
R 19149568
W 17052416
R 19149632
W 17052480
R 19149696
W 17052544
R 19149760
W 17052608
R 19149824
W 17052672
R 19149888
W 17052736
R 19149952
W 17052800
R 19150016
W 17052864
R 19150080
W 17052928
R 19150144
W 17052992
R 19150208
W 17053056
R 19150272
W 17053120
R 19150336
W 17053184
R 19150400
W 17053248
R 19150464
W 17053312
R 19150528
W 17053376
R 19150592
W 17053440
R 19150656
W 17053504
R 19150720
W 17053568
R 19150784
W 17053632
R 19150848
W 17053696
R 19150912
W 17053760
R 19150976
W 17053824
R 19151040
W 17053888
R 19151104
W 17053952
R 19151168
W 17054016
R 19151232
W 17054080
R 19151296
W 17054144
R 19151360
W 17054208
R 19151424
W 17054272
R 19151488
W 17054336
R 19151552
W 17054400
R 19151616
W 17054464
R 19151680
W 17054528
R 19151744
W 17054592
R 19151808
W 17054656
R 19151872
W 17054720
R 19151936
W 17054784
R 19152000
W 17054848
R 19152064
W 17054912
R 19152128
W 17054976
R 19152192
W 17055040
R 19152256
W 17055104
R 19152320
W 17055168
R 19152384
W 17055232
R 19152448
W 17055296
R 19152512
W 17055360
R 19152576
W 17055424
R 19152640
W 17055488
R 19152704
W 17055552
R 19152768
W 17055616
R 19152832
W 17055680
R 19152896
W 17055744
R 19152960
W 17055808
R 19153024
W 17055872
R 19153088
W 17055936
R 19153152
W 17056000
R 19153216
W 17056064
R 19153280
W 17056128
R 19153344
W 17056192
R 19153408
W 17056256
R 19153472
W 17056320
R 19153536
W 17056384
R 19153600
W 17056448
R 19153664
W 17056512
R 19153728
W 17056576
R 19153792
W 17056640
R 19153856
W 17056704
R 19153920
W 17056768
R 19153984
W 17056832
R 19154048
W 17056896
R 19154112
W 17056960
R 19154176
W 17057024
R 19154240
W 17057088
R 19154304
W 17057152
R 19154368
W 17057216
R 19154432
W 17057280
R 19154496
W 17057344
R 19154560
W 17057408
R 19154624
W 17057472
R 19154688
W 17057536
R 19154752
W 17057600
R 19154816
W 17057664
R 19154880
W 17057728
R 19154944
W 17057792
R 19155008
W 17057856
R 19155072
W 17057920
R 19155136
W 17057984
R 19155200
W 17058048
R 19155264
W 17058112
R 19155328
W 17058176
R 19155392
W 17058240
R 19155456
W 17058304
R 19155520
W 17058368
R 19155584
W 17058432
R 19155648
W 17058496
R 19155712
W 17058560
R 19155776
W 17058624
R 19155840
W 17058688
R 19155904
W 17058752
R 19155968
W 17058816
R 19156032
W 17058880
R 19156096
W 17058944
R 19156160
W 17059008
R 19156224
W 17059072
R 19156288
W 17059136
R 19156352
W 17059200
R 19156416
W 17059264
R 19156480
W 17059328
R 19156544
W 17059392
R 19156608
W 17059456
R 19156672
W 17059520
R 19156736
W 17059584
R 19156800
W 17059648
R 19156864
W 17059712
R 19156928
W 17059776
R 19156992
W 17059840
R 19157056
W 17059904
R 19157120
W 17059968
R 19157184
W 17060032
R 19157248
W 17060096
R 19157312
W 17060160
R 19157376
W 17060224
R 19157440
W 17060288
R 19157504
W 17060352
R 19157568
W 17060416
R 19157632
W 17060480
R 19157696
W 17060544
R 19157760
W 17060608
R 19157824
W 17060672
R 19157888
W 17060736
R 19157952
W 17060800
R 19158016
W 17060864
R 19158080
W 17060928
R 19158144
W 17060992
R 19158208
W 17061056
R 19158272
W 17061120
R 19158336
W 17061184
R 19158400
W 17061248
R 19158464
W 17061312
R 19158528
W 17061376
R 19158592
W 17061440
R 19158656
W 17061504
R 19158720
W 17061568
R 19158784
W 17061632
R 19158848
W 17061696
R 19158912
W 17061760
R 19158976
W 17061824
R 19159040
W 17061888
R 19159104
W 17061952
R 19159168
W 17062016
R 19159232
W 17062080
R 19159296
W 17062144
R 19159360
W 17062208
R 19159424
W 17062272
R 19159488
W 17062336
R 19159552
W 17062400
R 19159616
W 17062464
R 19159680
W 17062528
R 19159744
W 17062592
R 19159808
W 17062656
R 19159872
W 17062720
R 19159936
W 17062784
R 19160000
W 17062848
R 19160064
W 17062912
R 19160128
W 17062976
R 19160192
W 17063040
R 19160256
W 17063104
R 19160320
W 17063168
R 19160384
W 17063232
R 19160448
W 17063296
R 19160512
W 17063360
R 19160576
W 17063424
R 19160640
W 17063488
R 19160704
W 17063552
R 19160768
W 17063616
R 19160832
W 17063680
R 19160896
W 17063744
R 19160960
W 17063808
R 19161024
W 17063872
R 19161088
W 17063936
R 19161152
W 17064000
R 19161216
W 17064064
R 19161280
W 17064128
R 19161344
W 17064192
R 19161408
W 17064256
R 19161472
W 17064320
R 19161536
W 17064384
R 19161600
W 17064448
R 19161664
W 17064512
R 19161728
W 17064576
R 19161792
W 17064640
R 19161856
W 17064704
R 19161920
W 17064768
R 19161984
W 17064832
R 19162048
W 17064896
R 19162112
W 17064960
R 19162176
W 17065024
R 19162240
W 17065088
R 19162304
W 17065152
R 19162368
W 17065216
R 19162432
W 17065280
R 19162496
W 17065344
R 19162560
W 17065408
R 19162624
W 17065472
R 19162688
W 17065536
R 19162752
W 17065600
R 19162816
W 17065664
R 19162880
W 17065728
R 19162944
W 17065792
R 19163008
W 17065856
R 19163072
W 17065920
R 19163136
W 17065984
R 19163200
W 17066048
R 19163264
W 17066112
R 19163328
W 17066176
R 19163392
W 17066240
R 19163456
W 17066304
R 19163520
W 17066368
R 19163584
W 17066432
R 19163648
W 17066496
R 19163712
W 17066560
R 19163776
W 17066624
R 19163840
W 17066688
R 19163904
W 17066752
R 19163968
W 17066816
R 19164032
W 17066880
R 19164096
W 17066944
R 19164160
W 17067008
R 19164224
W 17067072
R 19164288
W 17067136
R 19164352
W 17067200
R 19164416
W 17067264
R 19164480
W 17067328
R 19164544
W 17067392
R 19164608
W 17067456
R 19164672
W 17067520
R 19164736
W 17067584
R 19164800
W 17067648
R 19164864
W 17067712
R 19164928
W 17067776
R 19164992
W 17067840
R 19165056
W 17067904
R 19165120
W 17067968
R 19165184
W 17068032
R 19165248
W 17068096
R 19165312
W 17068160
R 19165376
W 17068224
R 19165440
W 17068288
R 19165504
W 17068352
R 19165568
W 17068416
R 19165632
W 17068480
R 19165696
W 17068544
R 19165760
W 17068608
R 19165824
W 17068672
R 19165888
W 17068736
R 19165952
W 17068800
R 19166016
W 17068864
R 19166080
W 17068928
R 19166144
W 17068992
R 19166208
W 17069056
R 19166272
W 17069120
R 19166336
W 17069184
R 19166400
W 17069248
R 19166464
W 17069312
R 19166528
W 17069376
R 19166592
W 17069440
R 19166656
W 17069504
R 19166720
W 17069568
R 19166784
W 17069632
R 19166848
W 17069696
R 19166912
W 17069760
R 19166976
W 17069824
R 19167040
W 17069888
R 19167104
W 17069952
R 19167168
W 17070016
R 19167232
W 17070080
R 19167296
W 17070144
R 19167360
W 17070208
R 19167424
W 17070272
R 19167488
W 17070336
R 19167552
W 17070400
R 19167616
W 17070464
R 19167680
W 17070528
R 19167744
W 17070592
R 19167808
W 17070656
R 19167872
W 17070720
R 19167936
W 17070784
R 19168000
W 17070848
R 19168064
W 17070912
R 19168128
W 17070976
R 19168192
W 17071040
R 19168256
W 17071104
R 19168320
W 17071168
R 19168384
W 17071232
R 19168448
W 17071296
R 19168512
W 17071360
R 19168576
W 17071424
R 19168640
W 17071488
R 19168704
W 17071552
R 19168768
W 17071616
R 19168832
W 17071680
R 19168896
W 17071744
R 19168960
W 17071808
R 19169024
W 17071872
R 19169088
W 17071936
R 19169152
W 17072000
R 19169216
W 17072064
R 19169280
W 17072128
R 19169344
W 17072192
R 19169408
W 17072256
R 19169472
W 17072320
R 19169536
W 17072384
R 19169600
W 17072448
R 19169664
W 17072512
R 19169728
W 17072576
R 19169792
W 17072640
R 19169856
W 17072704
R 19169920
W 17072768
R 19169984
W 17072832
R 19170048
W 17072896
R 19170112
W 17072960
R 19170176
W 17073024
R 19170240
W 17073088
R 19170304
W 17073152
R 19170368
W 17073216
R 19170432
W 17073280
R 19170496
W 17073344
R 19170560
W 17073408
R 19170624
W 17073472
R 19170688
W 17073536
R 19170752
W 17073600
R 19170816
W 17073664
R 19170880
W 17073728
R 19170944
W 17073792
R 19171008
W 17073856
R 19171072
W 17073920
R 19171136
W 17073984
R 19171200
W 17074048
R 19171264
W 17074112
R 19171328
W 17074176
R 19171392
W 17074240
R 19171456
W 17074304
R 19171520
W 17074368
R 19171584
W 17074432
R 19171648
W 17074496
R 19171712
W 17074560
R 19171776
W 17074624
R 19171840
W 17074688
R 19171904
W 17074752
R 19171968
W 17074816
R 19172032
W 17074880
R 19172096
W 17074944
R 19172160
W 17075008
R 19172224
W 17075072
R 19172288
W 17075136
R 19172352
W 17075200
R 19172416
W 17075264
R 19172480
W 17075328
R 19172544
W 17075392
R 19172608
W 17075456
R 19172672
W 17075520
R 19172736
W 17075584
R 19172800
W 17075648
R 19172864
W 17075712
R 19172928
W 17075776
R 19172992
W 17075840
R 19173056
W 17075904
R 19173120
W 17075968
R 19173184
W 17076032
R 19173248
W 17076096
R 19173312
W 17076160
R 19173376
W 17076224
R 19173440
W 17076288
R 19173504
W 17076352
R 19173568
W 17076416
R 19173632
W 17076480
R 19173696
W 17076544
R 19173760
W 17076608
R 19173824
W 17076672
R 19173888
W 17076736
R 19173952
W 17076800
R 19174016
W 17076864
R 19174080
W 17076928
R 19174144
W 17076992
R 19174208
W 17077056
R 19174272
W 17077120
R 19174336
W 17077184
R 19174400
W 17077248
R 19174464
W 17077312
R 19174528
W 17077376
R 19174592
W 17077440
R 19174656
W 17077504
R 19174720
W 17077568
R 19174784
W 17077632
R 19174848
W 17077696
R 19174912
W 17077760
R 19174976
W 17077824
R 19175040
W 17077888
R 19175104
W 17077952
R 19175168
W 17078016
R 19175232
W 17078080
R 19175296
W 17078144
R 19175360
W 17078208
R 19175424
W 17078272
R 19175488
W 17078336
R 19175552
W 17078400
R 19175616
W 17078464
R 19175680
W 17078528
R 19175744
W 17078592
R 19175808
W 17078656
R 19175872
W 17078720
R 19175936
W 17078784
R 19176000
W 17078848
R 19176064
W 17078912
R 19176128
W 17078976
R 19176192
W 17079040
R 19176256
W 17079104
R 19176320
W 17079168
R 19176384
W 17079232
R 19176448
W 17079296
R 19176512
W 17079360
R 19176576
W 17079424
R 19176640
W 17079488
R 19176704
W 17079552
R 19176768
W 17079616
R 19176832
W 17079680
R 19176896
W 17079744
R 19176960
W 17079808
R 19177024
W 17079872
R 19177088
W 17079936
R 19177152
W 17080000
R 19177216
W 17080064
R 19177280
W 17080128
R 19177344
W 17080192
R 19177408
W 17080256
R 19177472
W 17080320
R 19177536
W 17080384
R 19177600
W 17080448
R 19177664
W 17080512
R 19177728
W 17080576
R 19177792
W 17080640
R 19177856
W 17080704
R 19177920
W 17080768
R 19177984
W 17080832
R 19178048
W 17080896
R 19178112
W 17080960
R 19178176
W 17081024
R 19178240
W 17081088
R 19178304
W 17081152
R 19178368
W 17081216
R 19178432
W 17081280
R 19178496
W 17081344
R 19178560
W 17081408
R 19178624
W 17081472
R 19178688
W 17081536
R 19178752
W 17081600
R 19178816
W 17081664
R 19178880
W 17081728
R 19178944
W 17081792
R 19179008
W 17081856
R 19179072
W 17081920
R 19179136
W 17081984
R 19179200
W 17082048
R 19179264
W 17082112
R 19179328
W 17082176
R 19179392
W 17082240
R 19179456
W 17082304
R 19179520
W 17082368
R 19179584
W 17082432
R 19179648
W 17082496
R 19179712
W 17082560
R 19179776
W 17082624
R 19179840
W 17082688
R 19179904
W 17082752
R 19179968
W 17082816
R 19180032
W 17082880
R 19180096
W 17082944
R 19180160
W 17083008
R 19180224
W 17083072
R 19180288
W 17083136
R 19180352
W 17083200
R 19180416
W 17083264
R 19180480
W 17083328
R 19180544
W 17083392
R 19180608
W 17083456
R 19180672
W 17083520
R 19180736
W 17083584
R 19180800
W 17083648
R 19180864
W 17083712
R 19180928
W 17083776
R 19180992
W 17083840
R 19181056
W 17083904
R 19181120
W 17083968
R 19181184
W 17084032
R 19181248
W 17084096
R 19181312
W 17084160
R 19181376
W 17084224
R 19181440
W 17084288
R 19181504
W 17084352
R 19181568
W 17084416
R 19181632
W 17084480
R 19181696
W 17084544
R 19181760
W 17084608
R 19181824
W 17084672
R 19181888
W 17084736
R 19181952
W 17084800
R 19182016
W 17084864
R 19182080
W 17084928
R 19182144
W 17084992
R 19182208
W 17085056
R 19182272
W 17085120
R 19182336
W 17085184
R 19182400
W 17085248
R 19182464
W 17085312
R 19182528
W 17085376
R 19182592
W 17085440
R 19182656
W 17085504
R 19182720
W 17085568
R 19182784
W 17085632
R 19182848
W 17085696
R 19182912
W 17085760
R 19182976
W 17085824
R 19183040
W 17085888
R 19183104
W 17085952
R 19183168
W 17086016
R 19183232
W 17086080
R 19183296
W 17086144
R 19183360
W 17086208
R 19183424
W 17086272
R 19183488
W 17086336
R 19183552
W 17086400
R 19183616
W 17086464
R 19183680
W 17086528
R 19183744
W 17086592
R 19183808
W 17086656
R 19183872
W 17086720
R 19183936
W 17086784
R 19184000
W 17086848
R 19184064
W 17086912
R 19184128
W 17086976
R 19184192
W 17087040
R 19184256
W 17087104
R 19184320
W 17087168
R 19184384
W 17087232
R 19184448
W 17087296
R 19184512
W 17087360
R 19184576
W 17087424
R 19184640
W 17087488
R 19184704
W 17087552
R 19184768
W 17087616
R 19184832
W 17087680
R 19184896
W 17087744
R 19184960
W 17087808
R 19185024
W 17087872
R 19185088
W 17087936
R 19185152
W 17088000
R 19185216
W 17088064
R 19185280
W 17088128
R 19185344
W 17088192
R 19185408
W 17088256
R 19185472
W 17088320
R 19185536
W 17088384
R 19185600
W 17088448
R 19185664
W 17088512
R 19185728
W 17088576
R 19185792
W 17088640
R 19185856
W 17088704
R 19185920
W 17088768
R 19185984
W 17088832
R 19186048
W 17088896
R 19186112
W 17088960
R 19186176
W 17089024
R 19186240
W 17089088
R 19186304
W 17089152
R 19186368
W 17089216
R 19186432
W 17089280
R 19186496
W 17089344
R 19186560
W 17089408
R 19186624
W 17089472
R 19186688
W 17089536
R 19186752
W 17089600
R 19186816
W 17089664
R 19186880
W 17089728
R 19186944
W 17089792
R 19187008
W 17089856
R 19187072
W 17089920
R 19187136
W 17089984
R 19187200
W 17090048
R 19187264
W 17090112
R 19187328
W 17090176
R 19187392
W 17090240
R 19187456
W 17090304
R 19187520
W 17090368
R 19187584
W 17090432
R 19187648
W 17090496
R 19187712
W 17090560
R 19187776
W 17090624
R 19187840
W 17090688
R 19187904
W 17090752
R 19187968
W 17090816
R 19188032
W 17090880
R 19188096
W 17090944
R 19188160
W 17091008
R 19188224
W 17091072
R 19188288
W 17091136
R 19188352
W 17091200
R 19188416
W 17091264
R 19188480
W 17091328
R 19188544
W 17091392
R 19188608
W 17091456
R 19188672
W 17091520
R 19188736
W 17091584
R 19188800
W 17091648
R 19188864
W 17091712
R 19188928
W 17091776
R 19188992
W 17091840
R 19189056
W 17091904
R 19189120
W 17091968
R 19189184
W 17092032
R 19189248
W 17092096
R 19189312
W 17092160
R 19189376
W 17092224
R 19189440
W 17092288
R 19189504
W 17092352
R 19189568
W 17092416
R 19189632
W 17092480
R 19189696
W 17092544
R 19189760
W 17092608
R 19189824
W 17092672
R 19189888
W 17092736
R 19189952
W 17092800
R 19190016
W 17092864
R 19190080
W 17092928
R 19190144
W 17092992
R 19190208
W 17093056
R 19190272
W 17093120
R 19190336
W 17093184
R 19190400
W 17093248
R 19190464
W 17093312
R 19190528
W 17093376
R 19190592
W 17093440
R 19190656
W 17093504
R 19190720
W 17093568
R 19190784
W 17093632
R 19190848
W 17093696
R 19190912
W 17093760
R 19190976
W 17093824
R 19191040
W 17093888
R 19191104
W 17093952
R 19191168
W 17094016
R 19191232
W 17094080
R 19191296
W 17094144
R 19191360
W 17094208
R 19191424
W 17094272
R 19191488
W 17094336
R 19191552
W 17094400
R 19191616
W 17094464
R 19191680
W 17094528
R 19191744
W 17094592
R 19191808
W 17094656
R 19191872
W 17094720
R 19191936
W 17094784
R 19192000
W 17094848
R 19192064
W 17094912
R 19192128
W 17094976
R 19192192
W 17095040
R 19192256
W 17095104
R 19192320
W 17095168
R 19192384
W 17095232
R 19192448
W 17095296
R 19192512
W 17095360
R 19192576
W 17095424
R 19192640
W 17095488
R 19192704
W 17095552
R 19192768
W 17095616
R 19192832
W 17095680
R 19192896
W 17095744
R 19192960
W 17095808
R 19193024
W 17095872
R 19193088
W 17095936
R 19193152
W 17096000
R 19193216
W 17096064
R 19193280
W 17096128
R 19193344
W 17096192
R 19193408
W 17096256
R 19193472
W 17096320
R 19193536
W 17096384
R 19193600
W 17096448
R 19193664
W 17096512
R 19193728
W 17096576
R 19193792
W 17096640
R 19193856
W 17096704
R 19193920
W 17096768
R 19193984
W 17096832
R 19194048
W 17096896
R 19194112
W 17096960
R 19194176
W 17097024
R 19194240
W 17097088
R 19194304
W 17097152
R 19194368
W 17097216
R 19194432
W 17097280
R 19194496
W 17097344
R 19194560
W 17097408
R 19194624
W 17097472
R 19194688
W 17097536
R 19194752
W 17097600
R 19194816
W 17097664
R 19194880
W 17097728
R 19194944
W 17097792
R 19195008
W 17097856
R 19195072
W 17097920
R 19195136
W 17097984
R 19195200
W 17098048
R 19195264
W 17098112
R 19195328
W 17098176
R 19195392
W 17098240
R 19195456
W 17098304
R 19195520
W 17098368
R 19195584
W 17098432
R 19195648
W 17098496
R 19195712
W 17098560
R 19195776
W 17098624
R 19195840
W 17098688
R 19195904
W 17098752
R 19195968
W 17098816
R 19196032
W 17098880
R 19196096
W 17098944
R 19196160
W 17099008
R 19196224
W 17099072
R 19196288
W 17099136
R 19196352
W 17099200
R 19196416
W 17099264
R 19196480
W 17099328
R 19196544
W 17099392
R 19196608
W 17099456
R 19196672
W 17099520
R 19196736
W 17099584
R 19196800
W 17099648
R 19196864
W 17099712
R 19196928
W 17099776
R 19196992
W 17099840
R 19197056
W 17099904
R 19197120
W 17099968
R 19197184
W 17100032
R 19197248
W 17100096
R 19197312
W 17100160
R 19197376
W 17100224
R 19197440
W 17100288
R 19197504
W 17100352
R 19197568
W 17100416
R 19197632
W 17100480
R 19197696
W 17100544
R 19197760
W 17100608
R 19197824
W 17100672
R 19197888
W 17100736
R 19197952
W 17100800
R 19198016
W 17100864
R 19198080
W 17100928
R 19198144
W 17100992
R 19198208
W 17101056
R 19198272
W 17101120
R 19198336
W 17101184
R 19198400
W 17101248
R 19198464
W 17101312
R 19198528
W 17101376
R 19198592
W 17101440
R 19198656
W 17101504
R 19198720
W 17101568
R 19198784
W 17101632
R 19198848
W 17101696
R 19198912
W 17101760
R 19198976
W 17101824
R 19199040
W 17101888
R 19199104
W 17101952
R 19199168
W 17102016
R 19199232
W 17102080
R 19199296
W 17102144
R 19199360
W 17102208
R 19199424
W 17102272
R 19199488
W 17102336
R 19199552
W 17102400
R 19199616
W 17102464
R 19199680
W 17102528
R 19199744
W 17102592
R 19199808
W 17102656
R 19199872
W 17102720
R 19199936
W 17102784
R 19200000
W 17102848
R 19200064
W 17102912
R 19200128
W 17102976
R 19200192
W 17103040
R 19200256
W 17103104
R 19200320
W 17103168
R 19200384
W 17103232
R 19200448
W 17103296
R 19200512
W 17103360
R 19200576
W 17103424
R 19200640
W 17103488
R 19200704
W 17103552
R 19200768
W 17103616
R 19200832
W 17103680
R 19200896
W 17103744
R 19200960
W 17103808
R 19201024
W 17103872
R 19201088
W 17103936
R 19201152
W 17104000
R 19201216
W 17104064
R 19201280
W 17104128
R 19201344
W 17104192
R 19201408
W 17104256
R 19201472
W 17104320
R 19201536
W 17104384
R 19201600
W 17104448
R 19201664
W 17104512
R 19201728
W 17104576
R 19201792
W 17104640
R 19201856
W 17104704
R 19201920
W 17104768
R 19201984
W 17104832
R 19202048
W 17104896
R 19202112
W 17104960
R 19202176
W 17105024
R 19202240
W 17105088
R 19202304
W 17105152
R 19202368
W 17105216
R 19202432
W 17105280
R 19202496
W 17105344
R 19202560
W 17105408
R 19202624
W 17105472
R 19202688
W 17105536
R 19202752
W 17105600
R 19202816
W 17105664
R 19202880
W 17105728
R 19202944
W 17105792
R 19203008
W 17105856
R 19203072
W 17105920
R 19203136
W 17105984
R 19203200
W 17106048
R 19203264
W 17106112
R 19203328
W 17106176
R 19203392
W 17106240
R 19203456
W 17106304
R 19203520
W 17106368
R 19203584
W 17106432
R 19203648
W 17106496
R 19203712
W 17106560
R 19203776
W 17106624
R 19203840
W 17106688
R 19203904
W 17106752
R 19203968
W 17106816
R 19204032
W 17106880
R 19204096
W 17106944
R 19204160
W 17107008
R 19204224
W 17107072
R 19204288
W 17107136
R 19204352
W 17107200
R 19204416
W 17107264
R 19204480
W 17107328
R 19204544
W 17107392
R 19204608
W 17107456
R 19204672
W 17107520
R 19204736
W 17107584
R 19204800
W 17107648
R 19204864
W 17107712
R 19204928
W 17107776
R 19204992
W 17107840
R 19205056
W 17107904
R 19205120
W 17107968
R 19205184
W 17108032
R 19205248
W 17108096
R 19205312
W 17108160
R 19205376
W 17108224
R 19205440
W 17108288
R 19205504
W 17108352
R 19205568
W 17108416
R 19205632
W 17108480
R 19205696
W 17108544
R 19205760
W 17108608
R 19205824
W 17108672
R 19205888
W 17108736
R 19205952
W 17108800
R 19206016
W 17108864
R 19206080
W 17108928
R 19206144
W 17108992
R 19206208
W 17109056
R 19206272
W 17109120
R 19206336
W 17109184
R 19206400
W 17109248
R 19206464
W 17109312
R 19206528
W 17109376
R 19206592
W 17109440
R 19206656
W 17109504
R 19206720
W 17109568
R 19206784
W 17109632
R 19206848
W 17109696
R 19206912
W 17109760
R 19206976
W 17109824
R 19207040
W 17109888
R 19207104
W 17109952
R 19207168
W 17110016
R 19207232
W 17110080
R 19207296
W 17110144
R 19207360
W 17110208
R 19207424
W 17110272
R 19207488
W 17110336
R 19207552
W 17110400
R 19207616
W 17110464
R 19207680
W 17110528
R 19207744
W 17110592
R 19207808
W 17110656
R 19207872
W 17110720
R 19207936
W 17110784
R 19208000
W 17110848
R 19208064
W 17110912
R 19208128
W 17110976
R 19208192
W 17111040
R 19208256
W 17111104
R 19208320
W 17111168
R 19208384
W 17111232
R 19208448
W 17111296
R 19208512
W 17111360
R 19208576
W 17111424
R 19208640
W 17111488
R 19208704
W 17111552
R 19208768
W 17111616
R 19208832
W 17111680
R 19208896
W 17111744
R 19208960
W 17111808
R 19209024
W 17111872
R 19209088
W 17111936
R 19209152
W 17112000
R 19209216
W 17112064
R 19209280
W 17112128
R 19209344
W 17112192
R 19209408
W 17112256
R 19209472
W 17112320
R 19209536
W 17112384
R 19209600
W 17112448
R 19209664
W 17112512
R 19209728
W 17112576
R 19209792
W 17112640
R 19209856
W 17112704
R 19209920
W 17112768
R 19209984
W 17112832
R 19210048
W 17112896
R 19210112
W 17112960
R 19210176
W 17113024
R 19210240
W 17113088
R 19210304
W 17113152
R 19210368
W 17113216
R 19210432
W 17113280
R 19210496
W 17375488
R 19210560
W 17375552
R 19210624
W 17375616
R 19210688
W 17375680
R 19210752
W 17375744
R 19210816
W 17375808
R 19210880
W 17375872
R 19210944
W 17375936
R 19211008
W 17376000
R 19211072
W 17376064
R 19211136
W 17376128
R 19211200
W 17376192
R 19211264
W 17376256
R 19211328
W 17376320
R 19211392
W 17376384
R 19211456
W 17114304
R 19211520
W 17114368
R 19211584
W 17114432
R 19211648
W 17114496
R 19211712
W 17376704
R 19211776
W 17376768
R 19211840
W 17114688
R 19211904
W 17114752
R 19211968
W 17114816
R 19212032
W 17114880
R 19212096
W 17114944
R 19212160
W 17115008
R 19212224
W 17115072
R 19212288
W 17115136
R 19212352
W 17115200
R 19212416
W 17115264
R 19212480
W 17115328
R 19212544
W 17115392
R 19212608
W 17115456
R 19212672
W 17115520
R 19212736
W 17115584
R 19212800
W 17115648
R 19212864
W 17115712
R 19212928
W 17115776
R 19212992
W 17115840
R 19213056
W 17115904
R 19213120
W 17115968
R 19213184
W 17116032
R 19213248
W 17116096
R 19213312
W 17116160
R 19213376
W 17116224
R 19213440
W 17116288
R 19213504
W 17116352
R 19213568
W 17116416
R 19213632
W 17116480
R 19213696
W 17116544
R 19213760
W 17116608
R 19213824
W 17116672
R 19213888
W 17116736
R 19213952
W 17116800
R 19214016
W 17116864
R 19214080
W 17116928
R 19214144
W 17116992
R 19214208
W 17117056
R 19214272
W 17117120
R 19214336
W 17117184
R 19214400
W 17117248
R 19214464
W 17117312
R 19214528
W 17117376
R 19214592
W 17117440
R 19214656
W 17117504
R 19214720
W 17117568
R 19214784
W 17117632
R 19214848
W 17117696
R 19214912
W 17117760
R 19214976
W 17117824
R 19215040
W 17117888
R 19215104
W 17117952
R 19215168
W 17118016
R 19215232
W 17118080
R 19215296
W 17118144
R 19215360
W 17118208
R 19215424
W 17118272
R 19215488
W 17118336
R 19215552
W 17118400
R 19215616
W 17118464
R 19215680
W 17118528
R 19215744
W 17118592
R 19215808
W 17118656
R 19215872
W 17118720
R 19215936
W 17118784
R 19216000
W 17118848
R 19216064
W 17118912
R 19216128
W 17118976
R 19216192
W 17119040
R 19216256
W 17119104
R 19216320
W 17119168
R 19216384
W 17119232
R 19216448
W 17119296
R 19216512
W 17119360
R 19216576
W 17119424
R 19216640
W 17119488
R 19216704
W 17119552
R 19216768
W 17119616
R 19216832
W 17119680
R 19216896
W 17119744
R 19216960
W 17119808
R 19217024
W 17119872
R 19217088
W 17119936
R 19217152
W 17120000
R 19217216
W 17120064
R 19217280
W 17120128
R 19217344
W 17120192
R 19217408
W 17120256
R 19217472
W 17120320
R 19217536
W 17120384
R 19217600
W 17120448
R 19217664
W 17120512
R 19217728
W 17120576
R 19217792
W 17120640
R 19217856
W 17120704
R 19217920
W 17120768
R 19217984
W 17120832
R 19218048
W 17120896
R 19218112
W 17120960
R 19218176
W 17121024
R 19218240
W 17121088
R 19218304
W 17121152
R 19218368
W 17121216
R 19218432
W 17121280
R 19218496
W 17121344
R 19218560
W 17121408
R 19218624
W 17121472
R 19218688
W 17121536
R 19218752
W 17121600
R 19218816
W 17121664
R 19218880
W 17121728
R 19218944
W 17121792
R 19219008
W 17121856
R 19219072
W 17121920
R 19219136
W 17121984
R 19219200
W 17122048
R 19219264
W 17122112
R 19219328
W 17122176
R 19219392
W 17122240
R 19219456
W 17122304
R 19219520
W 17122368
R 19219584
W 17122432
R 19219648
W 17122496
R 19219712
W 17122560
R 19219776
W 17122624
R 19219840
W 17122688
R 19219904
W 17122752
R 19219968
W 17122816
R 19220032
W 17122880
R 19220096
W 17122944
R 19220160
W 17123008
R 19220224
W 17123072
R 19220288
W 17123136
R 19220352
W 17123200
R 19220416
W 17123264
R 19220480
W 17123328
R 19220544
W 17123392
R 19220608
W 17123456
R 19220672
W 17123520
R 19220736
W 17123584
R 19220800
W 17123648
R 19220864
W 17123712
R 19220928
W 17123776
R 19220992
W 17123840
R 19221056
W 17123904
R 19221120
W 17123968
R 19221184
W 17124032
R 19221248
W 17124096
R 19221312
W 17124160
R 19221376
W 17124224
R 19221440
W 17124288
R 19221504
W 17124352
R 19221568
W 17124416
R 19221632
W 17124480
R 19221696
W 17124544
R 19221760
W 17124608
R 19221824
W 17124672
R 19221888
W 17124736
R 19221952
W 17124800
R 19222016
W 17124864
R 19222080
W 17124928
R 19222144
W 17124992
R 19222208
W 17125056
R 19222272
W 17125120
R 19222336
W 17125184
R 19222400
W 17125248
R 19222464
W 17125312
R 19222528
W 17125376
R 19222592
W 17125440
R 19222656
W 17125504
R 19222720
W 17125568
R 19222784
W 17125632
R 19222848
W 17125696
R 19222912
W 17125760
R 19222976
W 17125824
R 19223040
W 17125888
R 19223104
W 17125952
R 19223168
W 17126016
R 19223232
W 17126080
R 19223296
W 17126144
R 19223360
W 17126208
R 19223424
W 17126272
R 19223488
W 17126336
R 19223552
W 17126400
R 19223616
W 17126464
R 19223680
W 17126528
R 19223744
W 17126592
R 19223808
W 17126656
R 19223872
W 17126720
R 19223936
W 17126784
R 19224000
W 17126848
R 19224064
W 17126912
R 19224128
W 17126976
R 19224192
W 17127040
R 19224256
W 17127104
R 19224320
W 17127168
R 19224384
W 17127232
R 19224448
W 17127296
R 19224512
W 17127360
R 19224576
W 17127424
R 19224640
W 17127488
R 19224704
W 17127552
R 19224768
W 17127616
R 19224832
W 17127680
R 19224896
W 17127744
R 19224960
W 17127808
R 19225024
W 17127872
R 19225088
W 17127936
R 19225152
W 17128000
R 19225216
W 17128064
R 19225280
W 17128128
R 19225344
W 17128192
R 19225408
W 17128256
R 19225472
W 17128320
R 19225536
W 17128384
R 19225600
W 17128448
R 19225664
W 17128512
R 19225728
W 17128576
R 19225792
W 17128640
R 19225856
W 17128704
R 19225920
W 17128768
R 19225984
W 17128832
R 19226048
W 17128896
R 19226112
W 17128960
R 19226176
W 17129024
R 19226240
W 17129088
R 19226304
W 17129152
R 19226368
W 17129216
R 19226432
W 17129280
R 19226496
W 17129344
R 19226560
W 17129408
R 19226624
W 17129472
R 19226688
W 17129536
R 19226752
W 17129600
R 19226816
W 17391808
R 19226880
W 17391872
R 19226944
W 17391936
R 19227008
W 17392000
R 19227072
W 17392064
R 19227136
W 17392128
R 19227200
W 17392192
R 19227264
W 17392256
R 19227328
W 17392320
R 19227392
W 17392384
R 19227456
W 17392448
R 19227520
W 17392512
R 19227584
W 17392576
R 19227648
W 17392640
R 19227712
W 17392704
R 19227776
W 17130624
R 19227840
W 17130688
R 19227904
W 17130752
R 19227968
W 17130816
R 19228032
W 17130880
R 19228096
W 17393088
R 19228160
W 17131008
R 19228224
W 17131072
R 19228288
W 17131136
R 19228352
W 17131200
R 19228416
W 17131264
R 19228480
W 17131328
R 19228544
W 17131392
R 19228608
W 17131456
R 19228672
W 17131520
R 19228736
W 17131584
R 19228800
W 17131648
R 19228864
W 17131712
R 19228928
W 17131776
R 19228992
W 17131840
R 19229056
W 17131904
R 19229120
W 17131968
R 19229184
W 17132032
R 19229248
W 17132096
R 19229312
W 17132160
R 19229376
W 17132224
R 19229440
W 17132288
R 19229504
W 17132352
R 19229568
W 17132416
R 19229632
W 17132480
R 19229696
W 17132544
R 19229760
W 17132608
R 19229824
W 17132672
R 19229888
W 17132736
R 19229952
W 17132800
R 19230016
W 17132864
R 19230080
W 17132928
R 19230144
W 17132992
R 19230208
W 17133056
R 19230272
W 17133120
R 19230336
W 17133184
R 19230400
W 17133248
R 19230464
W 17133312
R 19230528
W 17133376
R 19230592
W 17133440
R 19230656
W 17133504
R 19230720
W 17133568
R 19230784
W 17133632
R 19230848
W 17133696
R 19230912
W 17133760
R 19230976
W 17133824
R 19231040
W 17133888
R 19231104
W 17133952
R 19231168
W 17134016
R 19231232
W 17134080
R 19231296
W 17134144
R 19231360
W 17134208
R 19231424
W 17134272
R 19231488
W 17134336
R 19231552
W 17134400
R 19231616
W 17134464
R 19231680
W 17134528
R 19231744
W 17134592
R 19231808
W 17134656
R 19231872
W 17134720
R 19231936
W 17134784
R 19232000
W 17134848
R 19232064
W 17134912
R 19232128
W 17134976
R 19232192
W 17135040
R 19232256
W 17135104
R 19232320
W 17135168
R 19232384
W 17135232
R 19232448
W 17135296
R 19232512
W 17135360
R 19232576
W 17135424
R 19232640
W 17135488
R 19232704
W 17135552
R 19232768
W 17135616
R 19232832
W 17135680
R 19232896
W 17135744
R 19232960
W 17135808
R 19233024
W 17135872
R 19233088
W 17135936
R 19233152
W 17136000
R 19233216
W 17136064
R 19233280
W 17136128
R 19233344
W 17136192
R 19233408
W 17136256
R 19233472
W 17136320
R 19233536
W 17136384
R 19233600
W 17136448
R 19233664
W 17136512
R 19233728
W 17136576
R 19233792
W 17136640
R 19233856
W 17136704
R 19233920
W 17136768
R 19233984
W 17136832
R 19234048
W 17136896
R 19234112
W 17136960
R 19234176
W 17137024
R 19234240
W 17137088
R 19234304
W 17137152
R 19234368
W 17137216
R 19234432
W 17137280
R 19234496
W 17137344
R 19234560
W 17137408
R 19234624
W 17137472
R 19234688
W 17137536
R 19234752
W 17137600
R 19234816
W 17137664
R 19234880
W 17137728
R 19234944
W 17137792
R 19235008
W 17137856
R 19235072
W 17137920
R 19235136
W 17137984
R 19235200
W 17138048
R 19235264
W 17138112
R 19235328
W 17138176
R 19235392
W 17138240
R 19235456
W 17138304
R 19235520
W 17138368
R 19235584
W 17138432
R 19235648
W 17138496
R 19235712
W 17138560
R 19235776
W 17138624
R 19235840
W 17138688
R 19235904
W 17138752
R 19235968
W 17138816
R 19236032
W 17138880
R 19236096
W 17138944
R 19236160
W 17139008
R 19236224
W 17139072
R 19236288
W 17139136
R 19236352
W 17139200
R 19236416
W 17139264
R 19236480
W 17139328
R 19236544
W 17139392
R 19236608
W 17139456
R 19236672
W 17139520
R 19236736
W 17139584
R 19236800
W 17139648
R 19236864
W 17139712
R 19236928
W 17139776
R 19236992
W 17139840
R 19237056
W 17139904
R 19237120
W 17139968
R 19237184
W 17140032
R 19237248
W 17140096
R 19237312
W 17140160
R 19237376
W 17140224
R 19237440
W 17140288
R 19237504
W 17140352
R 19237568
W 17140416
R 19237632
W 17140480
R 19237696
W 17140544
R 19237760
W 17140608
R 19237824
W 17140672
R 19237888
W 17140736
R 19237952
W 17140800
R 19238016
W 17140864
R 19238080
W 17140928
R 19238144
W 17140992
R 19238208
W 17141056
R 19238272
W 17141120
R 19238336
W 17141184
R 19238400
W 17141248
R 19238464
W 17141312
R 19238528
W 17141376
R 19238592
W 17141440
R 19238656
W 17141504
R 19238720
W 17141568
R 19238784
W 17141632
R 19238848
W 17141696
R 19238912
W 17141760
R 19238976
W 17141824
R 19239040
W 17141888
R 19239104
W 17141952
R 19239168
W 17142016
R 19239232
W 17142080
R 19239296
W 17142144
R 19239360
W 17142208
R 19239424
W 17142272
R 19239488
W 17142336
R 19239552
W 17142400
R 19239616
W 17142464
R 19239680
W 17142528
R 19239744
W 17142592
R 19239808
W 17142656
R 19239872
W 17142720
R 19239936
W 17142784
R 19240000
W 17142848
R 19240064
W 17142912
R 19240128
W 17142976
R 19240192
W 17143040
R 19240256
W 17143104
R 19240320
W 17143168
R 19240384
W 17143232
R 19240448
W 17143296
R 19240512
W 17143360
R 19240576
W 17143424
R 19240640
W 17143488
R 19240704
W 17143552
R 19240768
W 17143616
R 19240832
W 17143680
R 19240896
W 17143744
R 19240960
W 17143808
R 19241024
W 17143872
R 19241088
W 17143936
R 19241152
W 17144000
R 19241216
W 17144064
R 19241280
W 17144128
R 19241344
W 17144192
R 19241408
W 17144256
R 19241472
W 17144320
R 19241536
W 17144384
R 19241600
W 17144448
R 19241664
W 17144512
R 19241728
W 17144576
R 19241792
W 17144640
R 19241856
W 17144704
R 19241920
W 17144768
R 19241984
W 17144832
R 19242048
W 17144896
R 19242112
W 17144960
R 19242176
W 17145024
R 19242240
W 17145088
R 19242304
W 17145152
R 19242368
W 17145216
R 19242432
W 17145280
R 19242496
W 17145344
R 19242560
W 17145408
R 19242624
W 17145472
R 19242688
W 17145536
R 19242752
W 17145600
R 19242816
W 17145664
R 19242880
W 17145728
R 19242944
W 17145792
R 19243008
W 17145856
R 19243072
W 17145920
R 19243136
W 17145984
R 19243200
W 17146048
R 19243264
W 17146112
R 19243328
W 17146176
R 19243392
W 17146240
R 19243456
W 17146304
R 19243520
W 17146368
R 19243584
W 17146432
R 19243648
W 17146496
R 19243712
W 17146560
R 19243776
W 17146624
R 19243840
W 17146688
R 19243904
W 17146752
R 19243968
W 17146816
R 19244032
W 17146880
R 19244096
W 17146944
R 19244160
W 17147008
R 19244224
W 17147072
R 19244288
W 17147136
R 19244352
W 17147200
R 19244416
W 17147264
R 19244480
W 17147328
R 19244544
W 17147392
R 19244608
W 17147456
R 19244672
W 17147520
R 19244736
W 17147584
R 19244800
W 17147648
R 19244864
W 17147712
R 19244928
W 17147776
R 19244992
W 17147840
R 19245056
W 17147904
R 19245120
W 17147968
R 19245184
W 17148032
R 19245248
W 17148096
R 19245312
W 17148160
R 19245376
W 17148224
R 19245440
W 17148288
R 19245504
W 17148352
R 19245568
W 17148416
R 19245632
