R 268537536
R 268535296
R 268537600
R 268535232
R 268536192
R 268534080
W 268536960
R 268535040
R 268534272
W 268535296
W 268533952
R 268536384
R 268535360
R 268536128
R 268534400
R 268536000
W 268534400
W 268536320
R 268536064
R 268534592
R 268536128
W 268533888
R 268533760
R 268534144
R 268536960
W 268535360
R 268535936
R 268536256
W 268537088
R 268534720
R 268534528
W 268537536
R 268469760
W 268469760
R 268469248
R 268471360
W 268471616
R 268468224
W 268470656
R 268468352
W 268471424
R 268468992
R 268469376
R 268470336
W 268470912
R 268471360
R 268468928
R 268470208
R 268471232
R 268471936
W 268472128
W 268469312
R 268469696
W 268470720
W 268470208
W 268469504
R 268469824
W 268471360
R 268468864
R 268469056
R 268470272
R 268471424
R 268472192
W 268469632
R 268468736
R 268472128
R 268468800
W 268469888
R 268438784
R 268435904
R 268437760
R 268436480
W 268436544
R 268438144
R 268436544
R 268435584
W 268438336
R 268435712
R 268436032
R 268437952
R 268436032
W 268438464
W 268436480
R 268438208
W 268439296
W 268438848
W 268435648
R 268435520
R 268438528
R 268435520
R 268436096
W 268438848
W 268438592
R 268439168
R 268436096
R 268435648
R 268436160
W 268437312
R 268436352
R 268439424
R 268435520
R 268436608
R 268437056
R 268438208
R 268439040
R 268437376
R 268437504
W 268438976
W 268437056
R 268438592
R 268438016
R 268436544
W 268435776
W 268437696
R 268439296
W 268437184
R 268438528
R 268439488
R 268439104
R 268435712
R 268435776
R 268437696
R 268437952
R 268435584
R 268438720
W 268435648
R 268437632
W 268436608
R 268436352
W 268438464
R 268437056
R 268439296
W 268435520
R 268435712
W 268437632
R 268436736
R 268437248
R 268438592
R 268439168
R 268435456
R 268438208
R 268437120
R 268436416
R 268536256
R 268536384
R 268533888
R 268534400
R 268536512
R 268536000
R 268533952
R 268534272
R 268534016
R 268536448
R 268534848
W 268537344
R 268537792
W 268534464
R 268537344
W 268536128
R 268535104
W 268504064
R 268502656
W 268502144
R 268503168
R 268502592
R 268501888
R 268504064
R 268501312
R 268504256
R 268501952
R 268502336
R 268504704
R 268504256
R 268504832
R 268503744
R 268504832
R 268501824
W 268501184
W 268502016
R 268501120
R 268502208
R 268503296
R 268503872
R 268505024
W 268437504
R 268438976
W 268438784
R 268436736
R 268437184
R 268436544
W 268438272
R 268438016
R 268436992
W 268436992
W 268436544
W 268436480
R 268437568
W 268438976
R 268438848
R 268436480
R 268435584
W 268438336
R 268438400
R 268438208
W 268436992
R 268439360
W 268435712
R 268439360
R 268436928
W 268436864
W 268437760
R 268436224
W 268436544
R 268439232
R 268436224
R 268536640
R 268536768
W 268534080
R 268535232
W 268536704
W 268537024
R 268535104
R 268533824
W 268534400
R 268537024
R 268535296
W 268536512
R 268535872
W 268534656
W 268535040
R 268537024
W 268536448
W 268536768
R 268535232
R 268535232
R 268536512
R 268534528
W 268536640
R 268534144
R 268536192
R 268537024
R 268534336
R 268537792
W 268438656
R 268435584
W 268436288
R 268437504
W 268435840
R 268438528
R 268437568
R 268438208
W 268438848
R 268436224
R 268436032
R 268435776
R 268436736
W 268436800
R 268435904
R 268439488
R 268438720
R 268438400
R 268439360
R 268437760
R 268437824
R 268437440
R 268436736
R 268438592
W 268438016
R 268435840
R 268438016
R 268437248
R 268439360
R 268437440
W 268436224
R 268439232
R 268437440
R 268436352
R 268438848
W 268437120
R 268438336
R 268436416
R 268436544
R 268535872
R 268537152
W 268534848
R 268534784
R 268534656
W 268536256
R 268536640
R 268535296
R 268535680
R 268535744
W 268535360
R 268534080
R 268533824
R 268537216
R 268534016
R 268536000
W 268534464
R 268535040
R 268536768
R 268536640
R 268536512
W 268534848
W 268534336
W 268537408
R 268535488
R 268535872
R 268534976
R 268536384
R 268535232
R 268536768
W 268537536
R 268534400
R 268537280
W 268537728
R 268533824
W 268535488
R 268534400
W 268537792
R 268536384
R 268534912
R 268536384
R 268534720
R 268537344
R 268536000
R 268536256
R 268535552
R 268535744
R 268536704
R 268536960
W 268535296
W 268536768
W 268534976
R 268535168
W 268537472
W 268536064
R 268535552
R 268535040
R 268533888
W 268536256
R 268534400
W 268536000
R 268536320
R 268534912
R 268537216
R 268535552
W 268536512
R 268536960
R 268536448
R 268537792
W 268534336
R 268534080
W 268536576
W 268536832
W 268537536
R 268533952
R 268436352
W 268438848
W 268437440
R 268438528
R 268438080
R 268438912
W 268437696
R 268435904
R 268436352
W 268436672
W 268436864
R 268439168
W 268439360
R 268435712
R 268437056
R 268437184
R 268439296
R 268437248
R 268437696
R 268437952
W 268439360
W 268439424
R 268438208
R 268436160
R 268437248
W 268437184
W 268438592
W 268437696
R 268435904
W 268437376
W 268439296
W 268439104
R 268438848
R 268436736
R 268438080
R 268436480
R 268437632
R 268435840
R 268436864
W 268436672
R 268437632
W 268436224
R 268439232
R 268437888
R 268436992
W 268436160
R 268439040
R 268438784
W 268436736
R 268437952
R 268438720
W 268437952
R 268435968
R 268436544
R 268438656
R 268436416
W 268435520
R 268439296
R 268436352
W 268435520
W 268437120
R 268436672
W 268438528
W 268437888
R 268438656
R 268436160
R 268469120
R 268470464
R 268470912
R 268471296
R 268469376
R 268469248
R 268469632
R 268471488
R 268472000
R 268468928
R 268468480
R 268469184
R 268468800
W 268471680
R 268469312
W 268469376
R 268471360
R 268471552
R 268471488
W 268470784
R 268470208
R 268468352
R 268469760
R 268471808
R 268471296
W 268470912
R 268469056
R 268470656
R 268471104
R 268469376
W 268469824
R 268469824
R 268468416
W 268469824
R 268469312
R 268471616
R 268470912
R 268471168
R 268469184
R 268469312
R 268468736
R 268470336
R 268470912
W 268469184
R 268468224
R 268471168
W 268471168
R 268469696
R 268468800
R 268471488
R 268471296
R 268468352
R 268471552
R 268469376
R 268469184
R 268469632
R 268469248
R 268470912
W 268468480
R 268469376
R 268472256
R 268472064
W 268471552
W 268472192
W 268472000
W 268471552
R 268469184
R 268470912
R 268471744
R 268468416
R 268468608
W 268471744
W 268470848
W 268470720
W 268436416
R 268437440
W 268438656
R 268439296
R 268437376
W 268438656
W 268435968
W 268438464
R 268438848
R 268436800
R 268438848
R 268436032
R 268436480
R 268439168
W 268437440
R 268435648
R 268435968
W 268439104
R 268438656
R 268437312
R 268435648
R 268438016
W 268537600
R 268535360
R 268534208
W 268536640
R 268533888
R 268535360
R 268535680
R 268534144
W 268536256
W 268536320
W 268536000
R 268534848
R 268537344
R 268535104
R 268536256
R 268535360
R 268535680
W 268536128
W 268536768
W 268437312
R 268436928
R 268437696
R 268436160
R 268436032
R 268436032
R 268435776
R 268437760
W 268438912
R 268436160
R 268436992
W 268437696
R 268435648
W 268436672
R 268435712
R 268438592
R 268439488
R 268435968
R 268438400
W 268439360
R 268437824
R 268436864
R 268436800
R 268438976
R 268439040
W 268437504
R 268437376
W 268437248
R 268439488
R 268437056
R 268435840
R 268436928
R 268435584
W 268537344
R 268533952
R 268535168
R 268535680
R 268534144
R 268534080
W 268535872
R 268537792
R 268535104
R 268535744
R 268537472
R 268537088
W 268535488
R 268534080
R 268534848
R 268537472
R 268534080
W 268537088
R 268534912
R 268536192
W 268534336
R 268535616
R 268534720
R 268535680
W 268534464
R 268536704
R 268535488
R 268537024
W 268534208
R 268535168
W 268536960
W 268471296
R 268469952
R 268470208
R 268469504
R 268471488
W 268472000
R 268472064
W 268469696
R 268469888
R 268471616
R 268470464
R 268470464
W 268469696
R 268471424
R 268469952
R 268471168
R 268471168
W 268470144
R 268469184
W 268470848
R 268471872
R 268471296
R 268468672
R 268470144
R 268469760
R 268469248
R 268470720
R 268534848
R 268535872
R 268537408
W 268534912
R 268536000
R 268537408
R 268536896
R 268536640
R 268536128
R 268535488
W 268533952
R 268537664
R 268536192
W 268534272
R 268535488
R 268536640
R 268536768
R 268535872
R 268537216
R 268537792
W 268536896
R 268536064
R 268536000
R 268537024
R 268535104
R 268535680
W 268536512
R 268534976
W 268535808
W 268536256
W 268533888
R 268534720
R 268437632
W 268439488
R 268437888
W 268438080
R 268436032
R 268438272
R 268438464
W 268437568
R 268436928
R 268438592
R 268438400
W 268437184
R 268435840
R 268438784
R 268435968
W 268439232
W 268438528
R 268438592
R 268436544
R 268437632
R 268438400
R 268435584
R 268436992
R 268437568
R 268437376
R 268438656
W 268439488
R 268438144
W 268436288
W 268438016
R 268437120
W 268436736
R 268436736
W 268439424
R 268437824
R 268437760
R 268439488
R 268437440
W 268436864
W 268436480
W 268435968
R 268437952
R 268439104
R 268439360
W 268438784
R 268435840
R 268438656
R 268438656
R 268437504
R 268438080
W 268437120
R 268436480
R 268438848
R 268436480
W 268437632
R 268436480
R 268437824
W 268436928
R 268439296
R 268436544
R 268437632
R 268534848
W 268534720
R 268535296
R 268534720
W 268533952
R 268537664
R 268534272
R 268536064
W 268537088
R 268536896
R 268535488
R 268534912
R 268534592
W 268535808
R 268537280
W 268536384
R 268535936
R 268534912
R 268537024
R 268535616
R 268535360
R 268535872
R 268534976
R 268536256
R 268533760
R 268537664
W 268535360
R 268534016
R 268536960
R 268535488
R 268535808
W 268536128
R 268537344
R 268534144
W 268533952
R 268534720
R 268535936
R 268536256
R 268537536
R 268535424
R 268536704
W 268535872
R 268537792
W 268534528
R 268537664
R 268537088
R 268533952
R 268534912
W 268536896
W 268536000
R 268536704
R 268537408
R 268536000
R 268536384
R 268535872
R 268535232
R 268534784
R 268471040
R 268469376
R 268469696
R 268468288
R 268468608
W 268470848
R 268469888
R 268469632
R 268469056
R 268470848
R 268470016
W 268469632
R 268468736
W 268470848
R 268471104
R 268468288
W 268471296
R 268468672
W 268471040
R 268471680
R 268439168
R 268439232
R 268438592
R 268438528
R 268435776
R 268435712
R 268439104
R 268435776
R 268438080
R 268439232
W 268437504
R 268438016
W 268439296
R 268438720
W 268436480
R 268439424
W 268436928
W 268436608
W 268437504
R 268435968
W 268435712
R 268437504
R 268438272
W 268435520
R 268437056
R 268437376
W 268439040
W 268439424
W 268436032
W 268435904
W 268435968
W 268436672
R 268436864
W 268435712
W 268437248
R 268436416
R 268438592
W 268439232
R 268436032
R 268437120
W 268438016
R 268437056
R 268438976
R 268438208
R 268437696
R 268437120
W 268436928
R 268436800
R 268439232
W 268503104
R 268503872
W 268501056
W 268502656
W 268503936
R 268504320
R 268501568
R 268504448
R 268504320
R 268502080
R 268501760
R 268504384
R 268501952
W 268503296
R 268501632
R 268504704
R 268504896
R 268504320
R 268534272
R 268536448
R 268537344
R 268535936
R 268533824
R 268535744
R 268536768
R 268535808
R 268536000
R 268534592
R 268534528
R 268535424
R 268536704
W 268533952
W 268536576
R 268533888
R 268534976
R 268536704
R 268536320
W 268534208
W 268533888
R 268536960
R 268535616
W 268534656
W 268534272
W 268537024
R 268535488
R 268535424
R 268534912
W 268534528
R 268534400
R 268535808
W 268537600
R 268534720
R 268534976
R 268501824
W 268501888
R 268501760
R 268501952
R 268502912
R 268501696
R 268503488
R 268502976
R 268504320
R 268502720
R 268502336
R 268504704
W 268501824
R 268502208
R 268502400
R 268435520
W 268436352
R 268438528
R 268435648
R 268439488
R 268435776
R 268437888
R 268437568
R 268438848
R 268439424
R 268436544
R 268436224
R 268437888
R 268437568
R 268436096
R 268439360
R 268438976
R 268436352
R 268435904
R 268438528
W 268438720
W 268436224
R 268435712
W 268439360
W 268439424
R 268438464
R 268436288
W 268438336
W 268504000
R 268502656
R 268501440
R 268505024
R 268503808
R 268501696
W 268503168
R 268504448
R 268504000
R 268503296
R 268501760
W 268502784
R 268503680
W 268502208
R 268503296
W 268501440
R 268504960
R 268501632
R 268503744
R 268501120
R 268502720
W 268500992
R 268504896
R 268501568
R 268501632
R 268502080
R 268504640
R 268501952
W 268501568
R 268503872
W 268501888
R 268504192
W 268501888
R 268502720
W 268502080
R 268501952
R 268503232
W 268501248
R 268504064
R 268505024
R 268504128
R 268504896
W 268502336
R 268503616
W 268503808
R 268503808
R 268504128
R 268504768
R 268502144
R 268504192
R 268504960
R 268503104
R 268504320
W 268503040
R 268503040
R 268502720
R 268501504
W 268504320
R 268504704
R 268501952
R 268501824
R 268502208
R 268503872
R 268504960
R 268502208
W 268503872
R 268436672
W 268437056
R 268438272
R 268436992
R 268438464
R 268438400
R 268437824
R 268437568
R 268438336
R 268437504
R 268437760
R 268436480
R 268436032
W 268437760
W 268436672
W 268436736
R 268436480
R 268436736
R 268437568
W 268438912
R 268438400
R 268437312
W 268502720
R 268503168
W 268503808
W 268501568
R 268501888
R 268501568
R 268500992
R 268501952
R 268504000
R 268502144
R 268501504
R 268504320
R 268501568
R 268502464
R 268503872
W 268502592
R 268501824
R 268504960
R 268504960
R 268501696
R 268503424
W 268502784
W 268502208
W 268502208
R 268501120
W 268503552
W 268436736
R 268435712
W 268437888
R 268435648
W 268436672
R 268436096
W 268435968
W 268437184
R 268437312
R 268438144
R 268438656
R 268437376
R 268438464
R 268438144
R 268438336
W 268437376
R 268438848
R 268436672
R 268439104
R 268438144
R 268437568
R 268437504
R 268435584
R 268437312
W 268438144
R 268437120
R 268437440
R 268436096
R 268437440
R 268435776
R 268436544
R 268438336
W 268436032
W 268438592
W 268438848
R 268437312
R 268437120
R 268437760
R 268435968
R 268439488
R 268435968
R 268436736
R 268437120
W 268439488
R 268438016
R 268436544
W 268438016
R 268436992
W 268437376
R 268439168
W 268436416
W 268436608
W 268436032
R 268438272
R 268436416
R 268469184
W 268471808
W 268470336
R 268468864
R 268468352
W 268470720
R 268469696
R 268470912
R 268469056
R 268471936
R 268472192
R 268469760
W 268472064
R 268468416
R 268471488
R 268470528
R 268469632
W 268469952
R 268468416
R 268472256
R 268468736
R 268469696
R 268469568
R 268468544
R 268471232
R 268470272
R 268470784
W 268469376
R 268471616
R 268471936
R 268472192
R 268469504
W 268470528
R 268504256
R 268503744
R 268501760
R 268500992
R 268501888
R 268504064
R 268505024
R 268505024
R 268504768
R 268503552
R 268504896
W 268502144
R 268503232
R 268501376
R 268501376
W 268504256
R 268503040
R 268501824
W 268501440
W 268504960
R 268502208
W 268503744
W 268471872
R 268469248
W 268470464
R 268469632
R 268472064
R 268470208
W 268468352
R 268470976
W 268471488
W 268468736
R 268469504
W 268470528
R 268470720
W 268470336
W 268469248
R 268468672
W 268471552
R 268468224
R 268472256
R 268472192
R 268471104
R 268469504
R 268470080
R 268469184
R 268471744
R 268470400
R 268468416
R 268469056
W 268468608
R 268470592
W 268470656
R 268468672
R 268470464
R 268472192
W 268468992
R 268468608
R 268470208
R 268504512
R 268501504
R 268503872
R 268504384
W 268502912
R 268501632
R 268504512
W 268504384
R 268503040
W 268504384
R 268501696
R 268501440
R 268502464
W 268503168
R 268503552
W 268501312
R 268504704
W 268501824
W 268502528
R 268501440
R 268500992
W 268504576
R 268535744
R 268535680
R 268537088
R 268534784
R 268537600
R 268536896
W 268536960
R 268534592
W 268535744
W 268537728
W 268536320
R 268534720
R 268533888
W 268537088
R 268535296
W 268534464
R 268537408
R 268537280
R 268537280
R 268533888
R 268536192
R 268534464
R 268537600
R 268537472
W 268537024
W 268534336
R 268536128
R 268537472
R 268536192
R 268534400
R 268504192
R 268504384
R 268504448
R 268504064
R 268504192
W 268502592
R 268504512
W 268501376
R 268504192
W 268503744
R 268504896
R 268504320
R 268501184
W 268503616
R 268501120
R 268503744
R 268505024
R 268505024
W 268503360
R 268504384
R 268501760
R 268504704
R 268504576
R 268503360
R 268501376
R 268503424
R 268502336
R 268502720
R 268503232
R 268501184
R 268504192
W 268502208
R 268502976
R 268436096
W 268435648
R 268437568
R 268435904
R 268435648
W 268437824
R 268437184
R 268438400
W 268438208
W 268437184
R 268438016
R 268437760
R 268438336
R 268437248
R 268438016
W 268438208
R 268438976
W 268436928
R 268471104
R 268471040
W 268470784
R 268470016
R 268468672
W 268468608
W 268468736
R 268468416
R 268468544
R 268472192
R 268471360
R 268469056
R 268469632
R 268468544
R 268470848
R 268470528
R 268468352
R 268471168
R 268470592
R 268468288
R 268470720
R 268469632
R 268469120
R 268468992
R 268469760
R 268471808
R 268470208
R 268471360
R 268470336
R 268470016
R 268504192
R 268501312
R 268503296
W 268504000
R 268504768
R 268504704
W 268502848
R 268502528
R 268502976
R 268503680
R 268503488
R 268503360
R 268501568
R 268501888
W 268502144
R 268501888
R 268504512
R 268501440
R 268502400
R 268502976
W 268502720
W 268503744
R 268501120
R 268502720
R 268470720
W 268468992
R 268469696
W 268470016
R 268468672
W 268469312
W 268468416
R 268472064
W 268470848
R 268469696
R 268469120
W 268468544
R 268470656
R 268470272
R 268469696
R 268468480
R 268470464
R 268469824
R 268468736
R 268470144
W 268469184
W 268471360
R 268470784
R 268468672
R 268471360
R 268470272
R 268468416
R 268471232
R 268471360
R 268469696
R 268468288
R 268470144
W 268472192
R 268468800
R 268468480
R 268471360
R 268471744
W 268469504
R 268468608
R 268437696
W 268435712
W 268437376
R 268438528
R 268435776
R 268438208
R 268435712
R 268437312
R 268436992
R 268438976
R 268436800
R 268438528
R 268438528
R 268436224
R 268439296
R 268435648
W 268438144
W 268438912
R 268438656
R 268502016
W 268504000
W 268501824
R 268501312
R 268503424
R 268501760
R 268502464
W 268503744
R 268501888
W 268501952
R 268503936
W 268503232
R 268504896
R 268502144
R 268505024
W 268502016
R 268501440
R 268503232
R 268504128
R 268504640
R 268501184
R 268503936
R 268502528
R 268503104
W 268503744
R 268501888
R 268500992
R 268503232
R 268501184
W 268502848
W 268502400
W 268504832
R 268504384
R 268504192
R 268504768
W 268502208
R 268469504
R 268471616
R 268469696
R 268469760
W 268471104
R 268468672
R 268468480
R 268470272
W 268471936
W 268471232
R 268468672
R 268468416
R 268468992
W 268469504
R 268469504
R 268469248
W 268471040
R 268471232
W 268471232
R 268470848
R 268470528
R 268472000
R 268471808
R 268470336
R 268469504
R 268468672
R 268471168
W 268468992
R 268470592
W 268471616
W 268471424
W 268472128
W 268472128
W 268468864
W 268468544
R 268436672
R 268438912
W 268437312
R 268439040
R 268437952
W 268437184
W 268435456
R 268439360
R 268436736
R 268435968
R 268436672
R 268439104
R 268435840
R 268435840
R 268436608
R 268436032
W 268435712
R 268438144
W 268437120
R 268436864
R 268437888
R 268438848
R 268436032
W 268436736
R 268436928
W 268438848
W 268435776
R 268437376
R 268437760
W 268438016
W 268437568
R 268438208
R 268437248
R 268436416
R 268437312
R 268438848
R 268535360
R 268535168
R 268535744
R 268537280
W 268536768
R 268536704
R 268535808
R 268536640
W 268535936
W 268534976
R 268536896
R 268534080
R 268536320
W 268535168
R 268536192
R 268534656
R 268534400
R 268537728
R 268534272
W 268537600
W 268536128
R 268536000
R 268537664
R 268536384
R 268533824
R 268534336
R 268439168
R 268439424
R 268435712
R 268439040
R 268436544
R 268436416
R 268436160
R 268436224
R 268436864
R 268436736
R 268438016
W 268437824
R 268439168
R 268439296
R 268438016
R 268436736
W 268438784
R 268439040
W 268436608
W 268436736
R 268437952
R 268436544
R 268503680
W 268503680
R 268500992
R 268504064
R 268502720
R 268503168
R 268502464
R 268502656
R 268501312
R 268504768
R 268502080
R 268504960
W 268502720
R 268504064
W 268504832
R 268504576
W 268505024
R 268502656
R 268503936
W 268502848
W 268501696
W 268504832
R 268503872
R 268503296
R 268503808
R 268504704
W 268504000
W 268503616
R 268502144
R 268504128
R 268501248
R 268504448
W 268502784
R 268501184
R 268502784
R 268502080
R 268504064
R 268502464
R 268501056
R 268502848
R 268501632
R 268504064
W 268501696
R 268503424
R 268504960
R 268504832
W 268503104
W 268501504
W 268503744
R 268501760
R 268503680
R 268502784
W 268503424
W 268501568
R 268503552
W 268504384
R 268501248
W 268503296
R 268504384
R 268501568
R 268504384
R 268502976
R 268503744
R 268505024
R 268501376
R 268503168
W 268504256
R 268503360
R 268504704
R 268503680
R 268504064
R 268501376
R 268503424
R 268502912
R 268504896
R 268435456
R 268436736
R 268436224
R 268439488
W 268438592
W 268438592
R 268436608
W 268439232
W 268435840
R 268435840
R 268436480
W 268436800
R 268437632
R 268439424
W 268437952
R 268438976
W 268437248
W 268438528
W 268437696
W 268438784
R 268435904
R 268436032
R 268439360
R 268436800
W 268438528
W 268436416
R 268469120
R 268471360
R 268472064
R 268469312
W 268468352
W 268470080
R 268469824
R 268472128
R 268471040
R 268470592
R 268468352
W 268469888
R 268468544
R 268468992
W 268468864
R 268470336
W 268471808
R 268472064
W 268471040
W 268470400
W 268470848
R 268469312
R 268469952
W 268438784
R 268438144
W 268436032
R 268435904
R 268435904
R 268439424
W 268439104
R 268437056
R 268438976
W 268435968
W 268438528
R 268438720
R 268437120
R 268439040
R 268436288
W 268438656
W 268470016
R 268469312
R 268468352
W 268469632
R 268469632
R 268470976
R 268471040
W 268468608
R 268468608
W 268472192
R 268472000
R 268468288
W 268469568
R 268471168
R 268468224
R 268470848
R 268472192
W 268468480
R 268469888
R 268533824
R 268536576
R 268536960
R 268534272
R 268534528
W 268536960
R 268534464
R 268537216
R 268534080
R 268535360
R 268536192
R 268533824
W 268537152
R 268536128
R 268535936
R 268536640
W 268536576
W 268534848
R 268536832
R 268534784
W 268534528
W 268535040
R 268534592
R 268537536
R 268536320
R 268535936
R 268537344
W 268534272
R 268533888
R 268535488
R 268537472
W 268536320
W 268535424
W 268535808
R 268536640
R 268534336
R 268534784
R 268436480
W 268439488
R 268439488
R 268437632
W 268435456
R 268436352
W 268436864
W 268438144
R 268436480
W 268437696
R 268437824
R 268438656
W 268436992
W 268436224
R 268439424
W 268436736
R 268438144
R 268437824
R 268436096
W 268436608
R 268436736
R 268438848
R 268438016
R 268436992
R 268436288
R 268438336
R 268435840
R 268436480
R 268437056
R 268436672
W 268439488
R 268437184
W 268435840
R 268437184
R 268437824
W 268435456
W 268438336
R 268438336
R 268438976
R 268437248
R 268502016
R 268503104
R 268501952
W 268504192
R 268503104
R 268504064
W 268504640
R 268504960
R 268502592
R 268503296
R 268501696
R 268503808
R 268501376
W 268501376
W 268504768
W 268504128
W 268468736
W 268469888
R 268470208
R 268468864
R 268472064
R 268468288
R 268469312
R 268470272
R 268469312
R 268471872
R 268472192
R 268469504
W 268472192
W 268469696
R 268469952
R 268469824
R 268471936
R 268469312
W 268471744
W 268470592
W 268501504
R 268502144
R 268501504
W 268501632
W 268504896
W 268501632
R 268504704
W 268501440
R 268501952
W 268504320
W 268504704
R 268502080
R 268501632
R 268501824
R 268501568
R 268504576
W 268502272
R 268501376
R 268503808
R 268502080
R 268503104
R 268502720
W 268504320
R 268502656
R 268471552
R 268471488
R 268468288
R 268470976
W 268469824
W 268470464
R 268470592
R 268469824
W 268469952
R 268471040
R 268468416
R 268468480
W 268469120
R 268470208
R 268468992
R 268472000
W 268471168
W 268468224
R 268469632
R 268470208
R 268470848
R 268470528
W 268471424
R 268470016
R 268470208
R 268471744
R 268470592
R 268468480
R 268470144
R 268471808
W 268469056
R 268470592
R 268471424
R 268471936
R 268468864
W 268470464
R 268468224
R 268468864
R 268469632
R 268472128
R 268469376
R 268472000
R 268469952
R 268468992
R 268470656
R 268469888
W 268471232
W 268472256
R 268469696
W 268469376
R 268472256
R 268470976
R 268471360
R 268469184
W 268471744
R 268472192
R 268471168
R 268470400
R 268468608
W 268472128
R 268471424
R 268471104
W 268468416
W 268469632
R 268469696
W 268470016
R 268468928
R 268471872
W 268469824
R 268471872
W 268471936
R 268471104
W 268470528
R 268469120
W 268472064
W 268468224
R 268471680
R 268470400
W 268468544
R 268470144
R 268470528
R 268471808
R 268471808
R 268471040
R 268470400
R 268472064
R 268469632
R 268470912
W 268471744
R 268471744
R 268470272
R 268470336
R 268471808
R 268471680
W 268535616
R 268535296
R 268534720
W 268534144
W 268536000
W 268535168
W 268534592
W 268533888
R 268536384
R 268534144
R 268537600
R 268535680
R 268534016
R 268535680
R 268536704
R 268534656
R 268537216
R 268535360
R 268537728
R 268534208
R 268535680
R 268536448
R 268534592
W 268535872
R 268534016
R 268537664
R 268535168
W 268534592
R 268534656
R 268533952
W 268535872
R 268537408
R 268535616
W 268535360
W 268537280
R 268535744
W 268534592
R 268534400
R 268535232
R 268535808
R 268536768
R 268537408
R 268533824
R 268537024
R 268537024
R 268536384
R 268536320
W 268536640
W 268535552
W 268533760
R 268536192
R 268534912
W 268535808
R 268533888
W 268537280
R 268537216
R 268536768
R 268534592
W 268535808
W 268537216
R 268537664
R 268536640
R 268534720
W 268534784
W 268534848
R 268536192
W 268533824
R 268537792
R 268439232
R 268437312
R 268437312
W 268435584
R 268436928
R 268436928
R 268436992
R 268439488
R 268439360
W 268438400
W 268436096
R 268437440
R 268435968
R 268437440
R 268436672
R 268438336
R 268437376
W 268435456
R 268438016
R 268439104
W 268435584
R 268438784
R 268439104
R 268437760
R 268437632
R 268438912
W 268435520
R 268439296
R 268436544
W 268436032
W 268437696
R 268436672
W 268502400
W 268501760
R 268502784
R 268503360
R 268502144
W 268501440
R 268504384
W 268504064
R 268502464
R 268501504
R 268504000
W 268501312
R 268503744
W 268502656
W 268502080
R 268503168
R 268504832
R 268501312
R 268504384
R 268503040
R 268504128
W 268504704
W 268504256
R 268502080
R 268503616
W 268503808
R 268471744
R 268469632
R 268469120
R 268471360
R 268470208
R 268471168
R 268469504
R 268468928
R 268471104
R 268469632
W 268469888
W 268472256
W 268471360
R 268471552
R 268471936
R 268471168
R 268471488
W 268468224
R 268472192
R 268471680
R 268468608
R 268470784
R 268469440
R 268471872
W 268470720
R 268470912
R 268470208
W 268468864
W 268472256
R 268468928
R 268469632
R 268470080
R 268470528
R 268471232
R 268469504
R 268472192
R 268469312
R 268469504
R 268470720
R 268468416
R 268468480
R 268469056
W 268469440
W 268471936
W 268470336
W 268469312
R 268469376
W 268469568
R 268471936
R 268468544
W 268469120
R 268471360
R 268470528
R 268470784
R 268470592
R 268472000
W 268468672
R 268536192
R 268534144
R 268534592
R 268537088
R 268536512
W 268535424
R 268537728
W 268534208
W 268535104
W 268536448
R 268536896
R 268537408
R 268537536
W 268534976
R 268537472
W 268534080
R 268537728
R 268534144
R 268535168
R 268537792
W 268534016
R 268536896
R 268535232
R 268534592
R 268535168
R 268535104
R 268537792
R 268535104
R 268534208
W 268535808
W 268537216
W 268534912
W 268537536
W 268536256
W 268536064
R 268534208
R 268536192
R 268535232
W 268534336
R 268534656
W 268534720
R 268535616
W 268536896
R 268535424
R 268537664
W 268535168
W 268534016
W 268536832
R 268537344
R 268534336
W 268534400
R 268534720
R 268534400
R 268537408
R 268533760
R 268537408
R 268536448
R 268534848
W 268537792
W 268536576
R 268536192
R 268535552
W 268537344
W 268536000
R 268536064
W 268536384
W 268534848
R 268534272
R 268536192
R 268535424
R 268536640
R 268534144
R 268534336
R 268537344
R 268536192
R 268534976
R 268535872
R 268536000
R 268537280
W 268535424
W 268536832
W 268536192
R 268536640
R 268502080
W 268502400
W 268504128
R 268504960
W 268503616
R 268502976
R 268503616
R 268501056
R 268503488
R 268502720
R 268501632
R 268501440
W 268501184
R 268503744
R 268501632
R 268501696
W 268502336
R 268503872
R 268501952
R 268502720
R 268502336
R 268501632
R 268504256
R 268501376
R 268501888
R 268501824
R 268504384
R 268502720
W 268503808
R 268504000
W 268504896
R 268501568
R 268503872
R 268504576
R 268504704
R 268503552
R 268502720
R 268503488
R 268501376
R 268504640
R 268504256
R 268501248
R 268504512
W 268504320
R 268504704
R 268502464
R 268503040
R 268502144
R 268500992
R 268502912
W 268502016
W 268502720
R 268502848
R 268504960
R 268501440
R 268504768
W 268502144
R 268502144
R 268500992
R 268504448
W 268503488
R 268502976
R 268500992
R 268504896
W 268504768
W 268505024
R 268504704
W 268503744
R 268503872
R 268502016
W 268502400
R 268504448
R 268501184
W 268505024
R 268501312
W 268501952
W 268504832
W 268504832
R 268504704
R 268503424
R 268501440
R 268503488
R 268503936
R 268500992
R 268471424
R 268472064
W 268471360
R 268468928
R 268471808
R 268469504
W 268470336
R 268471744
W 268472064
W 268468800
R 268468480
R 268470016
W 268469504
R 268468928
R 268468672
W 268468416
R 268470592
W 268470720
W 268469632
W 268468992
W 268470720
R 268470464
R 268469632
R 268470848
R 268468672
W 268472000
W 268469184
W 268468480
R 268471168
R 268468928
R 268470976
R 268468672
R 268469440
R 268471936
R 268470592
R 268468608
R 268468864
W 268468928
R 268468672
W 268471616
R 268469568
R 268468288
R 268469248
R 268471168
W 268469440
R 268469312
R 268469952
R 268470016
R 268471104
W 268471616
R 268469248
R 268470080
R 268468672
W 268469184
R 268471488
R 268468928
R 268471872
R 268471872
R 268471488
R 268471040
W 268470144
R 268471232
R 268468416
R 268471616
R 268471808
R 268470016
W 268470272
R 268535808
R 268537472
R 268534592
R 268536512
R 268536576
R 268534080
R 268535872
R 268534976
R 268533824
R 268535296
W 268536832
R 268534336
W 268533952
R 268535232
R 268533760
R 268534784
R 268535424
R 268534208
R 268536448
R 268537344
R 268535744
W 268534784
R 268536640
R 268535616
R 268537024
R 268537728
W 268535168
R 268535680
R 268533824
W 268534016
R 268536192
W 268533888
R 268536192
R 268537792
R 268533760
R 268535744
W 268536576
W 268534144
W 268438912
R 268439360
W 268437568
W 268437824
R 268438784
R 268436480
W 268438208
R 268438784
R 268437504
W 268436096
R 268437568
R 268436864
R 268437056
R 268438336
W 268439104
R 268438592
W 268438464
W 268437248
W 268435968
W 268436544
R 268437184
W 268436160
W 268437568
R 268438144
R 268436160
W 268438976
W 268439232
R 268438016
R 268439488
R 268438784
R 268439488
W 268437184
W 268438080
W 268436160
R 268435904
W 268436288
R 268436608
W 268437440
R 268437120
R 268436032
W 268438976
R 268439040
R 268438144
R 268439488
R 268437440
W 268435904
W 268439168
W 268438016
R 268436096
R 268437824
R 268436224
W 268435840
R 268438208
R 268437440
R 268436288
R 268436800
R 268439232
R 268438592
W 268437632
W 268437312
R 268436224
W 268439232
R 268437632
W 268436096
R 268438272
W 268438208
R 268438144
R 268438400
R 268435456
R 268436224
R 268472000
W 268469696
W 268469376
R 268470592
R 268471168
R 268468352
R 268471168
W 268471296
R 268469184
R 268471232
W 268470464
W 268470080
R 268470912
W 268469120
W 268472256
W 268469824
W 268469888
R 268468544
W 268468480
R 268471936
W 268471040
R 268468800
R 268468800
W 268468224
R 268469312
W 268468224
W 268468288
R 268471872
R 268470784
W 268470912
R 268468480
R 268471808
R 268468416
R 268470592
W 268471616
W 268470016
R 268468224
R 268468864
R 268468992
R 268503424
W 268502016
W 268501312
W 268501888
R 268504256
W 268504384
W 268504832
W 268501504
R 268503744
W 268501184
R 268502976
R 268503872
W 268502208
R 268504000
R 268502272
R 268502720
R 268501120
W 268504448
R 268504576
W 268502848
R 268501824
W 268501248
R 268501440
R 268501440
W 268504320
R 268504896
R 268503744
R 268502272
W 268501184
R 268501120
R 268504832
R 268504128
W 268501952
R 268502912
R 268503872
R 268534272
R 268537216
R 268535872
R 268536320
W 268537600
R 268536896
R 268534848
W 268535360
R 268536896
W 268537664
R 268536768
R 268536896
W 268535168
R 268535424
W 268535424
R 268533952
R 268537728
W 268536128
W 268535680
R 268536128
R 268536768
R 268537728
W 268537408
W 268537024
R 268534464
W 268535168
W 268537088
R 268537088
R 268535808
R 268534144
W 268535808
R 268534784
R 268536576
R 268534656
R 268537472
R 268536832
W 268435456
R 268435584
R 268439488
R 268436480
W 268439232
R 268439040
R 268437632
R 268437248
R 268438848
W 268435648
R 268438656
W 268437824
R 268436032
R 268438016
R 268438016
R 268438848
W 268436864
R 268439488
R 268437504
W 268438720
R 268437504
R 268438592
R 268436224
R 268501760
W 268503424
R 268502144
R 268504000
R 268502400
W 268504448
R 268501696
W 268501312
R 268501504
R 268502784
R 268504576
R 268502400
R 268503104
R 268502400
W 268504064
R 268504832
R 268503168
R 268501632
R 268501376
W 268502912
R 268503360
R 268504768
R 268502656
W 268503040
R 268503936
R 268504768
R 268504576
R 268501312
R 268501504
R 268502976
R 268504576
W 268501184
W 268504960
R 268504000
R 268503872
W 268503936
R 268504064
R 268501056
R 268504832
R 268503808
W 268502144
R 268504640
R 268501952
W 268504384
R 268502400
W 268503424
R 268436480
R 268437120
W 268439360
W 268436352
R 268435648
R 268438464
R 268439104
R 268438528
W 268438592
W 268437056
W 268439488
W 268437696
R 268438784
R 268436352
W 268439104
R 268437376
R 268435712
W 268437888
R 268438592
R 268436288
R 268437120
R 268437696
R 268439232
W 268438080
R 268437632
R 268437568
R 268438592
W 268435456
R 268435712
R 268439168
R 268438592
R 268436544
R 268435584
R 268435904
R 268438272
W 268437312
W 268437888
R 268437952
R 268439424
R 268437184
W 268437696
R 268435520
R 268437696
W 268437504
R 268436928
W 268435520
R 268435968
R 268437184
R 268438784
R 268439424
W 268439232
W 268438208
R 268437888
R 268436032
R 268438912
R 268438976
R 268438208
R 268437184
R 268438208
R 268435840
R 268504704
W 268504576
R 268501568
W 268501184
R 268504128
R 268503424
R 268503168
R 268503360
R 268501248
R 268501312
R 268502464
W 268503104
R 268503936
R 268501952
R 268503616
R 268501568
R 268501632
R 268501568
R 268504320
R 268504448
R 268501568
W 268504064
W 268502464
W 268501824
W 268502208
R 268501824
R 268502144
R 268504512
R 268502720
R 268503616
W 268435520
W 268435904
R 268435456
R 268437568
W 268436416
W 268436352
W 268436416
R 268438208
R 268436672
R 268438272
R 268437056
R 268439360
R 268435712
R 268436416
R 268436352
R 268435904
W 268436544
R 268436480
R 268436800
R 268439296
R 268437056
W 268438528
R 268438720
W 268437888
W 268438976
R 268437824
R 268437632
R 268437184
W 268438912
W 268435904
W 268435776
R 268439104
R 268435904
R 268437440
R 268438400
R 268435584
R 268436224
R 268438528
W 268437696
R 268437504
W 268437568
R 268439104
R 268438272
R 268437248
R 268438528
R 268439488
R 268437952
W 268435776
W 268436480
R 268438784
R 268437120
R 268438080
R 268436416
W 268438784
W 268436800
W 268436288
R 268435520
W 268438272
W 268437760
W 268438848
W 268435648
W 268436672
R 268436736
W 268436672
W 268435584
W 268438720
R 268437248
R 268436416
R 268439232
R 268437632
R 268438400
R 268437760
R 268435776
W 268438528
W 268438720
R 268438464
R 268437376
R 268438592
R 268438336
R 268437504
R 268437568
R 268438976
W 268437760
W 268435584
W 268437696
R 268436800
R 268438464
W 268437120
R 268435456
W 268436544
W 268437824
W 268436352
R 268436736
R 268437504
R 268436736
W 268437760
R 268438144
R 268438592
W 268438016
W 268438336
W 268436928
R 268436992
W 268438720
R 268436096
R 268438080
R 268438656
R 268438528
R 268438784
R 268436672
R 268438464
R 268439104
R 268438208
W 268436864
W 268437312
R 268436800
R 268435456
W 268436032
R 268435584
R 268435776
R 268435840
R 268438592
R 268437888
W 268438464
R 268437504
W 268435904
R 268435968
R 268436480
R 268502208
R 268504768
R 268504896
R 268502208
W 268501312
R 268504128
R 268503040
W 268505024
W 268502592
W 268504192
R 268502592
R 268502592
R 268501696
W 268501120
R 268503488
R 268503168
R 268502528
R 268503168
R 268503680
R 268503872
R 268502656
R 268503936
R 268502976
R 268504832
R 268536960
W 268535168
W 268535360
R 268537408
R 268534016
R 268537216
R 268534976
R 268534016
R 268536128
R 268536000
W 268534784
R 268537024
W 268535168
R 268536768
R 268537088
R 268533888
R 268534592
R 268535488
R 268468544
R 268469248
R 268468736
R 268471744
R 268468352
W 268471360
R 268470272
R 268469824
R 268468288
R 268470592
W 268469888
R 268469760
R 268468544
W 268471104
R 268468992
R 268534464
R 268537408
W 268536704
R 268537536
R 268537536
W 268535040
R 268535872
R 268533760
R 268535936
R 268537472
R 268534016
R 268535744
R 268536256
R 268533760
W 268535936
R 268536640
W 268535040
R 268537728
R 268534848
R 268535168
R 268535488
R 268535168
W 268533888
W 268534464
W 268535936
W 268534336
R 268535424
W 268536000
W 268534208
R 268535744
W 268535808
R 268534784
R 268537280
W 268535424
R 268535424
R 268535424
W 268535104
R 268535744
R 268534080
R 268438016
R 268436224
R 268437888
R 268436608
R 268436736
R 268439040
R 268438336
R 268435712
R 268437888
W 268437632
R 268437440
R 268435456
R 268437760
R 268438080
R 268436864
R 268437184
R 268438656
W 268439104
R 268435584
R 268438976
W 268435584
W 268436352
R 268437760
R 268438016
W 268435904
R 268436672
R 268439104
W 268435520
R 268501056
R 268501888
W 268501312
W 268503680
R 268504576
W 268501120
R 268501504
R 268503808
W 268502592
R 268502144
R 268504768
R 268501696
R 268503616
R 268504704
R 268501952
R 268502912
W 268502208
R 268504128
R 268502656
R 268503872
R 268502656
R 268504448
W 268504576
R 268502464
R 268501376
R 268502848
W 268504832
R 268502784
W 268505024
W 268502848
R 268503168
R 268502720
W 268504320
R 268502848
W 268503680
R 268504256
R 268503296
R 268536832
R 268534336
R 268536448
R 268535616
R 268535040
R 268536640
R 268535232
R 268535424
W 268533824
W 268533952
R 268537472
R 268535040
R 268534784
W 268537600
R 268535680
R 268537664
W 268535872
R 268534656
R 268534464
R 268537408
W 268537280
R 268533824
R 268536256
R 268536064
R 268536512
W 268536192
W 268534272
R 268535168
R 268537664
R 268534592
R 268534208
W 268537216
R 268505024
R 268503296
R 268504448
R 268503488
R 268502912
R 268504896
R 268501504
R 268503104
R 268501056
R 268503488
W 268501184
R 268501504
R 268504896
W 268501888
R 268504576
R 268501952
R 268502464
W 268501824
R 268502464
R 268502400
R 268501632
R 268536768
R 268537216
R 268537024
R 268537600
R 268534656
R 268537600
R 268533760
W 268536896
R 268535552
W 268534144
R 268535360
R 268536320
W 268535936
R 268536576
W 268536256
R 268534080
W 268536192
W 268537792
W 268536064
W 268501056
R 268504256
R 268501504
W 268501632
R 268503936
R 268504320
R 268502016
R 268502784
R 268503808
R 268503424
R 268504320
R 268502848
W 268503424
R 268502912
R 268502592
W 268501440
R 268502016
R 268502976
R 268502720
R 268502016
W 268503232
R 268501888
R 268501184
R 268503040
R 268503616
R 268502848
W 268503680
R 268502336
R 268501760
W 268501568
R 268503616
R 268504832
W 268470848
R 268471808
W 268471424
W 268472128
W 268468608
W 268469632
R 268471360
R 268468352
R 268470016
R 268471040
W 268471360
R 268468736
W 268470272
R 268469952
R 268468416
R 268471616
R 268471680
W 268468928
R 268470528
R 268468544
R 268471360
W 268471936
W 268468352
R 268468544
R 268469824
W 268471616
R 268471488
R 268470208
R 268469440
R 268470336
W 268468928
R 268471744
R 268470912
R 268471808
R 268468352
R 268471936
R 268471744
W 268471040
W 268468352
W 268470208
R 268468608
R 268468864
R 268470400
R 268472064
R 268470144
R 268471360
R 268472192
R 268471616
W 268469184
R 268470656
W 268469120
R 268469952
W 268472192
W 268468288
R 268471104
W 268469568
R 268468224
R 268471488
R 268472064
R 268471488
W 268471488
R 268502400
R 268502016
R 268504576
R 268502208
R 268501440
W 268502656
R 268502336
R 268501376
R 268504256
R 268504960
R 268504576
R 268501952
W 268503744
R 268501184
W 268502912
R 268501184
R 268503168
R 268503360
R 268501056
R 268501248
R 268504704
R 268502720
R 268503360
R 268503168
R 268504960
R 268503360
R 268502784
W 268501184
R 268501760
R 268504064
W 268535936
R 268535424
R 268534336
R 268534080
R 268534016
R 268537600
R 268537600
W 268537344
W 268534848
R 268537472
R 268534016
R 268534720
R 268536064
W 268533888
R 268533952
R 268535424
R 268536704
W 268534592
R 268533952
R 268536576
W 268536896
W 268536640
R 268534272
W 268533952
W 268535360
W 268535040
W 268534272
W 268534464
W 268535168
W 268537664
R 268537024
R 268534336
R 268469696
W 268469248
R 268470016
R 268470720
R 268468288
W 268472064
R 268469504
R 268471616
R 268468928
R 268468608
W 268472192
R 268470848
R 268470272
W 268469888
R 268470080
R 268471360
W 268470656
R 268469696
R 268469440
R 268469312
R 268468416
R 268468800
R 268468928
W 268470016
W 268470656
W 268472256
W 268471808
R 268469056
W 268469120
W 268472256
R 268469312
W 268468288
W 268469696
W 268470976
R 268470464
W 268471360
R 268470976
R 268471168
R 268471872
R 268471680
W 268469120
W 268468416
R 268469120
R 268470400
R 268471040
R 268472000
R 268472064
R 268471488
R 268470848
R 268468864
R 268472128
R 268468352
R 268471872
W 268472000
R 268469696
R 268468544
R 268471040
R 268468544
R 268472000
W 268470720
R 268468480
R 268469376
W 268470464
R 268469376
R 268471104
W 268470848
R 268471936
W 268468992
R 268470336
R 268469760
R 268468736
R 268469760
W 268471232
W 268470720
W 268472000
R 268471488
W 268471296
R 268470208
R 268468736
W 268472128
R 268470272
R 268470272
R 268470016
R 268471616
R 268470016
R 268470272
R 268470016
R 268470400
W 268470272
R 268470848
R 268468608
R 268470592
R 268502400
W 268504256
R 268502528
W 268502528
R 268504832
R 268502208
R 268501440
W 268500992
W 268502592
R 268504768
R 268501376
R 268501248
R 268503424
R 268503360
W 268503104
W 268504768
W 268503552
R 268502912
R 268503744
R 268503744
R 268502848
R 268503296
W 268503168
R 268502464
W 268501440
R 268501184
R 268504576
W 268501440
R 268502400
W 268503168
R 268502784
R 268501120
R 268504384
R 268501632
R 268503616
R 268500992
W 268504768
R 268501632
W 268501440
R 268536000
R 268535488
W 268534464
R 268537536
R 268536960
W 268536640
W 268536896
W 268536896
R 268534464
R 268537536
R 268537600
W 268535680
R 268536640
R 268535808
W 268536448
R 268535616
R 268536320
R 268537088
R 268534592
R 268536512
R 268537728
R 268536640
W 268536832
W 268534912
W 268534656
R 268535872
R 268537088
R 268537472
R 268537792
W 268472128
R 268472192
W 268468288
W 268468288
R 268470720
R 268470912
R 268469184
R 268469312
R 268471872
R 268470400
R 268472256
R 268468352
R 268468544
R 268470208
W 268471424
R 268470016
R 268469184
R 268470400
R 268471552
W 268471232
W 268471296
R 268468224
R 268471424
R 268471744
R 268470656
W 268469440
W 268470784
R 268504640
W 268501312
W 268503232
W 268502656
R 268502592
R 268501568
R 268504768
R 268503040
R 268503232
R 268502016
R 268503872
R 268502208
W 268502848
W 268503168
R 268504960
R 268501952
W 268503360
W 268504064
W 268500992
R 268502272
R 268503872
W 268503360
R 268501120
W 268504256
R 268503040
R 268503168
W 268502912
R 268504576
R 268435840
R 268438080
W 268439360
R 268435968
R 268436736
R 268437184
W 268439104
R 268438912
R 268436800
R 268439104
R 268437568
R 268437504
R 268436800
W 268438592
R 268436928
R 268439040
W 268438080
R 268438848
W 268437184
W 268471232
R 268472064
R 268468480
R 268469440
R 268471872
R 268470400
R 268469504
W 268469184
R 268470656
W 268470656
W 268469376
R 268469248
R 268471936
R 268470208
R 268468672
W 268471360
R 268468352
W 268470848
R 268470976
W 268469632
R 268469824
W 268468224
R 268469376
R 268468928
W 268471552
R 268468352
W 268470592
W 268468480
R 268469824
W 268468352
R 268469952
W 268469248
W 268469184
R 268470720
R 268471424
W 268469504
R 268469440
R 268470656
W 268471104
W 268504512
R 268504448
R 268503232
W 268503424
R 268504576
R 268504192
R 268502656
R 268504192
R 268502528
W 268503616
R 268503552
R 268502720
R 268504832
W 268503936
R 268502144
R 268502016
R 268503552
W 268502656
W 268502528
R 268503296
W 268502848
R 268501312
R 268502208
R 268502272
R 268503680
R 268502336
W 268504000
R 268504000
R 268501056
W 268503936
W 268501760
R 268504128
R 268503808
R 268501184
R 268503424
W 268503232
W 268503424
R 268500992
R 268501120
R 268502656
W 268504640
R 268503488
R 268502144
R 268503808
R 268501504
W 268503936
W 268503680
R 268504448
R 268504832
R 268501568
W 268504320
W 268503808
R 268504704
W 268503936
W 268503552
W 268504256
W 268535232
R 268535488
W 268534784
R 268535168
R 268534784
R 268536896
R 268535744
R 268536320
W 268534848
R 268537792
R 268534976
R 268537728
W 268535360
R 268533952
R 268537408
W 268534912
R 268536448
W 268535104
R 268535104
R 268535168
W 268535488
R 268537088
R 268536576
R 268535168
R 268535424
R 268536128
W 268537216
R 268534720
R 268534784
W 268537280
W 268535296
W 268533888
R 268534400
R 268535424
R 268537152
W 268537664
W 268537344
W 268535936
R 268535616
R 268537280
W 268537024
R 268534592
R 268534848
W 268536320
W 268535616
W 268534208
R 268536896
R 268504384
R 268503680
R 268504704
W 268501248
R 268502272
W 268502272
R 268503360
W 268503616
R 268501888
R 268501568
R 268504384
R 268504000
R 268502528
R 268502976
W 268504640
R 268501696
W 268502080
R 268501184
W 268503296
R 268504640
W 268502912
R 268502528
R 268501824
W 268501056
W 268502784
W 268501184
R 268501952
W 268504832
R 268502208
R 268533760
R 268537664
R 268536000
W 268534208
R 268537344
W 268534912
R 268533760
R 268533824
R 268536832
W 268537408
R 268536704
R 268537280
R 268534272
R 268536896
R 268536704
W 268535040
R 268536576
R 268533824
W 268534784
R 268534464
R 268536384
R 268536384
R 268535936
W 268535232
R 268536512
W 268535872
W 268535360
W 268534656
R 268534400
R 268533888
W 268537792
R 268534912
R 268533760
R 268534528
R 268536960
R 268537152
W 268535232
R 268438848
R 268438912
R 268437696
R 268437888
W 268438784
R 268438592
R 268439296
W 268437504
R 268435904
W 268438848
R 268438208
W 268438592
R 268436736
R 268437824
W 268439104
R 268438464
W 268435712
W 268435712
R 268435584
R 268437440
W 268439424
R 268437120
R 268438464
W 268436736
W 268436096
R 268439168
W 268439488
R 268503808
R 268501376
W 268504064
R 268503104
R 268502656
R 268503296
R 268502976
W 268504256
W 268503424
R 268501888
R 268501376
R 268503360
R 268502336
W 268501376
R 268503552
W 268504896
R 268504704
R 268501696
W 268504960
R 268500992
R 268504448
R 268535680
W 268536576
W 268536512
R 268535296
R 268534784
R 268535168
R 268536000
R 268534592
R 268535552
R 268534592
R 268536320
R 268537088
R 268534336
R 268536896
W 268536704
R 268534272
W 268534912
W 268535680
R 268536512
R 268537280
R 268536576
R 268534592
R 268537344
W 268503552
W 268501440
R 268502144
R 268502144
R 268503808
R 268500992
R 268502464
W 268502720
R 268504384
W 268501184
R 268504320
R 268503936
R 268505024
R 268501504
R 268501824
R 268502656
R 268502208
R 268502016
R 268504768
R 268501632
R 268502848
R 268504128
W 268504000
W 268501568
R 268504960
R 268503936
R 268503744
W 268501504
R 268536192
R 268534144
R 268537664
R 268533888
W 268537216
W 268536896
R 268535424
R 268537152
R 268534592
R 268535680
R 268534592
R 268536704
R 268534720
R 268534464
R 268534336
R 268534016
W 268533760
W 268536384
R 268534720
R 268537536
R 268534336
R 268537664
R 268534400
R 268536576
R 268536960
W 268534784
R 268535936
R 268534464
R 268535104
R 268536512
R 268536512
W 268534720
W 268536576
W 268537216
R 268535744
W 268536128
R 268470528
W 268471104
W 268470592
R 268472256
R 268471616
W 268470272
R 268468608
R 268470720
R 268470784
W 268470208
R 268471616
R 268472256
R 268470848
W 268470464
R 268469248
R 268470016
R 268468864
W 268470336
R 268472000
W 268470464
R 268470208
W 268471296
R 268469568
W 268468608
R 268468352
W 268469440
R 268469824
R 268471808
R 268469376
R 268471616
R 268471936
R 268471488
R 268470976
R 268470016
R 268470144
R 268470208
R 268470464
R 268471168
R 268470016
R 268471616
W 268468544
R 268471040
R 268471360
R 268468608
R 268469760
W 268469120
R 268469120
R 268468736
R 268471424
W 268469760
R 268469504
R 268469248
R 268469184
R 268470848
R 268470144
R 268472192
R 268469632
W 268468480
W 268471744
R 268471808
R 268471872
R 268471936
R 268468992
W 268469056
W 268470336
R 268470400
R 268468928
R 268471296
R 268471232
W 268469952
R 268469760
R 268468352
R 268537344
R 268535680
R 268536320
W 268534912
W 268534720
R 268535488
R 268537472
R 268535424
R 268536896
R 268535808
W 268537792
R 268535616
R 268537024
W 268534208
R 268535552
W 268534336
R 268535616
W 268536192
W 268536832
W 268536832
R 268536128
R 268535104
R 268537536
R 268534912
R 268435648
R 268437888
R 268438912
W 268438528
W 268436736
R 268437440
R 268436672
R 268438208
R 268437440
W 268437696
W 268437568
R 268438016
R 268436416
R 268436352
W 268435968
R 268437440
R 268436032
R 268439040
R 268436608
R 268439104
W 268439232
R 268436224
R 268438848
R 268536192
W 268535488
R 268536576
R 268533952
R 268536064
W 268535680
W 268534784
W 268535552
R 268537728
W 268535808
R 268535808
W 268536576
R 268537792
R 268535552
W 268537408
W 268536320
R 268535296
W 268534592
R 268533824
R 268535488
R 268537728
R 268537536
W 268535616
W 268535040
R 268536896
W 268534464
R 268534016
R 268535680
R 268535360
W 268535808
W 268534272
R 268537280
W 268534464
R 268535488
R 268536128
R 268534464
R 268537152
R 268536000
R 268534080
W 268536640
R 268535424
W 268536896
W 268533824
W 268534528
R 268535360
W 268537344
R 268535936
R 268536896
R 268534144
R 268535104
R 268535744
W 268535296
R 268535872
R 268534656
R 268536320
R 268536960
W 268535936
W 268535232
W 268537024
R 268537088
R 268533952
R 268435968
R 268435904
R 268438464
W 268436992
R 268436352
W 268436864
W 268435648
R 268436032
R 268436672
R 268437248
W 268439488
W 268438208
R 268435840
W 268438400
R 268436544
R 268437888
W 268438080
R 268438720
R 268436480
R 268437184
R 268439104
W 268437888
R 268435840
W 268436800
W 268435456
R 268437120
R 268435520
R 268438656
W 268437248
R 268436416
R 268438592
W 268437248
W 268436992
W 268438464
W 268437376
R 268501056
R 268502656
R 268502016
W 268503936
R 268503872
W 268502144
R 268501376
W 268504192
W 268504128
R 268503680
R 268503168
W 268504320
R 268501184
R 268500992
W 268504064
W 268502848
R 268504448
W 268501888
W 268501760
R 268501376
R 268502912
W 268502656
R 268504704
R 268502336
R 268501504
R 268501056
R 268502464
W 268504192
R 268501120
W 268503680
W 268502016
R 268504256
W 268503936
W 268504000
W 268502464
W 268502912
R 268470976
R 268468224
W 268471552
R 268472192
R 268469056
R 268470720
W 268468224
R 268471936
W 268470848
R 268469632
R 268470080
W 268470208
R 268470976
R 268469120
R 268470528
W 268471168
R 268471872
R 268470912
R 268468736
W 268468608
R 268468672
W 268472256
W 268468992
W 268469952
R 268468992
W 268468864
R 268469120
W 268468544
W 268471360
R 268469888
R 268469696
R 268471104
R 268471680
W 268470656
R 268469440
W 268470016
R 268469632
R 268468544
R 268468544
R 268502144
R 268502720
R 268502848
R 268504896
R 268502592
R 268501376
R 268505024
W 268504256
R 268503744
R 268502336
R 268502848
R 268503424
R 268501568
W 268503424
R 268504384
R 268504000
W 268503296
R 268503680
R 268501632
W 268503040
W 268504768
W 268435968
R 268437440
W 268439104
R 268438464
W 268436352
R 268435840
R 268437952
W 268437504
W 268436608
R 268435456
R 268439040
R 268439104
R 268436736
W 268438592
W 268435904
R 268438848
W 268439296
R 268435456
R 268534016
R 268535680
R 268534016
R 268533952
R 268535680
R 268535040
R 268536192
R 268537472
W 268534016
R 268533888
R 268534976
W 268537088
R 268536064
W 268536256
R 268533888
W 268536960
R 268533760
W 268535808
R 268536256
R 268534336
W 268535488
W 268534080
R 268536768
R 268537344
R 268536512
R 268534592
R 268535424
W 268534080
W 268534848
R 268537472
R 268534144
R 268537152
W 268537280
R 268534400
W 268537536
R 268535296
R 268536320
R 268536128
R 268533824
W 268535488
W 268534976
W 268533952
R 268536832
R 268536640
R 268536768
R 268533952
R 268537664
R 268535936
W 268535360
W 268534336
R 268537152
W 268535360
R 268534272
R 268536512
R 268536512
R 268535168
W 268537472
W 268535744
R 268472128
R 268470208
R 268471872
W 268470336
R 268471552
R 268468800
R 268469504
R 268469056
R 268470208
R 268470464
R 268470656
R 268469312
W 268471808
R 268471872
R 268471936
R 268470144
R 268471808
R 268469184
R 268468544
R 268470336
R 268471616
R 268469184
R 268468416
R 268469888
W 268470336
R 268469440
R 268468736
W 268470592
R 268469184
R 268470592
W 268470272
W 268502080
W 268504000
R 268501632
W 268504640
W 268504064
R 268504512
R 268504064
W 268504576
R 268504768
W 268502720
W 268501760
R 268504640
R 268502720
R 268503360
R 268504896
R 268501440
W 268502720
W 268502720
R 268504512
R 268504448
R 268501824
W 268504960
W 268504000
R 268502848
R 268503360
R 268504832
R 268504320
R 268502464
R 268501440
R 268501568
W 268501632
R 268501056
W 268503744
R 268435968
W 268438912
R 268437760
W 268439168
R 268435456
R 268438144
R 268437568
W 268435648
R 268439296
W 268437376
R 268438528
R 268438912
W 268436480
R 268439488
R 268439424
R 268438272
R 268438656
R 268438144
R 268437632
W 268436160
W 268438336
R 268438656
W 268435776
R 268437120
R 268437824
R 268435840
W 268436224
R 268438976
W 268438656
W 268437312
R 268437312
R 268437056
R 268436288
R 268438592
R 268534016
W 268537024
R 268535232
R 268537472
W 268537600
R 268534848
R 268537664
W 268535040
R 268537728
R 268536512
R 268533952
R 268534400
W 268534336
W 268536768
R 268536384
R 268534400
R 268534656
R 268536128
W 268535104
R 268535296
R 268535808
R 268535552
R 268537088
R 268534336
W 268534464
W 268534592
W 268535104
R 268534656
W 268536320
R 268537536
R 268537792
R 268535744
W 268535552
W 268537728
R 268536000
R 268535616
R 268537472
R 268535744
W 268535680
R 268534272
W 268536192
W 268534976
R 268534592
R 268536832
R 268534528
R 268502592
W 268503040
R 268502976
W 268504384
R 268502720
R 268502592
R 268501952
R 268504704
W 268502336
W 268503040
R 268502912
R 268501120
R 268500992
R 268501120
R 268504256
R 268501120
R 268503808
R 268503552
R 268504064
R 268502080
R 268501696
R 268501632
R 268504896
R 268502464
R 268503808
R 268501504
R 268502464
R 268502912
R 268504512
R 268501696
R 268502848
R 268502784
R 268471872
W 268468352
R 268469952
W 268469952
R 268468416
R 268471808
R 268469184
R 268471680
R 268471168
R 268471040
R 268472192
R 268468672
W 268469184
R 268469312
R 268469440
R 268470208
R 268470464
R 268469696
R 268468352
W 268469376
R 268468352
R 268469888
R 268469952
R 268471296
R 268468928
R 268471936
R 268469696
W 268469568
R 268470976
R 268502784
R 268504128
W 268504960
R 268504704
W 268502400
R 268501312
W 268503104
R 268501568
R 268501760
R 268500992
R 268503936
R 268503424
R 268502080
W 268501952
R 268503296
R 268502336
R 268503488
R 268501568
R 268501056
R 268501632
R 268502912
R 268503296
R 268503168
R 268502208
R 268501568
W 268503808
W 268436864
R 268439168
W 268436224
W 268438208
R 268438528
R 268438784
W 268436480
R 268438464
R 268438080
R 268438528
R 268438016
W 268437184
R 268436352
R 268439104
R 268438784
W 268437440
R 268439232
R 268438336
R 268438528
R 268435712
R 268536640
W 268534144
R 268535360
R 268534528
R 268534656
R 268535040
R 268536832
R 268534912
R 268534848
W 268537216
R 268534464
R 268535872
R 268535488
W 268534592
R 268536832
W 268536768
R 268535104
R 268536832
W 268535872
R 268537600
R 268537792
R 268534528
R 268534720
R 268534016
R 268534016
R 268534720
R 268536128
W 268536448
R 268533888
R 268537408
W 268534528
R 268534016
W 268534976
R 268536448
W 268537472
W 268535488
W 268536768
W 268534016
R 268536384
W 268535168
R 268536576
R 268535744
W 268535360
R 268535744
R 268535360
W 268537472
W 268535936
W 268533760
R 268536192
R 268535936
W 268535488
W 268535936
R 268537792
W 268534784
W 268536640
W 268536256
R 268534016
R 268535936
R 268534464
W 268535616
R 268535168
R 268536448
R 268533824
R 268536896
R 268534912
W 268535232
W 268534592
R 268535616
R 268535680
R 268537408
W 268534784
R 268533888
R 268534144
R 268534592
W 268536768
R 268535936
R 268533824
R 268534976
R 268536640
R 268535808
R 268536640
R 268534912
R 268537600
R 268533824
R 268535552
W 268535936
R 268535552
R 268535360
R 268537472
R 268535104
R 268533824
W 268534784
W 268533760
R 268535872
R 268535168
R 268537472
R 268468352
R 268471744
R 268469248
R 268471744
W 268469568
R 268469632
R 268468480
W 268471488
R 268469824
R 268470784
R 268471232
R 268469504
R 268471872
R 268469760
W 268468928
R 268471360
R 268535168
R 268535744
R 268535168
R 268537152
R 268534464
R 268536320
W 268536512
R 268537088
R 268536000
R 268535872
W 268536256
W 268537216
R 268534784
W 268536448
R 268534528
R 268537344
R 268534784
W 268537792
R 268536832
R 268537600
R 268537472
R 268536192
R 268536768
R 268536064
R 268535040
W 268535872
R 268534720
R 268536960
W 268534400
R 268535360
W 268535296
R 268534784
W 268535488
W 268537792
R 268534656
R 268535296
R 268534784
R 268537600
R 268536000
R 268535488
W 268536448
R 268533760
R 268536704
R 268534400
R 268535360
W 268534528
W 268537216
R 268537472
R 268534976
R 268535808
R 268536960
W 268534912
W 268535680
R 268533824
R 268534720
R 268537216
R 268536000
W 268535808
W 268536512
W 268537088
R 268533952
R 268534720
R 268534848
R 268537792
R 268537536
R 268471104
W 268470144
R 268470016
R 268472128
W 268470720
W 268471744
R 268468608
W 268471616
R 268469568
W 268470464
R 268469632
R 268472000
W 268471040
W 268469696
W 268468864
R 268468480
R 268468416
R 268469760
W 268471744
W 268470400
W 268468288
R 268470656
R 268471232
R 268472000
R 268468544
R 268468416
W 268470400
R 268469120
R 268535040
R 268534464
W 268537536
R 268533952
R 268535936
W 268536256
R 268534080
R 268534464
R 268534656
R 268535424
R 268537024
R 268534208
R 268534912
R 268537408
R 268534144
R 268537472
W 268536192
R 268537024
R 268535872
R 268534272
R 268534656
R 268535296
R 268533760
W 268537280
R 268536832
W 268536640
W 268534912
R 268534336
R 268535360
W 268534912
R 268534976
R 268536000
R 268535488
W 268535424
R 268534912
R 268534144
W 268535488
R 268537792
R 268534336
W 268534336
R 268537472
R 268536384
R 268536256
R 268535872
R 268535552
W 268537152
R 268537088
R 268535616
R 268536832
R 268537344
R 268536640
W 268535552
R 268536384
R 268534848
W 268536640
R 268536704
R 268534144
R 268535488
R 268533760
R 268533760
R 268534336
R 268537664
R 268535424
R 268536832
W 268535872
R 268537664
R 268535744
R 268537600
W 268537152
R 268533952
R 268534080
W 268533952
R 268536128
R 268535680
W 268535168
W 268504704
R 268503360
R 268504448
W 268503232
R 268503488
R 268503360
W 268501184
W 268504384
W 268504704
W 268501760
W 268504192
R 268504000
R 268500992
R 268504512
R 268502592
R 268501248
R 268505024
R 268504576
R 268502208
R 268501504
R 268504576
W 268502976
W 268503808
W 268503296
R 268504320
R 268504320
R 268504064
W 268504064
R 268501888
R 268503296
R 268438976
R 268435968
R 268438016
R 268437376
R 268436608
R 268439360
W 268437440
R 268435840
R 268436736
W 268438080
R 268439296
R 268437248
R 268435776
W 268438144
W 268438208
R 268437632
R 268437888
W 268504384
W 268501504
W 268501120
W 268502848
R 268501120
R 268502144
W 268504384
R 268503936
W 268505024
W 268503360
R 268502208
R 268501824
W 268504960
W 268502848
W 268502208
W 268503424
W 268501696
W 268504576
R 268503296
W 268501120
R 268501312
W 268502784
R 268503808
R 268502400
R 268503872
W 268503104
R 268504832
R 268501568
R 268502144
R 268503744
W 268502912
R 268501184
R 268501376
W 268501824
W 268504768
W 268503936
R 268503808
W 268501568
W 268501888
R 268501120
R 268501952
R 268504128
R 268502592
W 268504896
R 268503360
R 268503296
R 268502144
R 268501952
W 268504512
R 268504960
W 268501376
R 268503616
R 268534016
R 268533824
R 268536448
W 268535744
R 268537152
R 268534720
R 268534784
R 268535040
R 268537088
R 268537408
W 268534784
R 268534592
R 268536064
R 268536832
R 268537536
R 268537088
W 268534912
W 268534336
R 268536256
R 268536128
R 268536640
R 268535680
R 268534208
R 268537280
R 268537472
W 268537280
W 268536704
R 268533888
W 268534592
W 268536320
W 268534912
W 268533888
R 268504960
R 268502592
R 268502208
R 268504768
W 268504000
W 268504832
R 268503680
W 268501440
R 268501248
R 268500992
R 268503488
W 268503360
R 268504832
W 268504704
R 268501184
R 268501312
R 268504256
W 268502144
R 268501824
R 268503488
R 268504384
R 268503872
R 268503296
R 268505024
R 268504512
R 268503040
R 268504512
R 268504192
R 268502400
W 268504768
R 268504448
W 268501376
R 268501504
R 268504128
R 268502080
R 268504128
R 268502144
R 268502720
R 268501504
W 268504448
R 268504448
R 268502784
W 268502656
R 268502400
R 268502464
R 268501184
W 268503872
R 268501888
R 268501056
R 268502720
R 268501248
R 268502592
R 268502400
W 268503040
W 268504832
R 268502656
W 268504448
W 268501120
R 268502144
R 268502848
W 268504192
R 268504448
R 268504192
R 268504000
R 268503168
W 268501888
R 268501568
R 268502400
R 268504640
R 268501952
R 268504896
R 268534016
W 268534208
R 268534016
R 268536512
R 268535744
R 268537792
R 268537280
W 268534848
R 268536640
R 268535552
R 268535744
R 268535232
W 268535360
R 268535936
R 268535936
R 268535936
R 268536960
R 268536512
R 268537536
R 268535808
R 268537408
W 268437952
R 268438464
R 268436352
W 268436992
R 268439488
R 268435712
R 268438848
R 268435584
W 268438784
R 268438912
R 268439040
R 268436608
R 268435648
R 268439040
R 268437824
R 268438720
R 268439360
R 268439360
W 268436224
R 268436864
W 268437568
R 268437760
W 268438592
R 268435456
R 268439296
R 268436992
R 268438080
R 268504384
R 268501184
R 268501952
R 268504448
R 268501632
R 268501376
R 268503168
R 268501696
R 268500992
R 268503808
W 268502144
R 268501888
R 268502912
R 268501440
R 268503744
R 268504192
R 268503616
R 268504448
R 268504960
R 268502848
W 268504064
R 268501696
R 268502208
R 268501632
R 268502144
R 268502144
R 268501120
W 268503232
R 268534976
R 268533952
R 268537408
W 268536576
W 268536960
R 268536128
W 268535232
W 268536320
W 268534272
R 268533888
R 268533952
R 268537152
R 268535680
R 268537664
W 268534784
W 268534016
W 268535936
W 268534464
R 268536640
W 268537024
W 268537024
W 268533952
W 268536256
R 268535168
W 268534400
R 268536064
W 268471872
R 268469376
R 268471424
W 268472192
R 268470528
R 268471360
W 268468992
R 268468224
R 268471552
W 268470144
W 268468224
R 268470656
R 268470784
W 268468416
R 268472128
R 268468416
W 268469056
R 268469440
R 268502912
W 268502528
R 268504896
R 268504512
R 268502080
R 268502784
W 268504896
W 268504384
R 268505024
R 268501504
R 268501568
R 268504384
R 268503936
W 268503936
R 268501504
R 268503936
R 268503296
W 268504128
R 268535168
R 268535168
W 268534144
R 268535680
W 268536896
R 268534592
R 268537344
R 268534144
R 268535424
R 268534208
R 268533824
W 268537344
R 268537792
R 268535488
R 268537024
W 268537152
R 268535232
W 268534912
R 268536128
R 268537024
R 268537344
W 268535680
R 268469248
R 268469504
R 268469248
W 268471616
R 268471104
R 268470912
R 268469760
R 268472256
W 268471296
R 268471872
R 268471808
R 268470720
R 268469312
R 268469504
W 268471360
W 268470016
R 268471104
R 268470912
R 268470080
R 268472192
R 268471296
W 268470464
R 268468544
R 268470208
R 268468608
R 268470848
W 268471808
R 268470016
W 268470784
R 268472256
R 268438144
R 268437184
R 268438464
W 268438784
W 268439168
R 268435648
R 268435648
W 268437056
R 268439232
R 268436928
W 268438592
R 268438272
W 268438016
R 268436736
R 268437504
R 268436608
W 268436160
R 268436416
W 268436032
R 268437376
R 268436800
R 268436544
W 268437568
W 268435904
W 268436736
R 268436416
R 268437376
R 268436864
W 268437120
R 268436800
R 268435776
R 268438464
R 268437248
W 268439360
R 268436224
R 268438400
W 268435520
W 268437824
W 268437952
R 268437184
R 268438784
R 268438336
R 268438592
R 268438272
R 268435712
R 268439424
W 268436736
R 268438336
R 268435456
R 268438976
R 268436288
R 268439488
R 268437312
W 268436288
W 268438080
R 268437760
W 268438784
R 268438208
R 268437696
W 268436416
W 268435712
W 268437696
R 268504960
R 268504448
W 268502336
W 268504704
R 268503360
R 268503488
R 268504128
R 268504256
W 268504128
R 268504192
R 268504256
R 268501248
R 268502656
R 268503296
W 268503552
R 268502848
R 268504256
R 268502016
R 268504832
R 268501696
W 268501440
R 268502592
R 268502144
R 268504192
R 268501888
R 268503424
R 268504256
W 268471936
R 268470592
R 268471232
R 268471424
R 268469056
R 268472128
R 268468416
R 268468224
R 268471680
W 268471360
R 268470784
R 268468864
R 268468480
W 268471680
R 268470144
R 268468352
R 268471616
R 268471488
R 268468928
R 268470912
R 268470272
R 268469440
W 268470208
R 268469888
R 268469184
W 268471360
W 268471488
W 268501760
R 268504512
R 268504512
W 268501632
R 268501888
R 268502976
W 268501248
R 268501888
R 268504704
R 268502656
W 268504576
W 268500992
R 268503616
R 268501632
R 268502144
R 268501312
W 268503104
R 268503936
W 268504384
R 268501952
R 268501248
R 268504320
R 268501824
R 268504512
W 268501056
R 268503040
R 268501760
R 268503104
R 268504832
R 268502784
R 268502720
R 268504704
R 268502528
R 268502592
R 268504640
R 268535936
W 268535936
R 268535296
R 268535616
W 268536576
W 268535552
R 268536064
R 268535360
R 268537344
R 268536128
W 268537280
R 268537792
W 268534848
R 268535296
R 268536000
R 268535232
R 268535488
R 268534016
R 268535680
R 268537088
R 268534208
R 268534656
W 268537344
R 268536192
R 268535424
R 268536832
R 268535488
R 268535744
R 268536832
R 268536960
R 268537216
R 268535936
R 268536256
R 268534464
R 268535744
R 268535616
R 268534016
R 268534272
W 268534144
R 268534976
R 268537600
W 268536384
R 268534656
R 268536448
R 268533760
R 268535232
R 268537728
R 268536128
R 268533888
W 268534272
W 268534656
R 268534080
R 268534720
R 268535872
R 268534272
R 268536704
R 268537344
R 268535360
R 268537472
R 268533888
R 268534464
R 268534208
R 268535296
R 268534208
W 268470080
W 268470784
W 268468608
R 268471424
R 268470912
R 268469632
W 268469568
W 268471104
W 268470656
R 268471744
R 268471552
R 268469696
R 268470848
W 268469248
R 268470848
R 268469952
R 268471488
R 268468992
R 268470848
R 268470592
R 268469120
R 268472064
W 268468544
W 268469184
W 268468672
W 268468992
W 268471488
R 268471104
W 268472256
R 268471360
W 268470656
R 268468928
R 268472000
R 268470592
R 268471296
R 268469312
W 268472064
R 268468480
W 268472192
W 268468928
R 268468608
W 268469568
W 268471488
R 268469504
W 268469824
R 268471168
W 268471872
R 268471296
R 268471040
R 268469632
W 268468736
R 268470208
R 268468928
W 268469376
R 268470144
W 268470784
R 268468992
R 268470976
R 268471424
R 268471488
R 268471168
R 268468992
R 268468416
W 268468480
R 268536320
R 268536064
W 268536704
W 268536832
W 268535680
R 268534912
W 268537152
R 268536704
W 268534208
W 268536704
R 268535488
W 268535552
W 268536000
W 268537088
R 268536320
R 268535168
R 268535808
R 268536064
W 268536640
R 268535616
W 268536256
W 268536896
R 268537600
R 268536448
W 268535360
R 268535232
R 268536064
R 268537472
R 268533888
R 268469056
R 268470656
R 268470976
R 268471808
W 268472256
R 268469888
W 268470336
R 268470016
W 268471040
R 268468736
R 268469888
R 268471552
R 268470848
R 268471552
R 268468608
R 268469504
W 268468288
R 268471488
W 268469312
R 268471424
R 268468864
R 268470592
R 268469248
R 268472192
R 268470080
W 268471680
R 268471424
R 268470592
R 268472064
W 268468480
R 268469248
W 268469888
W 268471872
W 268470272
R 268471232
R 268470016
R 268469120
R 268470208
W 268469888
W 268469056
R 268470272
W 268470528
W 268469568
R 268471168
R 268470528
W 268468544
W 268502208
R 268504704
R 268504384
R 268503616
R 268501952
W 268501952
W 268504896
W 268504960
R 268504320
W 268503680
R 268503744
R 268502272
R 268501440
R 268504128
R 268504256
W 268502080
R 268504128
R 268501824
R 268471552
R 268468928
R 268471552
W 268468352
R 268468864
W 268468992
R 268471488
R 268469056
R 268469184
W 268471488
R 268471296
W 268472064
W 268469376
W 268470976
W 268470784
R 268468352
R 268470848
R 268471936
R 268471808
R 268470144
R 268472128
R 268471232
R 268469440
R 268470144
R 268469120
W 268471040
R 268470976
W 268469376
R 268469504
R 268468864
W 268470848
R 268469952
R 268470208
R 268469632
W 268471424
R 268471040
R 268471488
R 268469568
W 268471552
R 268470272
R 268470144
W 268470336
R 268469696
W 268471360
W 268470016
R 268471616
R 268471424
R 268470528
R 268471552
W 268469440
W 268469952
W 268468224
R 268469376
R 268469056
R 268472064
W 268470528
W 268469376
R 268469312
W 268469248
W 268470144
W 268470016
R 268469312
W 268470272
R 268469824
W 268468992
R 268468352
R 268470848
R 268470720
R 268471104
R 268470016
W 268470528
R 268470400
R 268469248
R 268468288
R 268468672
R 268470272
W 268470784
R 268468544
R 268469632
R 268469312
W 268471552
W 268468416
R 268471040
R 268468800
R 268470592
W 268533760
R 268535040
R 268536960
W 268537152
W 268534080
W 268534336
R 268535680
W 268536384
R 268534144
R 268537088
W 268536064
R 268536448
R 268537024
R 268534848
R 268537472
R 268533888
R 268536192
R 268536128
W 268534016
R 268534912
R 268534144
R 268535744
W 268534528
R 268534592
R 268534848
W 268536000
R 268536192
R 268534080
R 268535680
R 268537536
W 268535936
R 268471296
W 268469504
W 268469504
W 268469440
R 268470336
R 268471488
R 268471040
W 268470592
W 268468800
R 268468864
R 268468288
R 268469888
R 268470656
R 268471616
R 268468480
W 268471872
R 268470848
R 268470336
R 268469184
R 268468608
R 268472000
R 268468416
R 268470784
W 268470784
R 268468608
R 268472064
W 268468544
R 268469568
R 268472192
R 268470848
R 268471936
R 268469184
W 268536704
R 268533824
W 268534976
R 268536768
R 268534656
W 268537024
W 268537408
W 268534144
R 268534400
R 268533760
R 268536256
R 268536064
W 268535424
W 268535232
W 268533760
R 268536704
R 268537600
R 268537472
W 268535488
R 268536704
R 268537088
R 268535552
R 268534912
R 268534976
R 268534592
R 268537536
R 268537024
R 268534080
R 268535360
W 268537472
R 268537280
R 268536960
R 268537024
W 268535936
R 268535232
R 268535872
R 268535680
R 268537152
R 268536000
R 268535808
R 268534144
R 268536320
R 268534144
R 268536192
R 268535552
R 268536128
W 268537280
W 268537152
R 268534592
R 268535744
W 268537216
R 268536000
R 268536384
R 268537664
W 268536768
W 268536320
R 268535808
R 268535808
R 268537088
W 268536960
R 268535616
R 268536576
W 268534080
R 268535552
W 268537664
R 268536320
W 268535424
R 268536704
R 268536960
R 268536384
R 268537088
W 268536704
R 268537536
R 268536512
R 268537344
W 268535680
W 268535744
W 268534016
R 268536000
W 268534656
R 268536768
R 268534976
R 268535488
R 268469504
W 268469440
W 268469376
W 268472000
R 268470592
R 268469632
R 268469632
W 268470528
W 268470656
W 268471168
R 268470784
W 268468800
W 268472192
R 268468608
R 268469952
R 268471808
R 268468288
W 268468608
R 268470592
R 268469568
W 268471872
R 268471104
R 268472064
R 268469312
R 268471552
R 268469184
W 268469888
R 268468864
R 268472064
R 268469376
R 268469952
R 268471040
W 268468224
W 268468672
R 268471360
W 268470848
W 268470592
R 268535168
R 268537472
W 268534976
R 268536256
R 268534528
W 268537408
R 268534080
R 268536192
R 268536512
R 268537088
R 268537216
W 268536704
R 268536448
R 268535680
R 268535360
R 268537408
R 268537088
R 268534528
R 268536960
W 268537280
W 268536576
R 268535872
R 268533888
R 268534848
R 268537792
W 268534976
R 268536320
R 268535168
R 268537344
R 268536064
R 268536832
R 268534784
W 268537408
R 268534272
R 268535360
R 268535872
R 268534592
R 268535296
R 268536256
R 268536704
R 268536896
W 268535232
W 268537088
R 268534528
W 268536640
R 268533888
W 268537216
W 268535680
R 268536768
R 268535424
R 268534976
R 268535296
R 268534528
R 268535552
W 268536768
R 268535680
W 268536256
R 268537280
R 268537664
W 268536768
W 268536576
R 268536320
W 268534464
R 268436928
W 268435584
R 268436544
W 268438976
R 268438656
R 268437440
R 268436352
R 268437376
R 268437760
W 268439488
R 268436416
R 268435584
W 268436544
R 268436544
R 268435840
W 268439488
W 268437440
R 268437312
R 268437568
W 268436160
R 268437184
R 268439104
W 268438528
R 268438528
R 268436544
W 268437824
R 268435584
R 268438464
R 268438720
W 268438848
W 268436160
R 268438400
R 268438144
R 268439488
W 268436736
R 268536576
W 268535040
R 268535168
R 268537408
R 268535488
W 268534912
W 268537216
R 268533824
W 268534336
R 268537216
W 268537536
W 268534080
R 268537728
R 268537088
W 268536896
R 268533824
R 268536768
R 268537280
R 268534912
R 268535488
R 268535040
R 268537088
R 268534016
R 268533824
R 268534080
R 268534400
R 268536640
R 268537792
R 268537536
R 268537216
R 268536704
R 268536512
R 268535360
W 268534336
W 268537728
W 268535424
R 268534592
R 268535232
R 268534336
R 268537472
R 268537344
W 268435904
W 268438208
W 268438016
R 268435840
R 268437696
R 268435968
R 268435776
R 268436544
R 268438144
W 268437824
R 268437824
W 268437568
W 268439360
W 268436992
R 268438400
W 268435520
R 268436800
R 268437888
W 268438464
R 268437248
R 268435584
R 268436352
R 268436864
R 268435648
R 268439424
R 268438976
R 268435776
R 268438528
R 268436800
R 268471936
R 268471360
R 268470528
R 268468224
W 268472000
R 268472064
W 268468416
R 268468224
R 268470912
W 268469184
W 268469248
W 268471488
R 268471296
R 268468800
W 268469952
R 268469056
R 268472000
R 268472064
R 268469184
R 268470080
R 268468992
W 268469184
R 268470848
R 268471616
R 268470080
R 268471808
R 268471232
R 268471488
R 268468736
R 268469824
R 268469760
R 268469632
W 268537728
R 268534784
R 268537024
R 268537216
R 268536064
W 268534528
R 268534208
R 268533952
W 268534272
W 268537216
R 268536704
R 268535168
W 268537792
R 268534272
W 268536448
R 268536768
R 268534400
R 268536384
W 268537472
R 268534976
R 268535488
R 268534400
W 268535936
R 268536000
R 268535616
W 268535680
R 268536512
W 268536896
R 268536448
R 268536064
W 268534720
W 268536960
R 268536960
W 268533888
W 268534784
R 268535936
W 268536320
R 268535104
W 268537216
R 268537024
R 268534976
R 268536768
R 268535488
R 268537472
W 268536320
R 268536832
R 268536576
R 268535104
R 268535616
R 268536320
R 268537088
W 268533760
R 268534464
R 268534272
R 268537600
R 268534272
R 268534528
R 268536576
R 268534784
W 268536768
W 268536256
R 268534272
W 268535808
R 268534784
R 268535808
R 268535040
W 268535808
W 268536704
W 268533888
W 268536832
W 268535616
W 268534720
R 268536512
R 268537472
R 268535232
W 268537728
R 268534784
W 268536320
R 268468416
R 268468608
R 268470400
R 268468544
R 268471488
R 268469056
R 268471744
R 268470208
W 268469632
R 268470912
R 268469824
R 268470464
W 268468544
R 268469824
R 268471424
W 268470080
R 268471488
W 268468416
W 268501376
W 268503296
R 268502080
R 268503232
R 268504960
R 268502912
W 268500992
R 268504256
W 268504896
R 268503232
R 268503360
W 268502144
W 268502272
R 268504448
R 268502528
W 268502528
W 268502208
W 268504576
R 268501696
R 268501632
W 268505024
R 268504640
R 268502784
R 268504576
R 268502720
W 268501696
W 268501824
W 268503744
W 268503488
R 268501888
W 268503744
R 268504256
W 268504320
R 268504448
R 268534080
R 268535744
W 268534464
W 268535104
W 268537600
W 268535104
R 268536512
R 268534656
R 268536768
R 268534656
R 268534336
W 268535680
R 268535424
W 268533888
R 268533952
R 268536128
R 268470144
R 268469376
R 268469888
W 268469056
W 268471232
R 268470016
R 268470848
W 268469120
W 268471744
R 268470528
R 268468864
R 268468608
R 268468416
W 268468224
R 268470848
R 268469952
W 268470208
R 268468416
R 268469120
R 268468544
R 268469888
W 268535424
W 268535360
W 268534720
R 268534080
R 268535040
W 268536384
R 268534208
R 268537088
R 268536960
R 268534912
R 268534272
R 268536064
W 268535872
W 268537728
R 268534080
R 268534400
W 268534656
R 268536576
W 268534272
R 268535680
R 268535872
W 268536448
R 268536448
R 268534080
R 268535296
R 268536512
W 268534784
R 268537024
R 268535104
R 268536192
R 268537024
R 268535360
R 268535168
W 268535104
R 268535360
R 268536512
R 268534464
R 268535296
R 268535872
R 268536256
R 268536000
R 268536960
W 268536320
R 268534592
R 268534976
R 268534720
W 268534144
W 268537664
R 268535296
R 268468736
W 268471744
R 268471744
W 268471360
R 268468416
R 268472128
R 268469696
R 268470272
R 268468288
R 268469504
W 268471488
R 268470144
R 268469952
W 268470976
R 268471104
R 268471616
W 268469312
W 268470784
R 268468800
R 268470272
R 268468608
W 268470592
R 268469760
R 268470336
R 268470400
R 268469248
R 268468672
W 268470208
W 268469440
R 268535936
W 268534144
R 268535168
R 268534080
W 268536128
R 268536128
W 268536768
R 268537408
R 268536128
R 268536256
R 268533824
R 268537024
W 268534720
R 268536960
R 268535360
R 268534080
R 268536128
W 268537280
R 268536576
R 268535488
R 268533952
R 268535616
R 268536256
W 268533952
W 268534080
R 268536512
R 268537792
R 268535872
R 268537088
W 268535104
W 268537280
R 268468736
R 268469312
R 268469568
W 268470400
R 268472000
W 268470336
W 268471488
W 268470912
R 268471552
R 268472128
W 268470464
R 268469120
R 268468928
W 268469824
W 268470720
R 268468928
R 268470144
R 268470016
R 268468480
R 268470976
W 268468224
R 268471552
R 268470272
R 268469952
R 268471360
W 268468544
W 268468416
R 268470400
R 268471168
R 268470976
R 268471296
R 268471104
R 268468992
R 268504896
W 268505024
R 268502272
R 268503744
R 268503360
R 268504256
R 268503168
R 268503616
R 268503360
W 268501312
R 268501440
R 268502016
R 268502080
R 268501888
R 268504448
R 268503296
R 268502272
W 268503552
R 268501248
R 268502208
R 268501760
W 268502208
W 268503744
R 268504896
W 268502784
R 268503360
R 268501760
R 268502976
R 268501952
R 268503168
R 268502400
R 268504192
R 268501952
R 268502272
R 268501248
W 268504192
R 268501376
W 268535104
R 268534976
R 268534080
R 268534336
R 268534272
R 268535104
R 268535680
W 268536704
W 268535360
W 268535808
R 268537024
R 268535616
R 268534592
R 268534080
R 268537600
R 268534720
W 268537536
R 268536320
W 268535296
R 268534656
W 268534528
W 268534976
W 268537792
W 268534080
R 268534784
R 268534080
W 268535168
R 268537792
W 268534400
W 268535808
R 268536000
R 268534016
W 268535040
R 268537728
R 268470976
W 268470080
W 268470976
R 268470016
R 268469568
R 268469824
W 268470720
R 268472064
R 268470464
R 268470784
R 268468480
R 268468736
R 268472000
W 268470784
R 268470144
R 268469248
W 268470784
R 268468352
R 268470208
W 268472000
R 268471616
R 268469888
R 268472256
W 268471424
W 268469376
R 268468992
R 268471808
R 268468608
R 268469376
R 268471168
R 268470400
W 268436672
R 268437696
R 268436224
R 268437568
R 268437248
R 268437952
R 268439488
R 268437056
R 268436864
W 268437632
R 268436416
R 268437632
R 268438912
W 268435904
R 268437120
W 268469888
R 268468672
R 268471296
W 268469184
R 268468928
W 268470656
R 268470848
R 268471040
R 268469120
R 268468544
R 268471360
R 268469568
R 268470016
R 268470720
R 268468800
W 268470528
R 268471168
R 268471936
R 268471552
R 268470208
R 268469248
R 268470592
R 268471424
R 268471552
R 268471104
R 268468928
R 268471872
R 268469248
R 268472128
W 268471360
R 268469312
W 268468544
R 268468928
R 268471872
W 268468672
R 268470272
R 268469696
R 268468544
W 268469952
R 268469568
R 268468224
R 268468416
R 268471104
W 268468544
R 268468288
R 268472256
W 268468864
R 268470400
W 268471424
R 268471808
W 268468352
R 268468928
W 268468416
R 268471616
R 268469952
R 268468352
R 268469504
R 268470272
R 268469824
R 268471168
R 268471616
R 268471040
R 268472192
R 268470592
R 268536896
W 268536640
R 268537600
R 268536256
R 268534528
W 268536704
R 268536064
R 268534080
R 268533888
R 268536064
W 268535104
R 268537536
W 268535296
W 268535680
R 268537280
W 268537216
R 268534144
R 268437184
W 268436608
W 268439360
R 268435712
R 268438784
R 268438848
R 268436608
W 268436928
W 268438208
R 268438784
R 268438976
R 268438528
R 268436160
W 268439104
R 268437632
R 268439296
W 268436416
W 268436672
W 268439040
W 268438592
R 268437632
R 268438592
R 268436352
W 268438400
R 268471488
W 268470784
R 268471744
R 268469568
R 268469824
W 268469824
W 268471104
R 268468544
W 268469120
W 268469120
R 268470144
R 268472064
W 268472000
R 268470912
R 268471552
R 268468672
R 268470784
R 268471168
R 268471744
R 268468608
R 268468672
W 268472000
W 268471936
R 268468352
R 268471680
W 268471680
R 268472192
R 268472000
R 268469440
W 268468480
R 268468864
W 268471552
W 268470784
R 268468992
R 268470912
W 268469120
R 268469696
R 268470144
R 268468800
R 268470656
R 268470720
W 268469184
R 268469312
R 268468672
R 268470464
W 268471808
R 268469888
R 268470656
W 268471424
W 268471424
R 268470464
R 268468672
R 268470848
R 268471040
W 268469824
R 268469568
W 268471168
R 268469120
W 268471488
R 268469888
R 268470720
R 268471168
W 268469376
R 268470784
R 268469504
R 268468416
W 268470016
R 268469568
R 268470720
R 268468992
W 268470272
R 268472128
R 268469376
W 268471552
W 268469952
R 268468416
R 268469312
R 268470976
R 268468672
R 268470528
R 268437056
R 268437632
R 268436800
W 268439168
W 268436992
R 268435712
R 268436800
W 268439168
R 268438912
R 268438016
R 268436928
R 268435776
W 268435584
W 268436032
R 268436288
R 268435712
R 268435776
R 268535808
R 268536768
W 268536256
W 268535744
R 268536768
R 268536000
R 268535872
R 268533824
R 268537088
R 268534272
W 268535360
R 268535232
W 268534080
W 268536000
W 268535360
R 268534272
R 268536960
R 268537280
R 268537024
R 268535552
R 268536576
W 268536960
R 268535872
R 268536448
R 268535680
W 268537408
R 268537152
R 268536768
W 268535872
R 268537088
W 268537600
R 268534720
R 268534336
R 268533952
R 268537344
W 268504256
W 268504192
R 268504192
R 268503360
W 268504128
W 268501888
R 268504384
R 268503360
R 268501696
R 268505024
W 268501696
W 268502784
R 268502656
W 268501120
R 268504832
R 268503808
R 268501568
W 268502784
W 268502464
W 268437696
R 268437504
R 268438272
R 268437504
R 268436736
R 268438336
W 268435520
R 268436288
R 268438080
R 268436672
R 268439424
R 268435968
W 268439040
R 268438720
W 268439488
R 268435776
R 268435776
R 268438336
R 268438784
R 268436352
R 268438528
R 268436096
R 268437888
R 268439104
R 268438720
W 268437376
W 268436992
R 268439488
R 268437888
R 268436736
R 268437824
R 268435584
R 268504704
W 268504320
R 268503232
R 268503808
R 268503744
R 268503744
R 268504256
R 268502400
R 268501120
R 268502656
W 268501056
R 268504064
R 268501632
R 268505024
R 268502528
W 268503936
R 268502144
R 268501312
R 268503232
R 268503360
R 268504512
R 268504256
W 268504704
W 268504896
W 268504384
R 268500992
R 268502208
W 268504000
R 268504640
R 268501376
R 268504832
W 268504128
R 268504768
R 268503296
R 268502976
R 268501504
R 268504384
W 268502592
R 268501184
W 268470016
R 268470272
R 268470464
R 268472256
W 268470592
R 268469376
R 268470976
W 268469632
W 268470080
R 268468864
R 268471040
W 268468288
W 268471168
W 268471616
R 268469568
R 268470400
W 268468864
R 268470336
R 268472064
W 268468224
R 268471232
R 268469632
W 268470080
R 268471232
R 268469312
R 268468928
R 268503680
W 268502080
R 268501440
R 268503936
R 268502912
R 268502144
R 268502912
R 268502208
R 268502848
R 268504704
R 268502528
W 268501760
W 268502400
W 268503552
R 268502144
R 268501504
W 268503872
R 268503744
W 268503616
R 268503168
W 268501888
R 268505024
R 268502016
R 268504704
W 268504704
R 268502208
W 268503296
R 268504064
R 268500992
W 268505024
R 268504576
R 268502016
R 268534848
R 268536256
W 268536064
R 268535616
R 268535936
R 268536192
W 268534464
R 268534592
R 268534848
R 268534656
R 268535232
W 268535104
R 268537728
R 268535744
R 268537728
W 268534720
W 268535552
R 268534976
W 268536576
R 268537024
R 268537728
W 268468928
R 268468544
W 268468224
R 268468480
W 268469824
R 268470336
R 268471168
W 268471424
R 268471808
R 268471424
R 268471232
R 268468352
W 268469056
R 268471104
R 268471552
R 268469184
R 268468544
R 268468736
R 268471424
W 268469376
R 268471936
W 268469248
R 268470016
W 268469696
W 268470080
W 268469632
W 268468288
W 268471808
W 268472256
W 268471616
W 268472128
R 268470528
W 268468224
R 268470144
R 268470592
R 268469184
R 268468288
R 268469120
R 268471488
R 268469312
R 268468992
R 268470336
R 268470976
W 268470400
W 268470912
R 268470272
W 268471360
R 268470336
R 268468288
W 268471680
W 268471872
W 268469376
W 268470144
R 268536896
R 268535232
R 268537728
W 268534528
R 268533888
R 268536064
R 268534400
R 268535936
R 268535424
W 268535232
R 268536448
W 268535616
R 268533888
W 268534016
W 268534400
R 268537664
R 268537024
R 268534208
W 268535168
W 268534848
W 268537664
R 268536768
R 268535552
R 268536768
R 268535040
R 268534784
R 268535552
R 268537472
R 268535488
R 268536448
R 268534784
R 268537408
W 268537216
W 268535040
R 268536832
R 268534336
R 268537664
R 268535936
R 268535680
W 268536000
R 268534272
R 268535744
R 268533888
R 268536192
W 268536832
R 268534400
R 268536448
R 268536320
R 268535616
W 268534208
W 268534848
R 268535040
R 268536384
R 268534976
R 268438144
W 268438336
W 268438912
R 268437760
R 268438400
R 268439104
R 268436224
R 268438336
R 268438592
R 268438016
W 268439040
R 268437888
R 268439296
R 268436736
W 268437952
W 268435968
R 268436672
W 268437632
R 268437120
R 268436800
R 268435904
W 268437504
R 268437184
R 268437248
R 268436864
R 268436736
R 268439104
R 268436224
R 268435968
W 268439168
R 268437888
R 268435904
R 268438016
R 268436544
W 268436864
R 268435456
R 268439296
R 268435648
R 268469696
R 268471616
R 268470272
R 268471872
R 268468480
R 268472000
W 268469696
R 268470720
R 268469632
W 268471552
R 268470272
R 268468800
W 268471424
R 268469888
R 268471808
W 268471872
R 268470272
R 268502080
R 268503744
R 268502016
R 268502720
R 268502912
R 268502272
W 268504000
R 268502336
W 268501632
R 268502528
W 268502080
R 268501376
W 268503936
R 268504640
R 268504000
R 268501504
W 268502784
W 268503808
R 268537664
R 268534720
W 268537152
R 268534848
W 268534272
W 268535488
W 268537280
W 268536704
R 268537728
R 268536128
W 268536192
R 268534080
R 268536512
R 268534272
R 268534208
R 268536320
R 268534080
W 268535744
R 268534144
R 268534400
W 268534080
R 268536960
W 268535424
W 268536640
R 268537664
R 268537728
R 268534272
R 268536960
R 268536320
R 268535744
R 268535872
R 268536768
R 268534336
R 268536704
R 268535808
R 268536896
W 268536384
R 268536320
W 268536704
W 268534912
R 268534464
W 268536768
W 268536256
W 268537792
W 268536384
R 268536704
W 268537600
W 268535104
R 268536128
R 268537664
R 268534400
R 268534464
R 268537728
W 268535040
R 268533824
R 268536704
R 268534528
W 268536768
W 268536448
R 268533760
W 268534848
W 268537216
R 268437184
R 268439360
R 268438400
R 268437120
R 268437632
R 268438400
R 268437696
W 268437120
R 268436800
R 268436928
R 268438272
R 268436224
W 268438976
W 268437376
R 268436480
R 268437824
R 268438848
R 268438464
R 268435520
W 268436352
R 268436480
R 268437440
R 268438912
W 268435648
R 268436736
R 268436288
R 268438464
W 268436352
R 268435840
W 268436608
R 268469568
R 268470016
R 268471744
R 268468608
W 268472256
W 268471232
W 268470656
R 268468992
W 268472000
W 268468864
R 268468480
W 268471808
R 268469504
R 268470912
R 268470400
R 268468736
R 268536832
R 268537280
R 268537216
R 268535936
W 268534528
W 268536128
R 268537408
R 268533824
W 268536576
W 268533888
R 268534528
W 268536064
R 268535040
R 268536256
W 268537024
W 268536576
W 268536832
R 268534656
R 268534848
W 268534208
R 268536128
W 268534528
R 268535552
W 268535616
W 268535552
R 268536640
W 268535232
W 268534272
R 268535040
R 268537472
R 268535168
R 268535616
R 268536960
W 268535808
R 268536512
R 268470720
R 268470080
R 268472256
R 268470528
R 268469824
R 268470976
W 268472256
R 268469696
R 268469056
R 268470720
W 268470336
R 268468416
R 268468352
R 268471936
R 268469824
W 268471360
R 268470528
R 268469824
R 268470272
R 268470336
R 268469888
W 268468736
R 268470080
W 268468736
R 268471872
R 268471360
R 268471808
W 268469376
W 268468928
R 268470336
W 268468544
W 268468480
W 268469568
R 268468352
R 268470656
W 268470208
R 268470208
R 268471936
W 268468288
R 268501632
R 268504256
R 268504128
W 268504640
R 268501120
R 268502208
R 268503872
R 268503360
R 268503488
W 268505024
R 268502144
W 268504064
W 268504704
R 268503488
R 268502080
R 268501632
R 268501952
R 268503936
W 268501184
W 268504704
W 268501120
R 268502976
R 268504192
R 268501632
W 268438272
R 268436672
R 268439296
R 268439168
W 268437056
R 268436928
R 268437312
R 268436736
R 268436288
R 268436288
R 268437824
W 268436608
W 268436480
R 268439168
R 268439168
W 268537408
W 268534080
R 268537088
W 268536640
R 268536128
R 268535744
R 268537536
R 268533824
R 268535168
R 268534272
W 268537600
W 268534656
R 268537536
R 268536768
R 268537344
W 268536384
W 268535360
R 268537728
R 268436224
R 268436864
R 268436352
R 268436864
W 268436416
R 268438784
W 268438848
W 268437504
R 268436416
R 268437888
R 268439232
W 268438400
W 268436672
R 268436032
R 268436544
W 268437184
R 268439488
R 268435648
W 268436480
R 268438144
R 268436416
R 268436736
R 268437440
R 268437248
W 268439040
W 268435648
R 268438400
R 268436864
W 268438336
W 268435584
W 268438400
R 268439040
R 268438976
R 268438720
R 268437184
W 268437696
R 268436544
R 268437824
R 268436992
R 268439488
R 268437312
W 268435968
R 268439232
R 268439104
R 268437824
W 268436480
W 268436864
R 268436480
R 268438592
R 268437376
W 268435904
W 268437440
W 268438592
R 268438528
R 268438976
R 268437888
R 268438016
W 268439360
W 268436736
R 268438080
R 268436224
R 268437888
R 268436288
W 268438720
R 268437056
W 268505024
W 268502592
R 268500992
R 268503104
R 268503168
R 268501632
R 268504000
W 268503424
R 268503232
W 268503040
R 268503552
R 268504576
R 268502336
R 268503808
W 268504512
R 268501184
W 268504896
R 268504512
R 268504000
R 268501376
W 268501824
R 268503296
R 268503616
R 268502656
R 268501184
W 268504448
R 268503232
R 268503040
W 268501312
W 268502272
R 268502144
R 268503936
R 268504832
W 268501120
W 268501952
R 268504384
W 268502592
W 268501760
R 268439232
R 268437760
R 268439488
R 268436480
W 268435648
R 268439488
W 268436480
W 268438144
R 268436736
R 268436288
R 268438400
R 268436352
W 268436928
W 268439104
W 268436608
R 268436224
R 268437760
R 268437312
R 268437184
W 268435456
R 268438784
R 268439424
R 268436608
W 268437952
R 268435840
R 268435456
R 268438336
R 268439040
R 268438976
W 268436032
R 268436608
R 268437184
W 268468544
R 268471232
R 268469888
W 268472256
R 268469056
W 268471616
R 268470400
R 268470528
W 268471680
R 268470848
R 268471424
W 268468800
R 268469056
R 268470400
R 268469504
R 268468224
R 268468480
W 268438400
R 268438016
R 268438208
R 268437440
R 268438720
R 268437696
R 268437248
W 268437504
W 268436288
R 268438336
R 268438912
R 268437056
W 268436352
W 268436992
R 268438784
R 268439232
R 268471872
R 268470464
R 268472256
W 268469120
W 268470784
R 268471872
R 268470656
R 268472256
R 268470656
W 268470272
R 268471872
W 268471040
R 268469248
R 268468544
W 268469056
R 268469440
R 268468224
R 268470336
R 268470720
W 268471040
R 268470272
W 268471616
R 268470848
R 268472256
R 268470208
R 268469568
R 268437632
R 268435712
R 268436480
W 268436736
W 268436928
R 268435968
R 268435968
R 268438720
R 268437568
R 268438080
R 268436480
W 268436736
R 268436032
R 268435840
W 268438656
R 268439296
R 268439232
R 268436992
R 268435648
R 268468544
W 268470976
R 268469568
W 268470016
R 268469632
R 268469504
W 268468736
R 268471424
R 268469568
R 268468352
R 268468672
W 268471104
R 268469440
W 268471552
W 268472064
R 268468288
W 268471360
W 268469504
W 268469248
R 268469440
R 268471296
R 268468352
R 268469312
R 268469632
R 268468224
R 268469120
W 268470656
R 268469184
R 268469632
R 268470528
R 268472000
R 268471104
W 268468864
R 268471744
R 268471488
R 268505024
R 268502784
R 268504064
R 268504064
W 268503808
W 268502528
R 268504192
R 268502080
R 268502912
R 268502848
W 268501952
W 268501376
R 268502528
R 268501632
R 268502272
R 268501632
R 268504704
R 268501824
R 268500992
R 268502784
W 268501824
W 268501248
R 268504768
W 268501760
R 268502336
R 268536000
R 268536000
W 268537216
R 268536640
W 268537728
R 268536128
R 268536960
W 268536256
R 268535744
R 268535232
R 268537024
R 268535808
R 268534592
R 268536320
W 268536320
W 268535808
R 268535232
W 268534080
R 268534976
W 268535104
W 268536384
R 268537600
W 268535296
R 268535040
W 268536448
R 268535872
R 268534976
W 268534080
R 268535424
R 268534912
R 268536064
R 268534080
W 268534848
W 268535552
R 268537408
R 268534976
R 268537600
R 268536768
R 268536960
W 268537472
R 268536128
R 268536256
R 268535360
W 268534016
W 268533952
W 268537088
R 268534464
W 268536832
R 268537536
W 268537664
R 268537536
W 268536448
R 268536576
R 268534976
R 268535616
R 268536064
R 268534912
R 268534848
W 268537792
W 268534144
R 268534016
W 268536960
R 268537408
R 268534976
W 268535488
R 268535808
W 268536832
R 268534272
R 268537728
R 268537280
R 268536256
R 268537216
R 268535616
R 268535296
W 268537408
W 268533952
R 268535552
R 268536064
R 268536640
R 268534016
R 268534336
R 268535808
W 268536640
R 268534784
R 268471936
R 268468736
R 268468992
R 268471936
R 268470656
W 268471040
R 268469504
R 268470080
R 268472000
R 268470592
W 268468608
R 268472064
W 268470848
R 268469632
W 268470016
R 268502784
W 268504640
R 268503360
W 268501952
R 268501568
R 268503936
R 268501888
W 268502848
R 268502400
R 268505024
W 268501824
W 268504768
R 268504320
W 268502912
R 268504320
W 268505024
W 268503296
R 268502528
R 268502720
R 268501760
W 268502272
R 268502464
R 268503872
R 268502976
W 268501440
W 268501824
R 268503936
R 268504960
R 268503744
R 268501184
W 268501952
R 268504192
R 268504640
W 268502272
R 268504448
R 268502016
R 268501120
W 268503104
R 268503680
R 268504448
R 268500992
R 268504384
R 268501696
W 268503232
R 268502912
W 268504384
R 268501568
W 268501952
R 268501184
R 268503424
R 268501760
R 268503296
W 268501568
R 268504000
R 268503168
W 268501312
R 268501696
R 268501568
W 268504192
R 268500992
R 268501056
R 268501248
W 268503680
W 268501824
W 268505024
R 268503424
R 268501120
R 268503360
R 268503680
R 268503872
W 268469760
R 268470528
R 268470912
W 268470080
R 268471296
R 268471424
R 268471296
R 268469184
R 268470208
R 268469312
R 268470976
R 268468864
R 268470848
R 268471744
R 268469504
R 268469504
R 268469056
W 268470208
W 268469312
R 268469568
R 268470336
R 268468928
W 268471232
W 268468544
W 268469952
R 268470528
R 268472256
W 268468544
W 268472000
R 268468928
R 268472256
R 268469184
R 268468480
R 268470400
R 268470784
R 268471104
R 268471104
R 268470656
W 268436672
W 268439232
R 268436352
R 268437120
R 268437120
R 268439232
W 268436288
W 268435712
R 268436992
R 268438592
R 268436736
R 268435840
W 268438528
R 268438656
R 268438400
R 268439424
W 268436800
R 268437248
W 268439296
W 268438400
R 268435456
R 268436160
W 268438336
R 268437248
R 268435968
R 268437248
R 268439296
R 268437184
R 268470528
R 268471616
W 268468864
R 268468608
R 268469312
R 268469568
R 268469568
R 268471680
W 268470912
W 268470976
R 268468672
R 268471168
R 268469760
R 268471168
R 268471872
W 268470080
R 268470144
R 268468736
W 268471744
R 268471744
R 268469952
W 268468544
R 268469696
R 268471360
R 268470208
W 268470912
R 268470272
W 268471872
R 268471936
R 268471680
W 268472256
W 268468480
R 268471232
R 268472192
R 268468864
W 268469440
W 268468544
W 268471424
R 268471104
W 268470528
R 268470656
W 268471424
W 268472192
R 268469888
R 268468672
R 268472128
R 268470976
W 268468480
W 268469440
R 268469184
R 268471872
W 268469888
R 268472128
R 268469888
R 268470144
W 268468736
R 268470080
R 268469760
R 268472064
R 268468288
W 268470656
R 268471680
R 268471744
R 268470016
R 268438144
R 268438848
R 268436544
R 268437568
R 268437312
R 268437760
R 268437312
W 268437120
R 268438720
W 268437568
R 268436480
W 268437120
R 268436672
R 268438912
W 268437184
R 268438400
R 268436544
R 268439296
R 268436736
W 268438784
W 268436992
R 268439296
W 268437888
W 268438656
R 268436928
R 268439040
W 268436992
R 268470848
W 268471232
W 268471808
R 268471616
R 268470592
R 268469568
W 268469376
R 268469440
R 268469248
W 268470528
R 268471360
W 268470784
R 268471424
W 268470464
R 268470080
R 268470016
W 268470336
W 268472256
R 268468928
W 268471808
R 268468672
R 268469760
W 268470400
W 268471616
W 268468224
W 268468672
R 268471744
W 268470016
R 268471232
W 268470912
R 268469440
W 268471808
R 268471744
R 268468224
R 268471616
R 268470336
R 268471232
R 268471808
R 268469312
R 268471872
R 268469056
R 268470080
R 268468992
R 268535744
R 268535040
R 268533952
R 268536896
W 268534656
W 268533824
R 268534848
R 268537664
R 268537664
R 268535872
R 268536384
W 268535040
W 268535680
W 268537216
W 268535360
W 268535104
R 268536576
R 268536512
W 268534784
W 268533760
R 268535872
R 268534848
R 268537280
R 268533760
R 268535424
R 268535360
R 268536320
R 268535744
R 268537792
R 268468480
W 268469952
W 268470144
R 268471104
W 268469120
R 268471296
R 268469184
W 268469952
W 268468928
R 268468480
R 268470720
R 268469440
R 268469120
W 268470592
R 268471232
W 268470272
R 268471936
R 268469632
R 268470272
W 268471872
R 268471680
R 268468800
W 268470976
W 268470784
R 268470144
R 268472192
R 268468736
R 268472192
R 268470976
R 268471488
R 268469184
W 268470272
R 268471232
R 268470912
R 268469248
R 268472256
R 268470848
R 268469952
R 268536960
R 268534464
W 268537472
W 268534912
W 268534592
W 268534400
R 268536768
R 268534656
R 268537344
W 268536512
R 268534144
R 268535040
R 268537728
W 268533824
R 268534080
W 268535360
W 268534976
W 268537536
R 268535104
W 268535616
W 268534464
W 268535616
R 268536896
R 268534592
R 268536832
R 268537472
R 268534080
R 268533824
W 268537152
R 268535872
R 268534016
R 268536832
R 268534016
W 268537600
R 268537600
R 268535680
W 268534080
R 268534336
R 268536576
R 268535872
R 268536128
R 268536000
R 268537408
R 268534528
R 268535872
W 268536384
W 268536192
R 268535808
R 268535488
W 268504448
W 268502912
W 268501312
R 268504512
R 268501568
W 268504064
W 268503296
W 268504768
W 268503552
R 268504128
R 268502784
W 268504064
R 268504448
R 268503616
R 268502976
R 268502528
R 268501056
R 268503488
R 268503680
R 268503680
R 268503040
W 268502656
R 268502336
W 268503872
R 268502528
R 268503552
R 268504320
R 268504512
R 268502272
W 268504320
R 268502848
R 268501824
R 268502208
R 268501376
R 268503744
R 268501632
R 268504256
R 268503744
W 268503936
R 268502848
W 268504640
R 268504000
W 268501568
W 268502528
W 268504128
R 268502592
R 268503232
W 268502144
R 268501696
R 268503616
R 268501376
R 268502912
R 268504576
R 268502464
R 268502464
W 268502080
R 268503616
R 268501632
W 268504128
R 268501760
R 268501696
R 268504768
W 268503872
R 268504960
R 268501632
R 268501696
W 268502080
W 268503040
R 268501440
W 268501632
R 268501312
W 268503488
R 268502464
R 268501184
W 268503232
R 268503360
R 268502912
R 268502464
W 268503744
W 268503360
R 268500992
R 268502208
R 268504640
R 268503680
R 268501248
W 268500992
W 268504128
R 268504832
R 268504896
R 268504576
R 268503296
W 268504064
R 268503424
R 268503360
R 268501376
W 268503424
R 268502848
W 268470784
W 268469504
R 268470208
W 268471808
R 268470848
W 268469632
W 268469696
R 268472000
R 268469120
R 268470848
R 268472064
R 268471360
R 268469248
R 268469888
R 268472000
R 268468672
R 268470848
R 268470400
R 268468352
R 268468416
R 268470336
R 268469824
R 268470016
R 268471680
W 268469056
W 268468480
R 268472000
R 268469824
W 268470208
R 268470720
W 268470912
R 268471936
R 268470080
R 268469376
R 268471872
R 268469184
R 268469056
R 268471872
R 268469568
W 268471104
W 268470656
W 268468672
R 268470592
R 268469376
R 268470464
R 268469696
W 268438016
R 268435712
R 268436544
R 268437248
R 268438208
R 268435904
R 268437312
W 268438848
R 268438976
R 268435584
W 268437312
R 268437440
R 268438464
R 268437888
R 268437824
R 268439104
R 268435904
R 268437312
R 268438208
R 268437056
W 268438144
R 268437568
R 268435520
R 268435648
W 268439232
R 268436736
R 268438144
R 268438400
W 268436544
R 268435456
R 268438656
R 268436416
W 268437056
R 268437824
R 268439296
R 268438656
R 268471680
W 268472192
W 268469696
R 268472192
R 268469312
R 268468800
R 268471808
R 268471680
R 268471552
W 268470976
R 268468736
R 268468352
R 268469056
R 268472000
R 268468608
W 268469888
R 268471552
W 268470592
W 268470528
R 268472256
R 268472000
R 268469824
R 268470016
W 268468352
W 268470976
R 268470016
R 268469504
W 268468864
R 268471232
R 268470272
W 268471936
R 268470336
W 268468224
W 268469184
R 268471936
R 268437440
R 268435776
R 268436800
W 268438528
W 268439488
W 268436160
R 268439232
R 268437952
R 268436608
W 268437824
R 268438208
R 268438336
R 268435584
R 268437504
R 268438592
W 268435712
W 268438976
W 268439168
R 268437440
R 268436928
R 268438080
W 268439104
W 268439488
W 268438784
W 268439232
W 268438656
R 268437760
R 268437568
W 268437952
W 268437248
R 268436096
R 268436736
R 268436032
W 268438080
R 268437824
R 268436864
R 268438400
R 268436928
R 268437824
R 268438016
R 268439296
R 268436288
W 268437184
W 268436928
R 268437888
R 268436544
W 268436544
W 268469248
R 268471616
R 268468480
R 268471808
W 268470592
R 268468992
W 268470656
R 268469952
W 268469248
R 268468288
R 268470528
R 268471808
W 268468544
R 268469120
W 268469312
R 268438656
R 268437504
R 268436288
R 268436352
R 268438912
W 268435712
R 268438464
R 268436544
R 268436864
R 268437888
W 268437312
R 268436480
R 268436992
R 268437056
R 268435776
R 268536768
W 268534656
R 268534400
W 268537152
W 268536064
R 268537152
R 268536448
R 268534016
W 268534592
R 268534592
R 268536064
R 268537728
W 268536640
R 268536128
W 268536192
W 268537664
R 268533952
R 268535552
R 268536896
W 268537728
W 268537344
R 268536896
R 268537728
R 268537152
W 268537152
W 268533824
W 268537280
R 268535744
R 268537664
R 268534080
W 268536256
R 268535616
R 268535488
R 268536512
R 268536192
R 268535232
W 268535424
R 268534656
R 268537472
R 268537536
R 268536768
R 268535552
R 268535104
R 268537600
W 268537344
R 268534720
R 268534464
R 268536256
W 268536512
W 268535936
R 268535680
R 268537280
R 268537024
W 268534976
R 268534144
W 268536384
R 268537408
R 268536448
W 268534976
R 268536256
R 268535936
R 268534400
R 268535488
R 268537792
R 268537536
R 268537408
W 268537408
W 268536640
R 268537664
W 268536448
R 268535424
R 268536128
R 268536768
W 268534464
R 268537024
R 268537280
R 268537664
R 268534912
W 268534976
R 268534848
R 268535360
R 268537728
R 268536896
R 268533888
R 268534080
R 268537408
W 268534208
W 268471488
R 268472192
R 268470272
R 268468736
R 268468608
R 268470400
W 268468800
R 268471104
W 268468416
R 268471936
R 268471808
W 268471168
W 268470720
R 268469696
R 268471424
W 268468864
W 268471616
R 268471296
W 268470400
R 268468288
R 268468288
W 268468416
W 268468544
W 268470144
R 268471040
R 268468544
W 268471808
R 268437248
R 268437568
R 268438400
R 268439104
R 268437184
R 268437056
R 268437056
R 268438464
R 268437440
R 268439232
W 268435584
R 268438528
W 268437632
R 268438400
R 268436480
R 268439424
R 268438656
R 268438848
R 268439424
W 268471744
W 268468544
R 268469056
R 268470208
R 268469568
R 268469952
R 268470592
R 268468992
R 268469568
R 268471168
R 268469120
R 268469120
R 268471616
R 268468672
W 268469824
W 268469952
R 268469376
R 268471040
R 268469760
W 268471040
R 268468864
W 268470464
R 268471744
W 268472128
R 268535808
R 268536832
R 268535168
W 268537216
R 268537536
W 268536192
R 268536832
R 268535104
W 268537152
R 268535232
R 268534784
W 268536832
R 268533952
W 268536640
R 268534848
W 268536448
R 268534208
R 268536256
W 268537728
W 268536256
R 268534656
W 268536448
R 268534208
R 268534464
W 268536256
R 268536704
R 268503680
W 268502016
R 268502656
R 268503488
W 268502912
R 268502720
W 268501120
R 268502656
R 268501248
R 268504576
R 268502848
W 268503552
R 268503872
W 268503872
R 268503616
W 268503488
W 268503872
W 268504704
R 268503872
W 268501888
R 268503104
W 268503936
R 268504768
W 268501952
R 268502464
R 268436544
R 268439424
R 268435456
R 268436032
R 268439296
W 268438720
R 268436352
W 268436608
R 268438464
W 268439168
R 268435584
R 268437696
W 268437824
R 268435776
R 268435648
R 268439296
R 268437184
R 268436480
W 268437696
R 268438144
W 268438400
R 268435968
W 268437632
R 268436160
W 268436544
R 268438912
R 268438464
R 268438656
W 268437248
R 268437632
W 268437568
R 268439360
R 268435712
W 268438592
R 268437568
R 268503872
W 268504320
R 268501952
W 268502464
R 268501888
R 268501696
R 268502400
R 268504384
R 268504704
R 268503296
W 268504576
R 268504448
R 268502720
R 268503488
R 268501952
R 268502464
R 268504192
R 268501248
R 268504896
R 268502080
R 268502912
R 268502272
R 268502528
R 268502080
R 268501632
R 268437568
W 268439232
W 268435584
R 268438592
R 268435840
W 268438720
W 268436608
R 268437568
R 268435840
R 268438528
R 268438272
R 268435968
R 268438784
R 268438976
R 268436224
R 268437248
W 268435648
R 268439296
W 268438656
R 268436544
W 268438976
W 268435904
R 268436288
W 268439232
W 268435904
R 268438400
R 268436736
R 268436736
R 268439168
R 268438080
W 268435968
R 268437184
R 268436928
R 268436928
R 268437824
R 268436928
W 268438528
W 268439296
R 268437376
R 268438784
R 268438912
W 268436096
W 268437760
R 268438976
R 268437696
R 268435968
R 268435776
W 268437824
R 268437184
R 268435776
R 268438144
R 268439488
R 268439296
W 268438912
W 268438784
W 268470592
R 268471872
R 268468416
W 268470720
W 268470464
R 268469824
R 268471744
R 268471232
R 268468480
R 268472000
R 268471424
R 268468672
R 268470528
W 268469504
R 268471936
W 268471808
R 268468608
R 268469376
W 268469440
R 268469824
R 268468928
W 268469504
R 268472192
W 268469888
W 268472128
W 268470016
R 268470592
W 268468352
R 268469504
R 268471232
W 268469952
R 268470400
R 268471872
R 268468288
W 268468480
W 268470976
R 268472000
W 268468416
R 268468736
W 268471360
R 268470592
R 268471872
R 268468736
R 268469568
R 268503168
W 268504896
W 268504768
R 268505024
R 268503360
R 268502528
R 268503936
W 268504320
R 268501120
R 268502784
R 268504512
R 268501696
R 268504256
R 268501696
R 268501952
R 268503360
R 268504384
R 268503232
R 268438144
W 268437184
R 268438272
W 268435584
R 268439424
R 268436928
R 268437440
R 268437568
W 268436544
R 268437696
R 268438016
W 268439296
W 268437824
R 268438272
R 268438336
R 268437952
R 268438720
R 268435968
W 268436480
R 268436288
R 268436096
W 268436352
R 268436800
R 268438336
R 268438208
R 268438208
W 268503744
R 268502784
R 268501824
R 268502400
R 268501952
R 268501056
R 268503360
R 268501632
R 268501376
R 268501184
R 268503488
R 268502784
R 268504000
W 268502080
R 268501056
W 268504960
W 268504512
R 268503744
R 268501312
R 268504640
R 268504576
W 268504448
R 268503808
W 268504384
W 268503360
R 268503488
R 268501248
R 268500992
R 268502848
R 268504192
R 268501952
R 268503552
W 268503936
R 268501888
R 268503936
W 268504576
R 268501696
R 268501056
R 268504128
R 268502464
R 268502016
R 268504640
R 268502144
R 268501440
R 268501440
R 268504960
R 268504000
R 268501632
R 268501504
R 268503616
R 268503680
W 268504320
R 268502720
R 268501888
R 268501312
R 268504192
R 268501184
R 268503104
R 268502656
R 268502272
R 268501824
R 268503488
W 268501440
W 268504960
R 268502272
R 268502144
R 268504576
W 268502656
R 268502784
R 268501120
R 268501824
R 268501504
R 268503808
W 268536576
R 268535360
R 268535552
R 268535936
R 268536256
R 268536128
R 268536000
R 268535552
R 268534144
R 268536192
W 268534784
R 268535488
R 268536896
R 268535744
R 268534208
W 268534976
R 268537408
R 268534208
R 268535744
R 268535488
R 268536384
R 268535360
R 268534208
R 268437824
R 268438848
W 268439232
R 268438208
R 268436224
R 268435840
R 268436288
R 268437184
R 268435712
R 268436928
R 268438976
R 268435968
R 268437504
R 268438848
R 268438976
W 268439360
W 268438656
R 268436416
W 268437120
W 268435712
R 268438080
R 268437184
R 268437056
W 268437760
R 268438400
R 268436416
R 268438016
R 268436800
R 268436224
R 268437888
R 268435648
R 268437184
R 268435520
R 268437184
R 268435520
W 268435456
W 268438592
W 268439488
R 268437952
R 268436096
R 268436352
W 268438336
R 268438720
W 268501440
R 268502080
W 268504448
R 268501312
R 268504064
R 268502208
R 268503616
W 268504064
R 268501376
W 268503168
R 268503104
R 268502016
R 268501632
R 268502080
R 268504000
W 268502464
R 268503744
R 268501952
R 268504960
R 268503360
R 268501312
R 268501440
R 268502976
W 268503424
W 268505024
W 268504512
R 268502272
W 268502464
W 268502848
W 268503616
W 268437312
R 268438912
W 268437312
R 268438720
R 268435584
R 268438080
R 268438080
W 268438528
W 268438976
R 268439104
R 268438528
W 268438144
R 268437888
R 268436288
W 268438464
R 268436864
W 268437888
R 268439424
R 268437376
R 268439488
R 268438912
R 268437632
W 268439488
W 268437120
W 268437376
W 268438464
R 268435520
R 268436224
R 268439424
R 268438656
R 268437120
R 268438848
R 268439168
R 268436224
W 268435968
R 268439104
R 268536576
R 268537664
W 268534400
R 268536896
R 268534912
R 268537472
R 268535488
R 268535680
R 268537024
R 268536768
R 268537280
R 268533888
R 268537472
W 268537728
R 268537152
R 268534720
R 268536768
R 268535808
R 268537728
W 268537600
R 268537024
R 268536832
W 268534592
W 268536640
R 268536384
W 268537536
R 268533888
R 268537216
W 268537024
R 268535296
W 268536448
R 268537408
R 268537472
R 268534784
W 268502336
R 268503744
R 268503168
R 268503488
R 268504448
R 268502208
R 268501760
W 268504960
R 268502848
R 268503872
W 268504896
R 268501184
R 268502592
W 268502144
R 268501760
R 268501248
R 268504640
R 268501632
R 268503872
W 268504832
W 268504512
R 268503424
R 268501440
R 268502912
W 268503232
R 268501952
R 268503552
R 268502528
R 268505024
R 268502528
R 268503872
R 268501184
R 268504896
W 268503744
W 268503552
R 268504128
R 268502784
R 268502336
R 268502976
R 268501120
W 268504384
R 268500992
R 268503424
W 268501184
R 268502400
R 268468544
W 268470528
R 268469632
R 268472064
R 268468288
R 268471488
W 268469184
R 268471872
R 268471808
R 268470400
R 268468544
R 268471936
W 268469696
R 268468864
W 268468288
W 268471040
W 268471168
R 268471360
R 268469056
W 268471744
R 268471552
R 268469376
W 268469504
R 268469440
R 268470208
R 268535872
R 268537600
R 268533760
R 268535168
W 268536832
W 268537152
R 268534144
R 268533888
R 268537280
W 268535040
R 268537152
R 268535872
R 268537600
R 268534976
W 268534592
R 268536768
R 268535104
R 268536576
W 268536384
W 268535552
R 268536256
R 268536960
R 268537152
W 268537024
R 268535104
R 268536448
R 268536256
W 268535040
R 268535424
R 268536064
W 268436544
W 268437632
R 268437504
R 268436352
W 268437440
R 268437248
W 268437632
R 268439424
R 268438272
R 268437568
R 268436544
R 268439360
W 268436224
W 268438272
R 268438272
R 268436672
W 268436032
R 268437568
R 268537280
W 268536448
W 268534912
R 268535616
R 268535552
W 268534784
R 268535232
R 268535168
R 268537792
R 268537472
W 268537088
W 268537024
W 268534400
R 268535872
W 268535488
R 268537088
W 268537344
W 268536320
R 268536128
W 268536064
W 268536128
R 268536896
W 268534528
W 268536064
R 268537344
W 268537088
W 268537152
R 268536384
W 268536448
R 268537472
W 268537088
W 268537472
W 268537280
R 268534272
W 268536512
W 268537728
R 268535040
R 268534016
R 268534912
R 268535552
R 268537280
R 268537280
R 268536640
R 268536384
R 268535744
R 268533888
R 268534400
R 268535232
R 268535680
R 268534720
R 268537536
R 268536640
R 268536896
R 268536384
R 268536064
R 268535360
R 268536448
R 268536576
R 268537344
W 268534464
W 268536064
R 268536128
R 268534080
R 268535168
R 268536640
R 268536192
W 268535424
W 268535488
W 268537536
R 268537344
R 268535488
R 268435776
R 268438464
R 268439232
R 268439488
R 268436800
R 268437824
R 268438016
R 268439296
R 268438784
R 268438528
R 268439488
W 268438912
R 268439232
R 268437568
W 268436160
R 268438016
R 268435456
R 268436096
R 268435968
R 268435968
W 268437696
R 268438400
R 268436992
R 268437824
R 268435520
R 268437440
R 268437952
R 268436032
R 268438144
R 268438208
W 268501568
R 268501824
R 268502528
W 268502336
R 268503744
W 268504000
R 268504064
R 268501952
R 268502720
W 268504384
R 268502208
R 268504192
R 268501824
W 268504064
W 268502720
R 268503680
R 268502720
R 268504192
R 268504512
R 268502720
W 268503552
W 268502272
R 268501504
R 268501440
W 268503552
R 268503808
R 268504000
W 268504256
W 268502656
W 268502464
R 268501952
W 268501056
R 268503680
R 268502144
R 268468800
W 268469760
R 268470208
R 268470592
R 268469504
R 268471360
R 268468800
R 268469568
R 268469120
R 268469696
R 268468416
W 268471808
R 268469760
W 268471040
R 268470592
W 268469952
W 268470976
R 268471616
R 268468288
W 268470016
R 268471552
W 268471360
W 268470720
R 268470912
W 268472192
R 268469376
R 268468800
W 268471808
R 268468544
R 268470144
R 268469568
R 268469760
W 268470528
R 268470656
R 268471296
W 268470080
W 268468864
R 268471232
W 268536768
W 268536192
R 268537280
W 268537472
W 268535168
R 268537408
W 268535296
R 268534848
R 268536448
R 268536192
R 268535232
R 268535296
W 268536768
R 268537344
R 268535808
R 268537600
R 268534336
R 268534912
R 268536256
R 268534784
R 268536000
R 268537664
W 268537216
R 268469888
R 268470528
R 268471680
W 268471232
R 268471360
W 268468800
W 268470912
R 268471040
R 268471104
R 268468800
W 268469760
R 268469632
R 268471040
W 268472256
R 268471232
R 268472128
R 268469952
R 268468352
R 268468416
R 268472064
R 268470336
W 268470528
R 268471040
R 268469824
R 268468928
R 268468224
R 268470720
R 268470656
W 268469888
W 268472256
R 268504320
W 268504704
R 268502656
R 268501760
R 268502016
W 268503296
R 268504192
W 268504512
R 268502208
R 268504768
R 268502016
W 268501504
R 268502656
R 268501504
R 268502976
R 268502016
R 268502464
W 268501952
R 268504320
W 268503296
R 268501632
W 268504448
W 268503168
W 268501376
R 268501376
R 268502016
W 268504896
R 268502848
R 268502400
R 268502656
W 268502400
R 268501248
R 268502208
R 268470464
R 268471296
R 268469632
W 268470464
R 268472128
R 268470912
R 268468288
W 268471616
W 268469888
R 268470528
R 268470592
R 268470848
R 268472192
R 268469376
W 268470144
R 268469760
W 268470656
R 268471296
R 268469824
R 268470144
R 268437440
R 268435520
W 268438720
R 268437824
R 268438400
R 268436032
W 268436800
R 268438848
R 268436352
R 268439488
R 268436416
W 268436032
R 268435456
R 268436800
R 268435968
W 268435648
R 268439104
W 268438208
R 268438592
R 268534848
R 268534016
R 268535040
W 268536128
R 268534336
R 268535168
R 268535744
R 268536512
W 268536064
W 268535808
R 268534656
R 268535616
W 268536384
R 268535104
W 268537408
R 268470336
W 268468416
R 268472000
W 268469568
R 268470400
R 268469184
R 268469248
R 268470720
W 268471744
R 268469760
R 268468544
R 268469120
W 268470400
R 268470400
W 268468608
R 268468608
R 268471040
R 268471680
W 268468416
R 268470976
R 268469760
W 268503808
R 268501120
R 268502848
R 268502976
R 268504576
R 268502144
R 268502592
R 268501568
R 268501952
R 268502592
R 268502016
R 268504960
W 268504448
W 268504704
R 268501696
W 268501248
R 268503232
R 268502528
W 268503680
W 268505024
W 268502080
R 268502912
R 268504896
R 268503040
W 268501376
R 268503680
W 268501760
R 268504768
R 268469696
W 268471296
R 268468800
R 268471296
R 268471808
W 268469632
R 268471872
R 268468928
R 268472128
R 268470848
W 268470400
R 268469632
R 268471936
R 268468672
R 268471680
W 268471104
W 268469312
R 268468672
R 268472128
R 268471232
W 268471296
R 268535296
W 268534912
R 268537024
R 268536576
W 268535936
R 268536192
R 268534784
R 268537408
R 268533888
R 268537280
W 268533824
W 268534848
R 268534528
W 268537216
R 268536832
R 268534016
W 268536832
W 268536832
R 268537280
R 268535552
W 268537792
R 268537216
W 268536448
R 268533952
R 268537088
W 268536384
R 268537728
W 268534976
R 268535872
R 268536000
R 268536512
R 268537600
R 268536064
W 268536960
W 268501376
R 268501440
R 268504000
R 268504896
R 268504320
R 268504576
R 268501696
W 268502976
R 268502400
W 268502400
R 268503872
W 268501312
W 268504192
R 268502848
W 268503552
R 268503168
R 268502080
R 268503808
W 268504448
R 268504256
W 268504960
R 268503680
R 268502080
R 268503488
R 268504576
R 268536384
R 268536128
R 268534592
W 268536448
R 268537088
W 268536576
W 268534848
R 268536256
W 268536512
R 268535040
R 268535424
R 268537536
R 268537536
R 268535104
R 268534464
R 268535104
R 268534272
R 268536704
R 268535936
W 268536832
W 268533888
R 268537728
R 268535040
R 268537344
W 268535040
R 268537152
W 268536320
W 268535232
R 268536384
R 268535424
R 268535488
R 268534272
R 268535936
W 268537344
R 268535488
R 268536960
W 268537216
R 268537664
R 268536896
R 268533952
W 268536960
R 268537728
R 268536128
R 268535040
R 268536384
R 268536192
W 268535872
W 268534272
R 268534912
R 268535104
W 268534400
W 268537408
W 268534720
W 268535104
R 268535424
R 268503360
R 268503360
R 268502336
R 268501696
R 268502400
R 268504832
R 268504704
R 268501504
R 268504768
W 268504640
W 268501184
R 268503360
W 268502080
W 268502976
R 268504448
R 268501568
R 268503040
R 268471552
R 268471104
R 268472064
W 268472128
W 268470080
R 268471424
R 268469056
R 268471936
R 268469248
R 268468672
R 268470400
W 268471808
R 268469376
W 268468544
R 268470336
R 268468736
W 268468928
R 268470464
R 268468736
R 268469184
W 268468736
R 268469888
R 268470720
W 268471040
W 268470464
W 268468352
R 268471104
R 268472064
R 268469312
R 268470080
R 268470784
R 268504064
R 268504000
R 268504960
R 268502272
R 268503872
R 268503424
W 268504000
R 268501184
W 268504000
W 268503168
R 268502784
R 268501824
R 268501120
R 268502272
W 268504640
R 268502528
W 268502080
R 268501056
R 268502656
R 268504448
R 268503744
R 268504640
R 268503808
W 268504192
R 268503232
R 268503680
R 268504384
R 268502272
R 268501568
W 268504704
W 268502080
R 268502912
R 268501248
R 268502080
R 268504704
W 268504768
R 268437888
R 268436224
R 268437760
R 268438080
W 268437056
R 268438848
R 268439424
W 268438336
R 268435456
W 268435584
R 268437632
W 268435904
R 268435520
R 268438720
R 268437056
R 268439040
W 268438912
R 268438336
R 268436288
R 268437248
R 268437760
R 268437184
W 268436864
R 268439168
R 268438784
R 268437504
W 268436672
R 268436032
W 268438144
R 268436608
W 268438016
W 268436864
R 268436800
R 268437952
R 268471424
R 268468672
W 268471296
R 268471808
R 268471424
R 268469952
R 268468416
R 268471040
W 268471808
R 268469184
R 268469952
R 268469632
R 268471552
R 268471808
R 268471680
W 268470336
R 268470656
R 268469888
R 268471744
W 268470656
R 268471488
R 268471424
W 268470208
W 268468288
R 268471552
R 268468992
R 268468736
R 268471360
W 268472192
W 268471296
R 268469248
W 268468544
R 268468224
W 268471680
R 268468928
R 268470144
R 268468480
W 268470784
W 268471680
R 268469312
R 268438784
R 268438400
W 268439296
R 268437504
W 268435584
R 268437696
W 268437440
W 268436032
R 268436416
R 268437184
W 268435456
W 268438720
R 268436160
R 268438144
R 268437440
R 268439424
W 268435584
R 268436032
W 268437184
W 268436992
R 268436288
W 268436032
W 268533824
R 268534272
R 268535744
W 268534400
R 268533760
R 268535040
W 268534464
R 268537024
W 268535488
R 268534912
W 268536704
R 268536256
W 268535552
W 268536064
W 268534208
R 268533760
R 268534272
W 268535232
R 268537024
R 268535936
W 268502720
W 268504640
W 268502720
R 268503872
R 268504064
R 268502720
R 268503232
W 268504768
R 268504384
W 268501952
R 268501824
R 268501248
W 268501824
W 268504064
R 268502208
R 268502656
R 268503296
R 268504704
R 268504064
R 268501760
W 268503680
R 268504384
W 268503296
W 268501888
R 268503040
R 268502080
R 268503680
R 268533824
R 268535616
W 268537792
W 268536064
R 268536704
R 268534080
W 268535552
R 268534592
W 268536896
R 268534144
R 268537728
R 268536384
R 268537024
R 268537344
R 268536704
R 268537728
R 268537216
W 268534656
R 268535872
R 268536064
R 268534848
R 268438080
R 268436928
R 268438848
W 268436800
R 268435520
R 268437248
W 268438912
R 268435520
R 268438080
W 268435712
R 268437248
R 268436736
R 268439360
W 268435456
R 268436096
W 268439232
W 268438464
W 268437696
R 268437888
R 268439360
R 268438144
R 268439104
R 268504832
R 268504128
W 268503360
R 268502400
R 268501312
R 268504768
W 268504704
R 268502080
R 268501696
R 268504832
W 268504640
W 268504064
R 268504000
R 268502528
W 268504320
R 268503808
R 268502912
R 268437504
R 268438784
R 268436544
W 268438336
R 268438016
W 268439104
R 268436992
R 268439232
R 268436736
W 268438080
W 268436416
R 268435648
R 268436096
W 268439424
R 268436160
W 268438848
R 268438464
R 268438080
R 268438016
W 268439296
R 268436672
R 268437184
W 268438976
R 268435968
R 268436928
R 268435456
R 268436288
W 268438336
R 268439424
R 268436480
W 268438336
R 268436032
R 268437504
R 268438592
R 268436416
R 268471104
W 268470016
W 268471552
R 268469696
R 268470080
W 268468224
R 268471296
R 268468864
W 268468800
W 268470784
R 268468800
W 268469888
R 268468608
R 268469632
R 268469888
R 268470784
R 268471488
R 268469376
W 268472000
W 268471168
W 268472128
R 268470464
R 268536256
R 268536256
R 268537472
W 268536704
R 268534848
R 268536896
R 268534336
R 268534144
R 268537088
R 268536256
R 268534080
W 268535616
R 268536768
R 268536576
R 268536064
R 268537728
R 268535488
W 268537600
R 268535104
R 268534144
W 268536576
W 268534528
R 268534464
R 268535680
W 268536832
R 268534720
R 268535936
R 268439168
W 268435712
W 268437056
R 268436416
R 268438656
R 268436608
R 268435456
R 268435712
W 268437248
W 268436224
W 268438528
R 268435968
W 268438144
R 268437248
R 268438720
R 268438144
R 268438720
R 268438144
R 268438976
R 268437248
W 268435904
W 268437824
R 268435968
W 268435584
R 268435520
R 268436608
R 268437632
R 268438336
R 268437632
R 268437952
R 268436352
W 268439168
R 268437440
R 268438656
R 268438656
R 268438592
R 268436736
R 268470656
R 268468224
R 268472256
W 268471680
W 268469760
R 268468992
R 268470784
R 268470784
R 268469056
W 268468352
R 268469696
W 268468480
R 268468992
W 268469760
R 268468480
R 268471552
R 268470272
R 268471424
W 268468288
W 268468928
W 268470784
R 268471360
R 268469312
R 268469120
W 268471232
W 268469696
W 268468864
R 268471040
R 268469632
R 268470784
W 268468224
W 268471104
R 268472256
R 268470592
R 268469888
R 268439040
W 268436736
R 268438272
W 268437952
R 268438720
R 268437312
W 268435776
R 268436672
R 268437888
W 268436096
R 268435584
R 268437632
R 268437440
R 268439296
R 268437248
W 268437440
W 268439296
R 268437440
W 268438400
R 268438976
W 268437312
W 268501632
R 268502272
R 268502912
R 268504064
R 268501184
R 268502464
R 268501312
R 268504704
R 268501760
R 268504704
R 268503232
R 268502208
R 268501888
R 268501056
W 268501312
R 268502528
W 268503872
W 268503680
W 268502144
R 268502592
W 268504192
R 268503872
R 268537600
R 268534656
W 268535808
R 268535168
W 268535040
R 268534976
R 268534656
R 268537280
W 268534848
R 268535232
R 268535872
W 268535104
R 268535552
W 268536640
W 268534464
W 268471040
W 268470848
R 268469696
R 268471360
R 268470400
R 268471488
R 268469120
R 268468736
W 268468800
R 268468928
R 268469568
W 268470976
R 268470336
W 268468288
W 268468224
R 268468992
W 268468480
R 268470272
R 268470784
W 268470144
W 268470528
R 268472000
R 268472192
R 268471936
R 268537472
R 268537728
R 268536128
R 268534848
R 268533824
R 268536256
R 268534912
W 268536960
R 268536960
R 268535040
R 268534400
W 268535360
R 268534848
R 268535168
R 268535936
R 268536256
R 268535552
W 268537536
R 268536704
R 268534464
R 268537344
R 268535680
R 268537664
R 268534336
R 268535744
R 268536256
R 268537088
R 268534080
R 268534144
R 268537088
R 268537216
R 268537344
R 268534912
R 268534720
R 268537152
W 268534784
R 268469504
R 268468352
R 268469248
W 268472192
R 268471744
R 268470720
R 268470912
R 268472128
R 268471424
R 268468736
R 268470464
R 268471296
W 268471744
W 268468352
W 268471360
W 268471232
W 268470208
R 268469888
R 268468800
R 268470144
W 268469888
R 268469568
W 268469056
R 268470272
R 268470144
W 268471168
W 268472256
R 268469248
R 268470016
R 268470592
R 268472000
R 268470272
R 268468608
W 268470144
R 268469632
R 268504960
W 268501696
W 268503296
R 268502976
R 268504320
R 268504384
W 268502400
W 268503936
R 268502208
R 268502912
R 268501568
W 268504384
R 268502848
R 268501952
R 268502080
W 268504704
W 268503232
R 268501888
R 268503488
R 268503488
R 268503232
R 268502144
R 268501952
R 268504064
R 268503424
W 268504896
R 268501504
W 268501632
W 268502528
R 268501952
R 268504064
R 268504768
W 268502080
R 268503808
R 268503488
W 268504128
W 268501440
R 268504960
W 268502400
R 268502720
R 268505024
R 268501760
W 268435776
R 268438336
R 268435712
W 268438720
W 268437312
R 268437696
R 268438912
R 268436160
R 268436096
R 268436160
R 268436160
R 268437440
W 268436608
W 268439488
R 268435648
R 268438336
R 268436800
W 268438208
R 268437440
R 268437248
W 268437056
R 268436480
W 268438720
R 268438656
R 268437120
R 268438400
W 268438528
W 268438976
W 268436864
R 268436544
R 268439104
R 268439232
W 268438528
W 268435840
R 268439168
R 268437504
W 268437952
R 268438336
W 268439424
R 268437568
W 268439488
W 268439296
W 268436288
R 268436480
W 268436480
W 268438592
R 268436608
R 268437760
R 268437056
R 268436352
W 268435584
R 268436992
R 268439360
R 268437248
W 268438336
R 268438784
R 268438208
R 268438016
R 268436928
R 268436800
R 268435456
R 268439232
W 268436736
R 268535360
R 268534464
R 268533888
R 268535936
R 268535424
R 268536576
W 268537344
R 268534464
R 268535296
W 268534592
W 268535616
R 268537664
R 268536128
W 268537280
R 268535104
W 268534912
R 268534528
W 268534464
R 268536064
R 268534720
R 268537088
R 268535808
W 268536128
W 268537664
R 268536896
R 268535232
R 268534208
R 268534272
W 268534528
W 268535232
R 268533760
W 268535168
W 268534272
R 268534464
W 268537024
W 268536896
R 268534656
W 268536128
W 268502336
W 268502912
R 268504064
R 268501632
R 268504000
R 268504960
W 268502528
R 268502720
W 268501760
R 268504768
R 268502848
R 268503488
R 268502848
R 268503552
W 268504640
R 268504128
W 268504192
R 268501568
R 268504064
R 268505024
R 268503360
R 268501888
W 268502976
W 268502400
R 268501824
W 268503872
W 268502016
W 268503040
R 268501568
W 268502464
R 268504064
R 268502464
W 268503040
R 268502912
R 268501952
W 268503168
R 268504128
R 268503680
W 268501312
R 268503488
R 268471488
R 268470400
R 268469760
R 268469760
W 268470528
R 268471936
W 268471808
W 268472128
R 268468416
R 268468288
W 268470912
R 268469504
R 268469632
W 268468672
R 268470656
W 268468928
R 268469120
R 268470208
R 268534016
R 268534656
W 268537728
R 268536064
W 268536192
W 268534720
R 268536512
R 268534720
R 268536512
R 268537024
R 268536256
R 268535808
R 268534272
R 268537280
R 268535680
R 268502592
W 268501696
R 268501888
R 268503744
R 268504128
R 268502528
R 268503808
W 268502720
W 268504256
W 268502208
R 268503168
W 268503616
W 268503296
R 268502848
W 268504960
R 268503488
W 268503424
R 268504832
R 268504064
R 268502464
R 268502784
W 268504128
W 268502336
R 268502528
W 268504768
W 268503104
W 268504448
W 268501312
R 268504192
R 268504576
R 268504000
R 268504192
R 268502080
R 268502336
R 268502912
W 268469504
W 268468800
W 268468800
R 268471616
R 268470080
W 268470912
W 268469888
R 268470528
W 268469184
W 268470912
W 268469824
R 268470144
R 268468864
R 268469504
W 268472256
W 268470912
R 268471552
R 268469952
R 268472256
R 268468544
R 268471552
R 268468480
R 268468480
R 268471680
R 268470208
R 268469952
R 268471808
W 268470976
R 268471296
R 268468608
W 268471488
W 268471808
R 268471488
R 268471232
W 268468736
R 268469248
R 268469440
R 268468864
R 268468544
R 268469056
R 268470848
R 268468864
R 268470336
W 268469632
R 268470784
R 268471104
R 268469312
W 268469312
R 268471040
W 268468544
W 268469440
R 268468416
R 268470656
W 268471680
R 268469568
R 268471872
W 268469440
R 268469696
R 268470592
R 268472256
R 268471168
R 268469952
R 268470464
W 268469824
R 268469696
R 268470080
R 268472128
R 268468480
R 268468288
W 268469184
R 268471488
W 268468224
R 268468480
R 268468864
W 268469440
W 268470336
W 268470272
R 268470848
R 268470912
R 268468736
R 268471936
R 268470144
R 268468992
R 268470848
R 268468224
R 268471616
R 268470592
W 268468864
R 268468672
R 268470208
W 268468864
R 268469440
W 268468352
R 268472256
R 268471552
R 268470208
R 268472064
R 268470272
W 268471744
R 268470784
W 268468800
W 268470016
W 268471616
R 268468544
W 268472128
R 268435648
R 268436736
W 268436288
W 268438464
R 268437184
R 268439232
W 268437888
R 268435776
W 268435648
W 268436416
R 268436864
W 268437952
W 268436928
R 268435456
R 268438656
R 268437440
R 268436544
W 268438272
R 268437760
W 268438272
W 268438400
R 268436928
R 268438272
R 268435776
W 268435776
W 268438464
R 268437888
R 268438528
R 268437632
R 268437952
R 268438720
R 268435648
R 268437184
R 268438656
R 268437248
R 268439232
R 268436416
R 268436992
R 268435456
R 268438464
W 268437824
R 268438784
W 268439232
W 268439232
W 268534528
W 268537088
W 268534720
R 268537792
R 268533888
R 268535872
R 268535936
W 268535872
W 268534528
R 268535424
R 268537216
W 268533952
W 268536448
W 268534848
W 268533824
W 268537536
R 268537472
W 268535808
R 268535104
R 268536448
R 268535808
W 268536256
R 268533888
R 268536640
W 268537600
W 268534144
W 268537088
R 268534912
R 268537088
R 268536960
R 268537664
R 268534912
R 268533888
W 268536640
W 268534144
R 268535552
R 268537536
R 268537280
R 268469056
R 268471872
W 268472000
W 268468736
W 268469440
W 268469760
W 268470400
R 268471872
R 268469504
R 268471360
R 268469568
W 268470400
R 268469952
R 268470400
R 268470656
R 268470848
R 268436544
W 268438272
R 268438144
R 268435712
R 268439424
R 268438208
R 268436416
R 268438784
W 268437184
R 268439296
W 268438016
R 268438720
W 268439104
R 268438336
R 268435776
R 268435968
R 268437696
R 268436800
R 268438912
R 268436800
R 268438976
R 268438720
R 268438464
R 268437952
R 268435456
W 268437760
W 268437568
R 268436736
W 268436864
R 268439104
R 268438016
R 268439488
W 268438656
R 268436480
R 268438656
W 268439168
R 268436672
R 268439040
R 268438656
R 268436736
R 268436032
W 268436352
W 268438592
R 268438272
R 268436352
R 268437888
W 268435968
R 268435776
W 268439104
R 268435840
R 268438784
W 268437888
W 268436032
R 268436736
R 268435904
R 268438208
R 268436032
R 268438272
R 268437376
R 268435840
R 268439488
R 268437888
W 268438272
R 268435520
R 268436096
W 268436288
R 268438976
W 268437696
R 268437056
W 268437760
R 268438400
R 268436864
W 268438144
R 268436096
R 268438464
R 268438336
R 268439040
R 268435776
W 268436096
R 268439232
R 268439360
R 268437568
R 268438528
R 268437632
R 268437952
R 268435456
R 268437184
W 268436864
R 268437888
R 268438016
W 268435776
W 268438720
W 268435584
R 268435648
W 268435776
R 268438144
R 268439168
R 268435648
R 268435648
R 268437888
R 268439232
R 268438400
W 268437312
R 268438336
W 268436992
R 268438976
W 268437760
R 268439488
R 268436928
R 268438720
W 268438656
W 268437120
R 268438016
R 268536768
R 268536832
R 268535296
R 268535616
R 268536000
W 268535936
R 268537408
R 268536448
R 268537536
R 268537664
R 268536192
R 268535680
R 268534976
R 268535808
R 268535936
R 268536960
R 268535808
R 268535360
W 268534528
R 268535232
R 268535936
R 268536256
W 268535488
W 268535808
R 268533952
W 268537664
R 268537600
R 268537408
W 268537280
R 268537536
R 268534848
R 268533760
R 268537088
R 268533824
R 268535616
R 268536128
W 268537728
W 268437952
R 268438784
R 268436480
R 268436224
R 268436928
W 268437056
R 268437952
W 268437696
W 268436032
R 268439424
W 268439360
R 268436544
R 268437184
W 268437184
R 268437184
R 268438720
W 268437824
W 268436416
R 268435840
W 268504320
R 268500992
W 268501056
R 268501824
R 268501120
W 268502912
R 268503424
R 268504128
R 268503552
R 268504192
R 268501312
W 268501824
R 268502208
R 268503616
R 268504256
R 268501888
W 268502080
R 268501632
R 268504832
R 268503168
R 268503296
R 268504896
W 268503232
R 268504320
R 268436096
R 268438720
W 268435840
R 268435712
R 268435520
R 268437696
R 268436864
R 268438528
R 268437632
R 268438400
W 268439168
R 268435520
R 268438080
R 268437760
R 268436608
R 268435840
R 268439040
R 268501696
R 268504896
R 268502528
R 268504960
W 268505024
R 268502784
W 268501824
R 268504320
W 268502784
R 268504640
W 268501760
W 268501696
R 268502656
R 268501760
R 268504512
R 268501184
R 268501888
R 268502336
R 268504448
R 268502848
W 268502848
R 268501760
W 268501376
R 268501120
R 268504320
R 268503680
W 268503360
R 268504064
W 268504320
R 268505024
R 268470784
W 268471168
W 268470464
W 268471744
R 268471168
W 268468864
R 268468416
R 268471232
W 268470592
W 268469184
R 268470784
R 268468992
R 268472064
W 268471808
R 268468928
R 268469120
W 268469120
W 268470272
R 268471360
W 268470912
R 268468224
R 268471808
R 268468800
R 268470720
R 268472000
R 268468800
R 268469504
R 268468288
R 268469376
R 268469632
R 268471936
W 268438528
R 268435584
R 268436160
W 268437632
R 268438144
R 268437056
W 268439232
R 268437696
W 268436608
R 268438144
W 268438016
R 268439104
R 268436160
R 268436224
R 268437120
W 268436800
R 268439232
R 268438912
R 268437632
W 268438528
R 268438784
R 268436608
R 268436224
R 268436992
R 268436096
R 268438400
W 268436096
R 268438272
R 268437824
R 268438016
R 268437376
W 268437120
R 268437824
W 268437440
W 268438912
R 268437632
R 268437248
R 268437696
W 268438528
R 268437440
W 268438080
W 268437248
W 268435840
R 268436928
R 268439040
R 268437056
W 268435968
R 268438784
R 268436800
W 268438848
R 268438976
R 268437632
R 268439488
R 268503360
R 268501120
R 268503488
W 268504512
R 268503040
R 268504192
R 268501824
R 268504512
W 268504512
R 268501440
W 268503104
W 268501568
R 268503552
R 268502272
W 268503552
R 268502912
R 268502208
R 268504704
W 268503872
W 268503488
W 268501248
R 268439104
R 268438656
R 268437440
W 268439104
R 268437184
R 268437504
W 268437312
R 268436160
R 268437248
W 268435584
R 268436160
R 268436032
W 268438144
W 268439424
W 268436992
W 268436096
R 268439424
W 268436544
R 268439360
W 268438080
R 268435840
R 268439104
R 268438208
W 268437632
R 268438784
W 268438656
R 268438336
R 268438848
W 268437760
R 268439488
R 268436032
R 268438400
W 268436608
W 268437888
R 268436800
W 268435456
R 268470912
R 268471424
R 268469312
R 268471872
W 268471232
R 268470400
R 268470976
R 268471744
W 268468800
R 268471168
R 268472000
R 268471808
R 268469632
R 268471232
R 268471552
R 268470400
W 268468224
R 268469504
W 268468224
W 268469184
R 268470848
W 268469632
R 268470080
W 268470720
R 268468224
W 268468736
R 268469824
W 268469376
R 268471872
R 268470784
W 268471936
R 268471744
R 268468416
R 268469632
W 268468288
W 268470784
W 268469632
R 268533824
R 268534336
W 268534848
W 268534272
R 268536960
R 268533888
R 268536768
R 268537088
R 268537216
W 268535424
R 268536000
W 268534080
R 268536704
R 268537344
W 268536256
W 268535680
W 268534976
R 268533824
R 268534720
R 268537280
R 268536576
R 268537408
R 268536384
W 268535104
R 268534400
R 268534656
W 268536960
R 268536064
W 268537600
W 268537152
R 268535680
R 268537792
R 268536448
R 268535104
R 268534016
R 268536256
W 268536576
W 268534592
R 268536384
R 268534528
R 268469696
W 268470208
R 268471424
R 268470592
R 268470976
R 268468480
W 268470464
R 268470464
R 268469376
R 268471936
R 268470080
W 268471168
R 268470848
R 268470208
W 268469824
W 268468288
R 268469888
R 268472128
R 268468736
R 268469632
R 268470848
R 268471360
R 268472256
W 268469952
R 268469504
R 268471232
R 268470464
R 268471296
W 268472000
R 268470656
R 268470656
R 268471488
R 268472128
R 268470016
R 268468480
R 268472192
W 268534656
R 268537728
R 268537600
R 268533952
W 268535808
R 268537792
R 268534080
R 268535424
R 268534656
W 268535552
R 268534976
W 268537600
R 268537344
R 268534080
W 268534720
R 268537472
R 268534784
R 268536000
W 268535040
W 268537600
R 268537088
R 268534976
R 268535552
W 268535872
R 268537024
W 268537344
R 268536384
R 268534016
R 268537728
R 268534656
R 268535424
R 268537728
R 268536384
R 268536704
R 268534400
W 268535936
W 268537408
R 268535168
W 268533952
R 268535808
R 268536128
W 268535488
R 268534400
R 268535808
R 268535232
R 268535424
R 268534528
W 268534848
R 268535488
R 268536832
W 268537280
W 268535872
R 268534144
R 268535680
R 268535424
R 268535616
W 268536064
W 268537280
R 268536704
R 268533952
R 268534656
R 268537536
W 268471040
R 268471168
W 268469376
R 268471296
R 268469120
R 268470528
W 268468288
R 268470912
R 268470784
W 268471424
R 268469056
R 268472256
R 268470144
R 268469568
R 268470976
R 268471872
W 268471232
R 268472256
R 268502592
R 268504896
W 268502080
R 268502592
W 268502464
W 268502336
R 268503424
R 268501760
R 268501888
W 268503360
W 268504896
R 268504000
R 268503168
W 268503616
R 268502208
W 268504256
R 268535744
W 268536896
W 268535360
R 268534336
W 268537600
R 268537216
W 268535232
R 268534528
R 268537344
R 268535616
R 268534848
R 268533888
R 268533760
W 268536256
R 268536128
W 268534080
R 268534144
R 268534144
W 268535360
R 268537536
R 268537408
R 268537088
R 268536064
R 268536128
R 268536832
R 268436160
R 268436096
W 268438272
W 268436480
R 268436224
R 268436864
W 268435776
R 268436928
W 268436672
R 268436800
W 268438144
W 268437888
W 268437312
R 268436224
R 268439424
R 268437504
R 268436608
R 268436864
R 268435840
W 268437696
R 268436416
W 268435584
R 268438592
R 268438016
R 268436160
R 268436992
R 268439040
W 268439360
R 268435712
R 268436160
R 268436864
R 268436224
R 268435840
R 268438592
R 268439040
R 268436480
R 268439488
R 268439360
R 268439232
R 268437184
R 268435840
R 268435968
W 268437504
R 268439104
R 268435584
R 268439232
W 268436736
R 268435968
W 268537088
W 268534912
W 268537472
W 268536704
W 268535040
R 268537728
W 268534464
R 268533760
W 268536832
W 268536448
R 268535360
R 268534784
W 268533824
R 268535296
R 268536256
R 268533824
R 268537024
R 268536000
R 268537216
R 268534976
R 268535360
R 268535296
W 268537152
R 268537024
W 268533824
R 268535936
R 268534080
R 268534656
R 268535936
R 268534080
R 268534720
R 268536000
R 268536000
W 268534720
R 268537408
R 268536128
R 268533824
R 268537408
R 268502848
W 268504704
W 268503232
W 268504704
W 268502080
R 268503680
R 268503040
R 268501120
R 268503744
R 268503104
R 268502528
R 268504256
W 268503872
W 268504832
R 268503040
R 268501312
R 268504256
W 268504000
R 268501696
W 268500992
R 268501376
R 268504832
W 268503040
R 268501632
R 268504064
R 268501184
R 268501632
R 268502656
W 268501888
R 268504448
W 268500992
R 268503168
W 268501824
W 268436672
R 268436480
R 268437120
W 268437504
R 268435456
R 268437184
R 268438016
W 268439168
W 268439040
R 268436096
R 268436032
R 268438016
R 268439168
R 268435968
R 268438080
R 268535616
R 268536192
R 268537600
R 268536064
R 268535168
R 268534400
W 268537088
R 268535872
R 268534272
R 268535360
W 268534464
W 268535232
W 268537024
R 268535488
R 268533760
R 268537088
R 268536640
R 268536832
R 268533952
R 268534400
R 268533760
R 268534080
W 268536704
R 268536640
R 268536576
W 268533824
R 268536512
R 268536000
R 268536448
R 268469120
R 268468992
R 268468288
R 268469760
R 268471424
R 268469376
W 268470784
R 268469376
R 268470080
R 268471104
R 268470976
R 268469440
W 268472064
R 268471616
R 268470208
R 268469568
W 268471360
R 268470976
R 268469120
W 268471168
W 268469312
R 268468288
R 268468224
W 268469056
R 268470272
W 268471040
R 268469568
R 268471232
W 268469248
R 268469376
W 268470912
R 268472000
R 268468928
W 268470528
W 268471232
R 268471232
R 268536896
R 268534784
R 268534016
W 268534016
R 268534336
R 268536704
R 268537344
R 268537792
R 268534592
R 268536512
R 268535168
W 268534464
R 268534592
R 268535680
R 268533888
R 268535424
W 268535040
R 268537216
W 268534464
R 268536448
R 268537344
R 268537664
W 268536512
R 268534464
W 268536320
R 268533760
W 268537472
R 268535232
R 268536448
R 268535424
W 268468288
W 268471808
R 268471232
R 268471424
R 268468992
R 268471488
R 268471872
W 268471232
W 268471488
W 268470208
R 268471424
R 268472128
W 268468288
R 268469056
W 268469248
R 268468672
R 268471936
R 268472064
R 268470144
W 268470016
W 268470656
R 268469440
R 268471552
W 268470528
R 268471360
R 268468608
R 268469440
W 268470464
W 268468992
R 268469504
R 268471424
R 268468224
R 268468800
R 268468672
R 268470592
R 268470080
R 268468224
R 268468928
R 268469504
W 268468864
R 268469824
R 268468736
R 268468224
R 268469376
R 268468672
R 268471360
W 268468544
W 268468928
W 268469184
R 268471104
R 268468480
R 268470656
W 268470528
W 268468608
W 268470144
R 268470656
R 268469696
R 268468480
W 268471808
R 268469632
W 268470464
W 268471296
R 268468992
W 268469440
W 268534528
W 268535808
W 268535552
R 268533760
R 268533824
R 268536512
W 268534912
R 268536512
R 268537408
W 268535872
R 268534528
W 268534080
R 268535872
R 268533760
W 268534080
R 268536576
W 268537088
R 268535168
R 268536576
W 268537536
R 268533888
R 268535872
R 268534144
R 268536832
R 268537344
W 268534656
R 268536192
W 268536704
R 268537664
W 268537408
R 268536576
R 268533888
R 268535744
W 268534336
W 268534272
R 268537280
R 268536896
R 268535936
R 268535616
R 268535872
R 268535552
R 268537280
R 268535616
W 268536256
R 268534080
W 268535488
W 268537024
R 268536832
W 268536384
R 268534080
R 268536896
W 268535936
R 268534912
R 268537600
W 268535104
R 268537472
R 268535360
R 268537536
W 268537792
R 268535232
R 268534464
R 268536704
R 268534272
R 268536256
R 268535360
R 268536064
W 268536320
R 268533824
R 268535616
R 268536896
W 268534272
W 268536896
R 268537152
R 268536704
R 268534336
R 268536320
R 268535744
R 268537536
R 268535232
R 268536384
R 268536768
R 268535424
R 268535360
R 268535552
W 268536704
R 268534080
W 268535488
R 268537600
W 268535744
W 268472064
R 268468480
R 268471936
W 268468288
R 268472000
R 268471296
R 268469376
R 268470016
R 268468672
R 268471616
W 268469632
R 268469376
R 268470656
R 268471744
R 268470848
R 268470400
R 268470656
R 268471488
R 268471744
W 268470528
W 268470656
W 268471808
R 268470080
R 268468736
R 268534784
R 268535808
R 268534208
R 268534464
W 268536064
R 268534592
R 268537792
R 268536384
R 268534464
W 268535808
R 268537472
R 268536384
R 268537536
R 268534976
R 268535488
R 268535360
W 268537600
R 268534336
R 268536960
R 268535296
R 268534336
R 268537664
W 268535040
R 268534656
R 268533760
R 268534656
R 268534592
R 268536896
R 268536128
R 268537472
W 268536320
R 268536128
R 268536064
R 268535040
R 268537344
R 268536512
R 268535488
R 268534464
R 268535488
R 268533760
W 268534656
R 268535104
R 268535168
W 268534208
R 268535168
W 268536256
R 268533760
W 268534080
R 268533952
R 268536192
R 268536192
W 268535104
R 268537024
R 268536960
R 268535808
R 268536384
R 268533888
R 268535360
R 268537280
W 268537600
R 268534528
R 268536768
R 268536064
R 268536000
W 268534272
R 268537792
R 268534592
W 268536768
R 268536832
W 268534400
R 268536704
W 268537536
W 268536000
R 268535168
R 268535040
W 268472128
W 268469952
R 268469952
R 268471808
W 268468480
R 268471104
R 268469248
R 268472064
R 268470400
R 268472192
W 268470208
R 268471104
W 268470720
R 268470208
W 268468608
R 268471680
W 268469248
W 268470016
R 268470144
R 268468800
W 268470912
R 268468288
R 268471616
W 268471616
W 268472064
R 268470400
W 268472128
R 268469696
W 268468992
R 268468992
R 268469696
W 268468928
W 268469952
R 268470208
R 268471232
R 268470464
R 268468736
R 268470208
R 268469952
W 268468800
R 268436416
R 268438976
W 268435712
R 268437376
R 268436672
W 268439040
R 268438464
R 268436800
R 268436160
R 268438400
R 268437888
R 268436096
W 268435648
R 268436288
W 268437056
W 268438784
W 268438528
R 268437056
W 268437888
R 268436608
W 268437824
W 268438720
R 268436736
R 268438592
R 268435776
W 268438848
W 268436096
R 268438464
R 268438272
R 268435584
W 268437568
R 268437376
R 268436288
R 268437376
R 268470912
R 268472256
R 268468672
R 268469824
R 268469952
R 268470208
R 268468224
R 268471232
R 268469760
R 268471168
R 268471040
R 268469568
R 268469888
W 268471424
W 268470656
W 268470464
R 268437248
W 268438144
R 268439488
R 268437120
R 268435584
R 268435840
W 268435776
W 268437440
W 268436416
W 268436800
W 268437760
R 268437184
W 268436352
R 268436480
R 268435520
W 268438144
R 268437760
R 268437632
W 268437760
W 268438016
R 268504000
R 268503296
R 268502976
W 268502336
W 268503104
R 268503104
W 268504896
R 268504128
R 268501120
R 268502016
W 268502784
W 268503424
R 268504000
R 268502592
R 268502080
R 268504832
R 268502976
W 268502336
W 268503040
R 268501056
W 268504960
W 268501376
R 268501440
R 268501888
R 268504832
R 268501184
W 268502720
R 268504448
R 268503552
W 268502400
R 268502720
R 268503808
W 268502976
W 268439296
R 268439488
R 268439488
W 268436992
R 268437568
W 268436608
R 268438912
R 268436864
W 268437248
R 268436160
R 268438592
W 268436544
R 268435968
R 268437824
R 268438848
R 268504896
R 268504064
W 268504256
W 268502400
R 268503680
R 268503744
R 268500992
R 268504896
W 268502592
R 268502464
W 268504128
R 268502208
R 268501632
W 268504192
R 268504832
R 268502080
R 268504256
R 268504896
R 268501696
R 268504384
R 268502400
R 268501696
R 268501760
R 268502720
R 268503872
R 268501888
R 268504192
W 268503680
R 268501440
R 268504640
R 268501248
W 268504256
W 268501632
R 268504064
R 268504320
W 268504960
R 268502016
R 268501504
R 268504320
W 268502144
W 268503040
R 268503424
W 268504384
W 268502080
W 268504704
R 268504512
R 268468288
W 268470336
R 268469312
R 268471936
R 268469440
R 268468352
R 268472192
R 268470976
R 268471104
R 268471680
W 268471040
W 268469632
R 268470016
W 268468288
W 268472192
R 268468288
W 268472192
R 268472128
R 268472256
W 268471488
W 268471168
R 268470720
R 268471680
W 268468224
R 268469760
W 268468800
R 268469184
W 268469568
W 268471552
W 268469504
R 268470848
W 268470528
W 268471360
R 268471936
R 268504512
W 268504384
R 268503104
R 268502976
R 268502336
R 268502464
W 268502144
R 268503936
W 268503424
R 268501312
R 268503488
R 268503168
R 268503360
R 268503680
R 268504064
R 268436160
W 268438016
W 268437824
R 268438784
W 268439104
R 268435712
W 268436992
W 268438208
R 268439296
W 268438336
W 268438400
R 268438144
W 268435520
R 268437248
R 268435456
W 268437760
R 268437504
R 268438784
R 268436608
R 268437056
R 268438592
W 268438720
W 268438784
R 268435776
R 268438976
R 268437632
R 268438400
R 268438272
W 268435456
R 268439360
R 268438784
R 268439424
R 268439040
R 268436864
R 268436992
W 268436672
R 268437440
R 268435968
R 268436800
R 268436032
R 268438528
R 268436800
W 268439296
R 268437824
R 268437504
R 268437184
R 268436224
R 268435840
R 268436928
R 268436032
W 268437696
R 268437504
W 268435712
R 268438208
W 268438912
R 268436352
R 268438592
W 268438720
R 268437760
W 268437312
R 268436800
R 268437632
R 268439360
R 268435456
R 268437184
R 268438208
R 268436032
R 268436096
W 268436800
W 268436096
R 268437440
R 268439424
W 268436160
R 268437824
R 268439168
R 268435456
R 268436736
R 268436224
W 268437056
W 268437120
R 268436736
W 268435840
R 268435904
W 268438336
R 268438016
R 268436480
R 268437120
R 268435904
R 268438016
W 268437632
R 268438848
R 268438784
R 268435840
R 268439104
R 268436736
R 268438400
R 268439488
W 268435904
R 268437504
R 268437696
R 268438400
R 268439296
W 268436544
W 268437312
R 268437376
R 268435456
R 268437888
R 268435712
R 268438976
R 268438144
W 268438016
W 268438912
R 268438272
R 268436736
R 268436416
W 268436928
R 268437568
R 268438720
R 268437376
R 268438976
R 268439424
R 268436288
W 268439296
R 268436992
R 268435712
R 268437696
W 268469376
R 268469952
R 268470592
R 268470464
W 268469824
W 268469440
W 268468416
R 268472128
R 268471040
R 268471488
W 268470016
W 268468864
R 268470080
R 268468672
W 268469760
R 268470208
R 268471104
R 268471616
W 268470656
R 268469632
R 268469696
R 268468992
R 268469888
R 268471040
W 268471680
R 268471936
R 268469888
W 268469376
W 268471360
R 268470528
R 268468416
R 268469248
W 268468736
W 268468608
R 268470464
W 268470400
R 268470848
W 268468224
R 268468864
R 268469312
R 268469632
R 268468864
R 268468352
R 268471040
W 268470464
R 268470848
R 268469824
W 268470080
R 268469632
R 268471552
R 268469568
R 268471424
W 268472256
R 268471104
R 268468608
R 268469376
R 268468416
R 268468928
R 268471872
R 268470144
R 268471936
W 268471744
W 268469504
R 268470592
R 268471168
R 268470784
R 268468608
R 268468416
R 268470144
W 268470848
R 268472000
R 268471488
W 268471424
R 268470848
W 268472064
R 268470144
R 268468544
R 268468288
R 268472192
R 268436416
W 268435776
R 268436160
R 268438272
W 268436672
W 268437632
R 268436288
R 268436800
R 268438656
W 268437696
W 268439040
R 268438336
R 268438720
R 268436480
R 268435968
R 268438528
W 268435648
R 268439296
R 268437184
R 268436288
R 268436992
W 268437184
W 268437376
W 268437888
R 268438144
R 268438400
R 268438656
W 268438656
R 268435904
R 268438528
R 268437184
R 268437440
R 268437888
R 268436672
R 268439296
R 268436224
W 268436928
W 268438592
R 268437952
W 268435904
R 268439104
R 268436864
W 268435904
R 268437952
W 268436672
R 268439232
R 268439104
R 268437440
R 268435648
W 268436672
R 268438592
R 268437248
W 268435712
R 268437056
R 268436160
R 268439360
R 268439232
R 268435584
W 268537536
W 268536768
R 268534336
R 268536064
W 268535744
W 268533824
R 268536640
R 268536000
R 268536256
R 268537600
R 268535296
R 268534848
W 268536000
W 268537024
W 268537664
R 268537728
R 268534464
W 268535616
R 268535936
R 268534656
R 268535104
R 268534848
W 268534400
W 268537408
R 268536512
W 268535680
R 268534976
R 268537728
R 268536960
R 268533888
R 268534336
R 268537088
R 268534336
W 268536256
R 268534784
R 268537728
W 268534272
W 268536064
W 268536896
R 268533760
R 268536256
R 268533824
R 268537344
W 268535552
R 268534016
R 268535488
R 268535936
W 268537792
R 268534976
W 268533952
W 268537792
W 268536576
W 268535488
R 268537408
R 268535872
W 268536512
R 268536960
R 268537792
R 268535360
W 268537664
R 268533952
W 268535552
R 268535488
R 268533824
R 268535744
W 268534464
R 268533888
R 268535552
R 268537728
R 268534080
W 268533888
R 268537216
R 268535680
W 268537600
R 268534912
R 268469440
R 268471552
R 268468416
R 268468992
R 268468736
R 268469056
R 268471296
R 268470528
R 268471296
R 268471488
R 268471296
R 268469632
R 268470656
W 268468544
R 268470528
R 268470336
R 268468352
W 268469248
W 268470656
R 268470912
W 268469824
R 268470400
R 268470080
R 268470208
R 268470976
W 268471936
R 268469696
W 268468608
R 268468672
W 268469056
W 268468608
R 268471040
R 268436160
W 268436544
R 268436672
R 268436800
R 268437696
R 268435904
R 268436480
R 268438080
R 268437376
R 268437312
R 268435712
R 268437184
W 268438208
R 268436416
R 268437312
R 268439104
R 268438016
R 268437120
R 268439232
W 268439040
R 268436928
R 268436544
R 268436864
R 268436544
R 268436288
R 268438336
R 268437184
R 268438656
R 268437248
R 268437440
W 268437888
R 268436736
W 268436736
R 268437376
R 268437376
W 268536640
R 268537792
W 268535168
R 268535296
W 268534272
R 268536384
W 268533888
W 268533824
R 268534336
W 268534016
R 268537536
R 268536704
R 268535808
R 268534784
R 268536576
R 268535488
R 268535680
W 268534848
R 268537472
R 268536512
R 268535168
R 268534144
W 268534912
R 268536448
R 268537024
R 268534016
R 268536192
R 268535872
R 268536640
R 268534016
R 268535872
W 268503552
R 268501568
R 268502528
R 268502720
R 268503552
R 268503744
R 268503104
R 268501184
W 268503424
R 268503552
R 268503424
W 268502016
R 268504192
R 268504256
W 268504832
R 268503040
W 268504192
W 268504576
W 268501440
R 268503168
R 268503168
R 268503040
W 268504896
R 268502976
R 268502720
R 268501888
R 268504128
R 268501696
R 268504192
R 268504640
R 268501632
R 268504320
R 268504704
R 268503744
R 268501568
R 268503616
R 268501888
W 268503488
W 268504000
R 268501952
W 268504384
W 268502272
R 268503040
R 268503232
W 268501376
R 268503040
R 268503232
R 268503168
R 268503872
W 268503040
R 268502208
R 268501568
R 268501696
R 268502464
W 268505024
W 268502976
R 268501824
R 268502656
R 268505024
R 268504512
R 268503296
W 268503296
R 268503616
R 268502976
R 268504448
R 268504384
R 268535936
W 268537728
R 268535616
R 268537728
R 268536896
R 268534464
R 268534272
R 268536768
R 268537088
R 268536448
R 268534272
R 268535040
R 268535680
R 268534400
R 268536512
R 268534592
W 268535936
R 268533760
W 268534080
R 268535936
R 268533952
W 268535872
R 268537600
R 268534464
R 268535808
W 268537088
R 268537152
R 268537344
R 268536704
W 268537088
R 268533824
R 268535040
R 268534464
R 268535808
R 268535360
R 268534976
R 268534016
R 268534080
R 268535744
R 268535424
R 268536192
R 268533824
W 268536576
W 268537600
W 268536448
W 268534848
R 268533824
W 268535104
W 268535232
R 268536192
R 268537408
W 268534080
R 268535232
R 268534400
R 268536320
W 268533760
R 268536064
R 268438976
R 268437312
R 268437824
R 268439104
R 268437568
W 268439424
R 268436416
R 268437504
R 268439104
R 268436160
R 268436480
R 268439168
R 268438784
R 268436992
W 268437760
R 268435968
R 268438400
R 268438784
W 268436160
R 268438208
W 268436544
R 268437120
W 268437440
R 268436864
R 268437504
W 268436416
R 268437440
R 268438400
R 268439168
R 268439424
W 268439040
R 268437696
R 268436544
R 268439360
R 268437248
R 268437760
W 268502016
R 268501824
R 268502208
W 268501376
W 268502272
W 268501056
W 268501888
R 268503168
R 268504896
R 268503232
R 268501120
R 268501056
W 268503360
R 268503040
R 268500992
R 268502528
R 268501312
R 268503744
R 268502080
R 268501120
R 268504768
R 268502336
W 268537152
W 268535104
W 268537472
R 268537664
W 268536384
R 268536576
R 268537536
W 268534784
R 268534848
R 268535744
R 268537280
R 268537024
R 268535104
R 268536064
W 268537664
W 268536640
R 268534464
R 268537728
W 268534656
R 268536064
R 268536768
R 268534784
R 268533952
R 268535104
R 268536064
R 268536064
R 268534784
R 268535552
R 268534784
R 268534208
R 268534976
R 268535104
R 268535296
R 268438400
W 268438720
R 268438528
R 268438144
R 268435904
W 268437120
W 268437760
R 268438464
R 268435904
R 268438464
W 268438784
R 268436032
R 268437312
W 268436224
R 268436288
R 268436864
R 268438912
W 268437760
R 268435584
W 268437376
W 268501312
R 268504832
R 268503296
W 268504704
R 268501824
W 268504384
R 268502528
R 268503296
W 268504000
R 268502336
R 268504576
R 268502784
R 268502848
R 268502848
W 268503488
R 268504960
R 268501824
W 268504512
R 268504960
R 268504768
R 268504576
R 268504064
R 268504000
W 268501568
R 268504896
R 268501632
W 268502848
R 268504448
R 268503552
R 268503808
R 268501184
R 268501568
R 268504704
W 268501312
W 268502208
R 268503616
R 268504576
W 268503040
W 268503040
W 268503808
R 268504768
R 268503616
R 268501440
W 268503680
R 268502720
R 268503872
R 268503488
R 268503616
W 268503616
W 268505024
R 268503424
R 268504128
R 268503168
R 268503488
R 268503936
R 268503040
R 268436416
R 268436416
R 268439296
R 268438080
W 268437312
R 268437312
W 268439424
R 268438720
R 268439104
R 268438016
R 268436416
R 268435584
R 268435712
W 268438464
R 268436928
R 268438720
R 268435648
R 268437184
R 268436544
R 268435520
R 268438208
R 268435840
R 268439040
R 268438208
R 268439040
R 268436480
R 268436736
R 268436800
W 268436352
R 268439232
W 268439232
W 268436608
R 268437056
R 268436736
R 268436736
R 268502464
W 268502848
R 268503872
R 268503488
R 268501056
R 268503040
R 268502080
W 268502720
R 268504256
R 268502912
W 268501824
R 268503424
R 268501568
W 268501376
R 268503680
R 268501184
R 268501312
R 268504384
R 268504704
R 268501568
R 268502208
R 268504704
R 268500992
R 268504640
R 268502720
R 268501824
R 268502976
W 268503168
R 268501120
W 268503680
W 268501248
W 268502592
R 268502656
R 268503872
R 268504576
R 268502592
W 268504832
W 268503680
R 268470336
R 268468544
R 268468416
R 268470528
R 268470464
R 268468480
R 268469568
R 268470016
R 268469440
R 268470336
R 268470272
R 268470592
R 268470016
R 268470592
W 268469568
R 268469120
R 268471872
R 268470208
W 268469632
W 268471296
R 268468672
R 268468672
W 268469056
R 268502080
R 268503040
R 268504064
R 268504576
W 268504192
W 268501184
W 268504384
R 268502912
W 268502912
R 268502592
R 268501952
R 268500992
W 268504384
R 268501184
R 268501376
R 268502464
R 268504576
R 268501184
R 268503680
R 268503552
W 268502336
R 268504128
W 268502912
W 268503936
R 268503424
R 268501376
R 268504384
R 268504832
R 268503360
R 268504896
R 268471936
R 268469760
W 268468224
R 268472256
R 268468928
R 268471936
R 268470656
R 268470528
W 268470272
R 268470656
R 268469696
R 268469888
W 268468672
R 268468736
R 268469312
R 268472192
R 268468544
W 268469632
R 268469568
W 268435776
R 268436480
W 268437120
R 268437952
W 268435456
R 268436736
R 268438784
R 268438976
W 268439296
W 268436224
W 268437888
W 268436800
R 268438336
R 268437440
R 268436288
R 268435712
R 268438144
W 268436288
R 268435776
R 268438784
R 268437824
R 268533760
R 268534784
R 268535296
R 268535936
W 268536832
W 268537664
R 268536256
R 268533760
W 268537344
R 268535872
R 268534784
W 268535168
R 268535104
R 268537344
R 268534016
W 268536384
W 268536064
R 268536448
R 268536448
W 268536512
R 268536896
R 268537344
W 268536640
W 268535232
W 268536512
W 268535744
W 268537280
W 268535552
W 268537344
R 268534848
R 268537600
W 268536320
W 268535360
R 268536128
R 268435456
W 268438912
R 268438528
R 268437504
W 268435968
R 268438208
R 268438400
R 268435968
R 268438528
W 268438144
R 268436928
R 268435712
R 268437952
R 268435456
R 268435648
R 268438400
R 268438080
R 268439296
R 268439360
R 268437568
W 268437696
R 268438272
R 268435968
R 268435712
R 268438656
R 268437888
W 268437248
R 268472192
W 268468352
R 268470016
R 268470016
R 268470016
W 268468416
R 268470080
R 268468800
R 268468992
W 268471040
R 268472192
W 268470848
R 268468736
R 268470912
W 268468480
R 268468352
R 268471040
R 268469760
R 268471168
R 268468992
R 268470656
R 268472128
W 268468352
R 268468224
R 268470336
R 268471552
R 268468864
R 268471872
W 268470400
R 268472064
W 268439168
W 268439360
R 268436480
R 268436288
R 268435968
R 268438720
W 268439232
R 268439168
R 268436672
R 268439168
R 268437440
W 268435840
W 268436288
W 268439232
R 268438912
R 268534528
R 268535424
W 268534528
W 268535744
R 268533760
R 268536704
R 268535936
R 268537088
W 268536704
R 268536064
R 268536000
R 268537728
R 268536448
W 268533824
R 268533952
R 268535424
R 268537600
R 268536320
R 268535936
R 268536320
R 268533824
R 268537344
R 268537408
W 268533824
R 268536256
R 268536320
R 268535360
R 268501824
R 268501760
W 268504384
R 268502272
R 268501440
R 268502016
R 268501632
R 268501184
R 268504960
W 268503936
R 268504896
W 268504448
R 268502976
R 268503360
R 268501888
R 268503296
R 268439168
W 268437760
R 268436224
R 268438528
W 268439168
R 268439104
R 268437056
R 268438848
R 268438336
R 268437120
R 268437632
R 268435968
W 268438016
R 268439040
R 268439296
R 268436160
W 268435456
R 268436544
R 268436672
R 268436224
R 268436032
R 268438336
R 268438656
R 268438400
R 268437312
W 268436416
R 268438912
R 268438144
R 268436800
R 268436928
W 268437120
W 268438016
R 268435840
R 268436800
R 268437504
W 268439424
R 268437504
W 268436480
W 268438720
W 268437760
W 268438336
W 268437056
R 268437760
W 268438464
W 268439296
W 268436288
R 268436032
R 268436352
R 268438848
R 268436992
R 268436672
W 268436160
W 268437376
R 268437632
W 268436288
R 268436544
R 268436800
W 268436864
R 268436480
R 268439424
R 268439488
R 268436480
W 268439232
R 268435840
W 268436096
R 268436864
R 268438400
R 268436672
W 268437376
R 268501760
W 268503744
R 268503232
R 268503232
R 268502336
W 268502208
R 268502464
R 268501568
R 268504320
W 268502912
R 268502400
R 268503872
R 268502208
R 268504064
R 268501760
W 268504256
R 268504192
R 268503040
R 268500992
R 268503808
W 268501248
W 268501504
R 268503360
R 268501824
R 268503552
R 268502208
R 268502528
R 268504000
R 268504448
W 268503424
W 268502592
R 268501120
R 268504640
R 268501824
R 268503616
W 268501376
W 268503424
W 268502784
R 268503616
W 268504448
R 268503296
R 268501312
R 268502016
R 268502656
R 268504640
W 268502016
W 268502848
R 268503616
W 268468544
R 268471360
R 268469952
R 268468992
R 268470720
R 268468864
R 268470144
R 268471232
W 268471872
R 268468224
W 268468608
W 268469440
W 268468352
R 268472256
R 268469376
R 268468672
W 268469440
W 268468992
R 268471168
R 268470720
W 268471168
R 268472000
R 268436288
W 268436480
W 268435712
W 268435456
R 268438592
R 268435520
W 268436352
R 268437312
W 268435584
W 268438016
W 268436800
W 268438336
W 268438592
R 268435456
W 268437248
W 268436544
R 268437568
W 268437248
W 268438592
R 268439040
W 268438016
R 268437824
R 268436224
R 268436800
R 268438208
R 268438336
R 268436864
R 268436864
R 268436544
W 268438848
W 268436864
R 268435904
W 268438272
R 268437632
R 268437696
R 268437120
W 268439040
R 268534656
W 268535296
R 268536448
R 268534208
W 268534592
R 268534336
W 268537024
R 268534272
R 268536064
R 268537408
R 268534144
R 268534912
R 268536832
R 268537344
R 268535872
R 268533952
R 268501952
R 268502272
R 268504192
W 268502464
R 268504128
R 268501312
R 268502912
R 268501568
R 268503808
W 268501120
R 268504832
R 268503808
W 268504896
R 268503680
W 268501696
R 268500992
R 268504768
R 268502016
R 268533760
R 268535680
R 268536320
R 268537408
W 268536192
W 268535040
R 268535232
W 268536192
R 268536640
R 268535360
R 268537472
R 268535680
R 268536000
R 268534656
R 268536640
R 268535040
R 268535744
R 268534080
W 268535424
R 268533952
W 268536576
R 268536640
W 268537472
W 268535104
W 268537152
R 268535616
W 268537344
W 268534848
W 268534912
R 268535040
R 268535424
W 268470464
W 268472192
R 268468544
R 268468544
R 268468480
R 268469760
R 268468544
R 268468736
R 268469632
W 268471936
W 268469888
R 268469376
W 268468992
R 268471424
W 268470336
R 268470848
R 268470464
R 268469440
W 268470144
W 268468672
R 268468928
W 268469120
W 268468416
R 268469952
R 268470912
W 268469824
R 268470272
R 268469248
W 268469568
W 268469248
W 268470400
R 268468928
R 268471168
W 268472064
W 268468800
R 268469760
W 268469056
R 268471360
R 268468608
R 268472192
R 268503168
W 268503744
R 268504704
R 268504128
W 268503360
W 268503808
R 268502336
W 268501952
R 268504448
R 268501376
R 268503872
W 268502144
W 268501312
W 268505024
W 268501376
R 268503680
R 268505024
R 268504896
W 268504640
R 268503232
R 268503680
R 268501888
R 268504064
W 268502336
W 268504128
W 268501568
W 268503104
R 268503296
R 268504192
R 268503232
W 268503040
R 268503040
W 268502528
R 268501696
W 268503936
R 268503360
R 268438528
R 268435520
R 268439360
R 268437632
W 268439424
R 268436224
R 268439232
W 268436224
W 268437440
R 268438720
R 268438720
W 268439424
W 268438528
R 268435968
W 268436096
R 268436480
R 268439232
R 268438144
R 268437824
R 268437632
R 268439040
R 268438720
R 268438912
R 268435968
W 268437440
R 268436096
R 268435904
R 268437312
R 268437440
R 268435776
W 268438336
R 268438912
R 268438464
R 268436096
R 268438848
R 268437184
W 268435520
W 268438144
R 268436352
W 268438912
R 268438784
R 268438720
R 268435968
R 268438144
R 268435904
R 268438784
W 268437632
W 268439232
R 268439040
R 268436288
R 268439296
R 268437184
W 268439232
W 268438016
W 268435584
R 268436800
R 268438080
R 268436544
W 268437184
W 268437312
W 268437824
R 268437888
R 268438016
W 268436736
R 268436480
R 268436544
W 268438080
R 268437696
W 268438016
R 268436864
W 268438656
R 268438464
W 268439360
W 268436928
R 268435840
W 268436608
R 268436864
W 268438848
W 268436672
R 268439168
R 268436736
R 268439232
W 268438912
W 268502208
R 268501696
R 268502848
R 268502464
R 268504192
W 268502464
R 268502976
R 268504256
R 268504320
R 268503616
W 268503104
W 268504192
R 268502016
R 268502464
R 268504704
R 268503296
W 268501312
R 268504640
R 268503104
R 268502912
W 268501184
R 268502144
R 268504192
R 268439104
W 268435584
W 268439040
R 268439296
W 268438208
R 268438016
R 268436608
R 268437056
W 268436544
R 268435776
R 268437056
R 268436736
W 268437824
R 268435456
R 268438400
R 268438528
W 268437312
R 268436032
R 268438400
W 268436352
R 268437120
R 268438464
R 268435840
R 268468992
R 268469632
W 268469440
R 268469952
R 268470208
R 268472256
R 268468416
R 268469504
R 268468224
R 268468480
W 268470848
R 268470464
R 268470016
W 268472192
R 268469568
W 268470272
W 268468992
R 268469760
R 268470848
R 268471488
R 268469184
W 268469888
W 268472128
R 268468416
R 268471936
R 268468864
R 268468288
R 268468352
R 268468608
R 268469760
R 268472192
R 268469952
W 268471360
R 268469184
R 268470336
R 268469504
R 268534592
R 268534336
R 268534912
R 268536576
R 268533888
W 268537472
R 268536000
R 268536576
W 268534976
W 268534144
R 268535104
R 268534464
R 268535104
W 268535488
R 268534528
R 268537216
R 268534720
R 268536192
W 268535616
R 268534400
R 268534016
R 268536576
W 268536320
R 268534464
R 268435712
R 268438016
R 268438336
R 268438656
W 268438336
R 268437056
W 268438592
R 268437824
W 268436032
R 268436608
R 268439168
R 268437312
W 268437824
W 268439104
W 268436352
R 268536640
R 268537216
R 268534144
R 268535488
W 268534592
R 268537600
R 268535552
R 268537024
R 268535104
R 268537472
W 268537216
R 268535360
W 268534080
R 268535872
R 268533888
R 268533952
R 268536704
R 268536384
W 268534016
R 268537088
R 268534016
R 268534272
W 268533760
R 268535168
W 268535424
W 268534016
R 268536320
R 268534784
R 268472128
W 268472192
W 268469632
W 268471872
R 268468288
W 268470400
W 268470976
W 268472192
R 268469120
W 268468928
R 268469184
R 268468928
R 268471680
R 268469760
R 268471296
R 268471936
R 268470976
R 268468992
R 268470144
R 268470464
R 268470016
W 268468736
R 268469888
R 268468288
R 268470016
R 268468224
W 268470208
R 268470848
R 268468224
R 268468928
R 268470784
R 268471488
R 268470144
W 268471104
W 268471296
R 268472192
R 268469504
R 268470848
R 268504256
R 268503552
R 268501440
R 268503360
W 268503488
W 268501248
R 268501376
W 268501568
R 268501376
W 268504192
W 268503680
W 268501440
R 268504256
R 268501760
W 268503616
R 268504448
R 268504960
W 268504192
R 268504576
W 268504256
R 268503936
R 268501120
R 268501760
R 268503488
R 268501440
R 268503232
W 268501376
W 268503040
R 268503296
R 268503744
R 268504064
R 268471808
R 268471296
R 268470464
R 268471488
W 268471936
R 268470336
W 268469760
R 268468352
R 268472000
R 268468800
R 268469504
W 268468672
R 268469376
W 268470208
W 268471616
W 268468864
R 268471168
R 268468224
R 268470080
R 268469696
R 268470720
W 268469440
R 268470016
W 268470528
R 268468352
R 268471232
W 268471808
W 268504128
R 268504640
R 268504320
R 268502848
R 268502720
W 268501312
R 268501376
R 268501888
R 268504512
R 268503680
R 268502592
R 268503744
W 268504768
R 268501056
W 268504640
R 268502592
R 268502208
R 268502848
W 268501056
R 268504448
W 268504768
R 268501056
R 268469248
R 268469696
W 268471680
R 268470976
R 268468416
R 268469760
W 268471232
R 268472192
R 268470080
W 268469376
R 268470144
R 268468608
W 268471360
R 268471872
W 268468672
W 268468480
R 268472000
R 268471680
W 268470592
W 268470080
R 268469120
W 268470080
W 268471232
W 268470080
R 268469376
R 268468928
R 268469568
R 268469312
W 268468928
R 268470528
W 268471616
W 268471296
R 268470912
R 268468928
R 268472256
R 268470336
R 268468864
R 268470080
R 268468928
R 268468224
R 268470848
R 268469056
R 268468416
W 268471552
R 268470528
R 268468352
R 268468992
W 268471296
R 268471808
W 268468672
R 268469952
R 268468352
R 268470528
R 268472256
R 268469376
R 268469120
W 268437056
R 268437568
W 268437824
W 268435712
W 268437376
W 268435776
R 268435776
R 268437632
R 268436864
W 268438272
W 268437888
R 268438976
R 268436032
W 268436864
R 268438784
W 268436992
W 268435584
R 268438848
R 268439488
R 268438528
R 268436032
R 268436352
R 268435904
R 268437632
R 268438464
W 268437952
R 268435968
R 268436736
W 268436480
W 268438976
R 268435520
R 268438720
R 268438400
W 268438336
R 268438656
R 268438272
W 268436544
R 268435456
R 268439104
W 268436992
W 268436288
R 268437184
R 268436608
R 268438656
R 268437504
W 268435968
R 268436992
W 268436800
W 268437888
R 268436544
W 268438208
R 268436224
R 268437696
R 268437824
R 268436480
R 268437568
R 268438464
W 268438912
R 268439360
R 268436544
R 268436800
R 268436160
R 268537408
R 268534528
R 268536448
R 268535552
R 268536128
R 268535488
W 268537280
W 268534272
R 268537664
R 268536064
W 268537152
R 268536960
R 268537152
R 268533824
R 268537600
R 268502592
R 268503808
W 268502208
R 268502464
R 268502208
R 268503104
W 268500992
R 268503744
R 268501056
R 268503744
W 268501824
R 268501568
W 268503296
W 268503680
W 268503296
R 268503424
R 268533888
R 268534848
R 268536384
W 268534400
R 268537216
R 268537536
W 268535488
W 268537728
W 268534784
R 268535424
R 268535808
R 268536576
R 268537152
R 268537024
W 268535104
R 268537280
R 268534976
W 268535424
W 268536576
W 268533952
R 268534144
R 268536512
R 268535872
W 268534528
R 268537792
W 268537408
R 268535872
R 268438208
R 268436288
W 268438400
R 268437632
R 268438976
R 268436992
R 268439104
R 268436160
W 268438400
W 268437696
R 268437248
R 268438208
R 268439488
R 268438016
W 268438592
W 268437312
R 268437440
R 268435584
W 268439168
R 268438208
R 268436480
W 268436608
R 268436032
R 268437568
R 268438464
W 268437504
R 268437248
W 268438144
W 268436416
R 268435712
R 268436224
R 268436352
R 268437056
R 268438400
R 268435520
R 268438080
R 268437632
W 268437376
R 268501824
R 268503040
W 268503168
W 268504320
W 268502592
W 268503552
R 268502656
R 268504896
R 268503296
W 268504512
R 268504320
R 268504768
R 268501056
W 268504384
R 268503680
W 268503936
R 268501312
R 268504192
R 268504960
R 268504256
R 268504064
W 268502720
R 268504448
R 268504704
R 268502592
R 268502592
R 268504576
W 268502720
R 268503552
R 268501504
R 268502592
R 268503168
R 268504640
W 268504704
R 268504768
R 268501888
R 268501888
R 268469312
R 268468672
R 268470528
R 268470272
R 268468672
R 268469248
R 268469632
W 268471616
R 268470784
R 268471488
R 268470016
R 268468288
R 268468224
R 268472064
W 268470720
W 268469888
R 268469440
W 268470528
R 268468736
R 268471168
R 268468864
W 268470528
R 268471040
R 268471360
R 268470208
R 268470592
R 268469120
R 268471040
W 268470976
R 268469376
R 268470272
R 268468288
R 268471680
R 268470528
R 268472128
R 268471232
R 268469440
R 268470720
R 268472064
R 268470080
R 268471040
R 268469568
W 268470336
W 268468736
R 268469120
R 268468992
R 268469376
R 268470848
R 268469248
W 268470720
R 268470336
W 268468544
R 268470784
R 268469632
R 268472064
W 268502848
R 268503424
R 268501504
W 268502720
R 268504192
R 268504640
R 268504064
R 268504384
R 268504256
W 268501312
R 268504000
R 268501120
R 268503296
W 268504192
R 268501120
R 268501824
W 268502336
R 268501760
W 268504640
R 268504832
R 268501760
W 268501568
R 268501952
R 268504768
R 268504064
W 268504384
R 268504960
R 268502720
W 268503488
R 268501056
R 268471936
R 268470848
R 268470336
R 268472256
W 268468736
R 268471488
R 268468672
R 268471168
R 268468736
R 268471424
W 268469056
W 268470528
W 268469248
R 268468416
W 268468992
R 268470016
R 268468352
R 268469632
W 268469376
R 268472000
R 268472256
R 268472256
R 268468928
R 268469952
R 268468736
R 268468224
W 268468928
R 268470656
W 268470592
W 268469248
W 268472064
W 268469440
R 268472192
W 268471424
R 268469440
R 268469056
W 268437696
R 268439104
W 268435776
R 268436544
W 268435520
R 268437120
R 268436160
R 268438464
R 268438208
R 268438720
R 268436160
R 268435520
R 268435648
R 268437376
R 268436736
W 268436480
R 268438080
R 268436736
W 268438784
R 268437696
W 268437504
R 268436992
R 268436224
R 268537088
R 268533760
R 268536512
R 268536832
R 268536000
R 268535424
R 268535872
R 268535744
R 268535744
R 268535232
R 268534208
R 268537472
R 268535744
R 268534016
R 268536384
R 268535168
R 268536448
R 268536832
R 268537216
R 268534080
R 268534336
R 268536576
R 268537728
R 268535552
W 268534784
R 268535936
W 268536576
R 268533824
W 268536128
W 268534976
R 268535296
W 268537152
R 268535808
R 268533824
R 268536576
W 268537024
R 268535616
R 268468352
R 268469952
R 268471232
R 268468736
R 268470656
W 268468800
W 268469056
W 268468224
R 268470464
W 268469952
R 268468352
W 268471488
R 268470016
R 268470144
R 268471488
R 268468416
R 268471616
W 268472128
R 268471808
R 268468864
R 268468544
R 268471936
W 268470464
W 268469568
R 268470336
W 268470976
R 268470336
W 268471360
R 268468608
R 268468736
W 268468544
R 268470912
W 268470336
R 268469824
R 268470400
W 268471936
W 268469120
R 268471040
R 268471360
W 268469184
R 268470272
R 268438720
W 268436544
R 268438848
R 268437120
R 268439168
W 268439168
R 268436480
R 268437312
R 268439104
R 268436480
W 268439168
R 268437760
W 268437632
R 268437184
R 268435648
R 268436032
W 268437696
R 268437952
R 268437504
R 268438144
R 268436544
R 268438976
R 268436352
R 268436672
R 268436416
R 268439168
W 268436672
W 268437056
W 268438720
R 268438784
W 268436864
R 268436352
R 268437952
R 268436992
R 268438784
R 268435712
W 268436992
W 268436416
R 268436992
R 268437312
W 268435648
W 268436544
R 268437568
W 268435776
R 268438336
R 268437632
R 268439040
R 268436608
W 268439424
R 268435968
R 268438272
W 268438656
R 268436352
R 268438400
W 268437184
R 268437184
R 268437440
R 268436672
R 268436736
R 268438528
W 268438336
R 268437440
W 268439232
R 268437632
W 268435520
W 268439360
R 268438464
R 268435456
R 268438720
R 268439168
R 268471808
R 268470336
R 268471488
R 268472000
R 268470016
R 268468800
R 268468224
W 268468544
W 268471744
R 268469184
W 268470656
R 268471424
W 268471552
W 268468800
R 268469312
R 268468864
R 268471232
R 268472128
W 268471872
R 268470272
R 268470848
W 268469760
R 268537472
R 268534976
R 268534400
R 268537664
R 268533952
R 268534080
R 268536960
R 268537536
R 268536960
W 268537536
R 268534464
R 268535360
R 268535936
W 268537280
W 268534656
W 268534592
R 268537600
R 268533824
R 268534080
R 268537024
R 268535424
R 268535424
R 268534464
W 268535936
R 268533952
R 268536576
W 268537088
R 268533760
R 268535232
R 268536640
R 268536448
W 268535168
R 268537216
W 268536640
R 268535552
W 268537344
R 268534336
R 268534784
R 268536320
R 268537536
R 268534208
R 268535680
R 268533760
W 268537664
W 268536768
W 268537152
W 268536512
R 268534464
W 268534144
R 268533952
R 268534656
R 268537472
R 268536704
R 268535744
W 268536320
R 268535296
W 268535488
R 268535552
W 268534592
R 268537536
R 268536000
R 268504064
R 268504064
R 268502400
W 268501568
W 268501504
R 268504000
R 268504704
R 268504320
R 268501632
R 268503744
R 268501312
W 268502848
R 268504768
R 268501632
R 268501504
R 268501376
R 268501568
R 268504640
R 268501632
R 268504192
R 268503296
W 268502912
R 268500992
R 268504576
R 268503232
R 268503232
W 268503680
R 268502400
W 268503040
R 268501568
R 268503936
R 268503040
W 268502272
R 268504832
W 268503360
R 268501760
R 268501696
R 268503104
R 268503552
R 268501696
W 268502208
R 268503488
R 268501696
R 268503424
R 268501312
R 268504512
R 268503168
R 268503744
R 268501120
W 268503744
R 268501952
R 268502336
R 268501952
R 268501440
W 268504704
R 268437568
W 268435520
R 268438208
R 268435776
R 268436544
W 268436352
R 268437120
R 268437440
R 268438784
W 268437824
R 268435904
R 268438912
W 268439296
R 268435968
W 268436800
R 268437312
R 268437952
R 268436928
R 268436672
R 268437568
R 268435904
R 268438720
R 268436864
R 268436288
W 268437120
W 268436096
W 268438720
R 268439104
W 268437376
R 268436672
R 268436928
W 268435648
R 268436544
R 268438336
W 268437376
R 268435840
R 268436672
R 268438016
R 268436928
R 268437440
R 268470848
W 268470656
R 268468800
W 268469120
R 268469504
W 268468864
R 268470080
R 268470592
W 268469248
R 268469440
R 268468864
R 268469248
W 268468864
W 268470528
W 268469824
R 268469312
R 268470208
R 268470400
R 268470656
R 268471168
W 268469824
W 268468544
R 268470336
R 268469120
W 268472192
W 268469568
R 268470528
R 268469120
R 268471168
W 268470272
R 268469120
W 268470592
W 268469312
R 268471104
R 268437248
R 268438016
R 268437824
R 268437248
R 268437824
R 268438528
R 268439168
R 268438080
R 268437696
R 268436736
W 268437056
W 268436416
R 268435904
R 268436864
R 268438336
R 268436992
R 268435712
W 268435968
W 268436544
R 268439104
R 268435584
R 268438336
W 268439296
R 268435904
R 268435648
R 268436032
W 268436032
R 268437952
R 268437440
R 268438592
R 268438592
R 268437696
R 268436864
R 268502144
R 268502208
R 268501376
W 268502912
R 268503232
W 268501184
R 268502528
R 268502656
W 268504704
W 268501760
W 268503040
W 268504896
W 268503232
R 268501952
W 268502784
R 268503040
R 268501824
W 268501440
W 268501504
R 268535808
R 268535744
R 268536832
R 268533952
R 268534272
R 268535360
R 268536640
W 268536000
R 268536128
R 268536768
R 268534336
W 268536256
W 268537600
R 268536320
R 268537344
W 268535424
R 268536512
W 268536384
W 268534016
R 268535936
W 268535360
R 268536640
R 268537728
W 268537600
R 268536640
R 268536448
W 268536960
R 268537216
R 268537280
W 268535936
R 268533760
W 268536768
R 268534848
R 268536960
W 268536960
R 268534144
R 268535680
R 268536640
R 268534848
R 268535872
R 268536576
W 268536128
R 268536064
R 268536256
R 268534336
R 268537472
R 268533952
R 268468352
R 268469824
R 268469248
W 268468544
R 268468800
W 268470912
R 268469696
W 268468608
W 268470848
W 268468608
R 268468928
W 268471936
R 268468544
R 268468736
R 268468800
W 268470336
W 268471104
R 268469632
R 268469376
W 268468480
R 268468480
R 268535744
R 268536256
W 268535872
W 268536448
R 268536256
W 268535616
R 268533952
R 268534528
R 268533824
R 268537728
R 268534656
R 268536512
W 268533760
R 268536768
W 268535488
R 268536960
R 268536704
W 268536192
R 268535040
R 268534592
W 268536384
R 268537600
W 268535936
R 268537024
R 268536960
R 268537280
R 268535424
R 268533952
R 268534080
R 268535168
W 268535104
W 268534272
R 268535936
R 268535680
R 268535040
R 268535744
R 268437376
R 268438016
W 268436544
R 268438848
R 268436416
W 268438592
R 268437696
R 268436544
W 268437760
R 268438656
R 268436672
W 268438080
W 268436416
R 268436288
R 268436480
R 268437120
R 268436224
R 268439488
W 268435456
W 268438336
W 268436224
R 268438656
R 268437312
R 268438016
R 268437504
R 268435712
R 268438272
R 268435904
R 268439424
R 268437632
W 268437568
W 268437312
R 268437760
R 268439360
W 268438144
R 268439168
R 268439424
R 268436800
R 268438400
W 268438592
R 268438336
W 268439360
R 268436864
W 268437824
W 268437120
W 268438080
R 268435648
R 268438144
R 268438976
R 268437120
W 268435904
W 268438912
R 268435584
R 268437312
R 268437312
W 268439168
R 268436352
R 268436736
R 268437376
R 268436864
R 268439104
R 268436352
R 268436864
R 268436544
R 268437312
W 268436288
R 268436928
R 268438080
R 268437120
R 268437248
R 268436608
W 268437056
R 268438016
R 268438528
W 268439360
W 268436544
W 268438400
R 268436480
R 268438336
W 268438912
R 268438848
R 268437248
W 268439040
R 268438720
R 268435712
W 268438336
R 268437248
R 268437120
R 268436224
R 268437440
R 268436800
R 268436992
R 268536704
R 268535744
R 268537792
R 268536832
R 268537728
R 268534720
R 268535616
W 268534912
R 268535168
R 268537728
R 268534784
R 268534464
R 268533824
R 268534208
W 268533760
R 268536960
R 268537216
W 268536256
R 268535680
R 268534656
W 268537088
W 268536832
W 268537280
W 268534336
R 268536064
W 268537408
R 268537216
W 268533952
R 268536064
R 268536064
W 268537216
R 268535104
W 268537792
W 268535104
R 268534976
R 268537344
W 268534528
R 268536384
R 268536576
W 268536832
R 268537344
R 268534080
R 268537152
R 268533888
R 268536384
W 268533952
W 268536128
R 268536576
R 268534464
R 268533760
R 268504064
R 268504064
W 268501312
R 268501312
W 268502784
R 268501376
R 268503104
R 268503744
R 268501120
R 268502912
R 268502400
R 268502976
R 268504704
R 268504576
W 268502016
R 268505024
W 268504192
R 268500992
R 268504448
R 268503744
R 268503552
R 268502912
W 268503680
W 268504576
R 268504512
R 268470720
R 268470976
R 268469440
R 268471680
W 268470912
W 268470016
W 268472064
R 268468672
R 268468672
R 268469568
R 268471232
R 268471168
W 268471936
R 268472064
R 268469440
R 268469824
R 268468928
W 268469952
W 268470656
W 268471232
W 268468416
R 268469632
R 268472192
W 268470528
R 268470592
R 268469760
R 268534400
W 268534400
R 268536960
R 268537216
R 268533952
R 268534080
W 268535936
R 268533952
R 268537536
W 268535104
W 268537024
R 268536384
R 268536320
R 268534912
R 268534208
R 268534336
R 268536064
R 268537088
W 268536576
R 268535552
R 268504640
R 268503360
R 268502080
R 268503424
W 268503232
R 268501184
R 268503296
R 268501760
R 268505024
R 268503616
R 268504256
R 268504384
R 268503360
R 268503488
R 268503424
W 268501440
W 268502592
R 268437824
R 268436736
R 268438080
R 268438528
R 268438528
R 268438784
W 268438400
W 268436992
W 268438848
R 268436224
W 268436416
R 268437504
W 268438720
R 268437312
R 268437184
W 268435584
R 268439296
W 268437696
W 268438720
W 268436544
W 268438144
R 268438464
W 268436608
W 268435712
R 268438848
R 268436992
R 268439488
R 268438080
R 268436736
R 268438528
R 268436288
R 268436160
R 268437760
R 268437376
R 268437632
R 268439104
W 268439040
W 268439488
R 268503552
R 268502400
W 268502144
R 268502016
R 268503936
R 268501760
R 268504704
R 268503360
R 268501632
R 268502336
W 268504640
W 268504256
W 268503552
W 268503168
W 268504704
R 268502720
W 268502144
W 268502080
W 268503808
R 268501376
R 268502016
W 268504256
W 268503680
R 268502464
R 268502848
W 268503616
R 268504000
W 268501696
W 268503744
R 268501504
R 268500992
W 268504320
W 268502784
R 268503680
R 268504896
R 268502400
R 268503232
R 268501120
R 268501056
R 268472064
W 268470336
R 268471360
R 268471552
R 268469888
W 268472064
R 268470592
W 268471360
R 268469056
R 268471232
R 268468928
W 268469888
R 268470976
R 268468416
W 268470720
W 268471296
R 268468288
R 268471104
W 268469056
W 268471168
W 268470656
R 268469632
R 268469952
R 268468288
R 268471808
W 268471168
R 268469504
R 268470720
R 268471168
W 268468480
R 268471360
R 268472256
W 268470080
R 268468864
R 268469440
R 268534592
W 268534656
W 268536128
R 268534784
W 268533888
W 268534784
R 268534656
R 268537536
R 268534912
R 268534208
R 268536192
R 268536128
R 268534784
R 268534400
R 268537600
R 268536192
R 268534976
R 268535488
R 268536512
R 268534272
R 268537088
R 268535808
R 268535744
R 268534144
R 268535424
W 268535488
R 268536128
R 268536896
R 268436096
R 268435648
W 268439104
W 268435968
R 268436288
W 268439232
W 268435776
R 268439296
W 268438656
R 268436608
R 268435712
R 268436800
R 268435520
W 268438464
R 268436672
R 268437440
R 268435904
W 268438400
R 268436992
W 268439488
R 268438016
R 268437312
R 268438144
R 268438464
R 268435648
W 268502336
R 268501696
R 268502784
W 268504064
W 268503168
R 268503744
W 268502912
R 268502720
W 268502144
W 268501184
R 268502848
W 268504128
R 268503232
W 268501376
W 268503488
R 268501760
W 268503040
R 268502656
R 268502720
W 268501888
R 268502976
R 268502784
R 268502528
R 268504000
W 268504832
R 268503552
W 268502272
R 268503104
R 268501824
R 268504128
R 268502144
W 268503680
W 268503680
W 268503744
R 268504128
W 268504768
W 268502400
R 268502784
W 268502848
W 268502016
R 268501504
R 268501696
R 268504064
W 268502592
R 268503872
R 268502848
W 268500992
R 268501504
R 268502528
R 268502912
W 268502208
R 268501312
W 268504128
W 268504448
R 268502272
R 268502080
R 268437120
R 268439232
R 268437184
W 268436224
R 268438208
R 268437248
R 268439424
W 268437632
R 268437632
R 268436608
R 268435968
W 268437312
R 268436352
R 268436352
W 268437632
R 268437952
W 268437376
W 268439168
R 268438592
R 268435648
R 268436416
R 268438784
W 268436416
W 268437952
W 268438400
R 268437696
W 268437504
R 268435520
R 268438272
R 268436800
R 268438656
R 268470784
R 268468480
R 268470848
R 268470016
R 268468544
W 268470592
R 268468224
R 268469632
R 268469504
R 268471040
W 268468480
W 268469632
R 268471872
R 268469632
R 268471808
W 268470528
W 268471616
R 268470656
W 268469248
R 268472128
W 268471616
R 268468736
W 268469120
W 268468352
R 268468864
W 268469632
R 268469312
W 268469312
W 268471872
W 268471616
R 268468928
W 268535744
R 268534656
W 268535104
R 268534336
R 268534848
R 268537408
W 268534272
W 268535936
R 268535104
R 268535808
W 268534592
R 268534912
R 268535936
R 268534144
R 268537728
R 268534336
R 268535360
W 268533888
W 268534080
W 268537152
R 268534720
R 268536000
R 268537664
W 268533824
R 268534336
W 268535680
R 268534784
R 268535040
R 268534272
R 268535040
R 268535808
R 268535552
W 268534784
R 268535488
R 268534528
R 268534400
R 268534144
R 268535488
R 268535360
R 268534272
R 268536512
R 268537088
W 268535040
R 268535936
R 268533888
R 268535616
R 268533824
R 268533760
R 268535744
R 268537728
R 268536192
R 268537408
R 268535936
W 268537664
W 268536256
R 268535488
R 268535296
R 268535424
R 268535296
R 268535232
R 268535168
R 268502016
R 268503488
R 268501120
R 268504640
R 268503616
R 268503744
R 268505024
R 268501632
R 268504320
R 268505024
R 268505024
W 268501632
R 268501696
R 268501056
R 268503104
W 268501760
R 268501696
R 268501312
R 268504384
R 268501568
R 268504640
R 268503232
W 268502528
R 268504256
R 268503424
W 268503168
R 268501440
R 268504448
R 268504896
R 268502400
W 268504256
W 268501696
R 268501952
R 268504128
W 268503168
R 268504320
R 268502656
R 268501632
R 268504704
R 268503296
R 268504768
R 268501184
R 268501952
R 268502656
R 268503424
W 268501120
R 268504512
R 268503552
R 268502016
R 268501952
R 268503424
W 268502784
W 268502784
W 268503360
R 268535552
R 268535872
R 268535040
R 268534144
R 268536896
R 268533760
R 268536576
R 268536768
R 268536448
W 268534016
R 268537280
R 268537152
R 268537024
R 268536960
W 268534784
R 268537536
R 268537408
R 268535872
W 268534976
R 268534016
R 268536896
R 268536000
R 268535168
R 268536960
R 268537408
R 268534464
R 268537024
W 268534784
R 268534080
R 268536896
R 268534208
R 268535552
W 268536832
R 268534272
R 268534464
R 268535488
W 268537408
R 268534144
R 268536640
R 268534272
W 268534848
R 268537024
R 268535232
W 268535808
R 268534784
R 268537408
W 268537728
W 268534336
R 268536512
W 268535936
R 268535808
W 268537536
W 268534208
R 268535360
R 268469568
R 268468928
R 268470272
R 268468544
R 268469312
R 268471680
W 268472192
R 268471488
W 268470784
W 268468288
R 268470656
R 268469952
W 268468992
W 268472192
W 268472192
R 268471680
W 268535808
R 268536640
R 268537728
W 268535040
W 268535232
R 268534592
W 268537408
R 268537088
R 268536000
W 268536256
R 268534144
R 268533952
R 268535936
R 268536256
R 268536128
R 268537088
R 268534912
R 268534528
R 268536000
W 268534080
R 268537728
R 268537536
R 268534272
R 268536064
R 268437888
W 268436096
R 268439168
W 268439296
R 268435584
R 268436992
W 268437248
R 268437888
R 268435712
R 268436992
R 268436096
R 268439488
R 268437824
W 268436608
R 268436992
R 268439424
R 268437632
R 268438464
R 268437952
R 268437120
R 268438400
R 268435904
R 268439232
R 268437568
R 268438208
W 268438144
W 268503360
R 268503616
W 268502720
R 268501120
W 268504256
R 268502080
W 268502080
R 268501824
R 268501248
W 268502400
R 268502976
R 268504000
W 268503360
W 268504128
R 268503616
R 268501504
R 268503680
R 268505024
R 268504448
R 268501568
R 268504960
R 268468864
W 268471232
R 268471616
W 268469632
R 268471680
W 268469760
W 268471040
W 268468672
R 268468800
W 268468864
R 268470272
R 268471168
R 268471360
R 268471936
W 268471040
W 268469376
R 268469248
W 268471040
W 268470144
R 268468992
R 268469248
R 268470016
R 268470592
R 268471296
R 268470656
R 268468864
W 268471616
R 268470208
R 268469824
R 268469248
W 268470208
R 268471104
R 268470848
W 268471936
R 268469760
R 268469760
W 268537152
R 268535168
R 268535040
R 268535744
R 268534784
R 268537408
R 268536960
R 268534976
W 268536512
W 268534272
W 268535936
W 268536320
R 268534016
R 268535936
R 268534784
R 268537792
R 268536128
W 268536960
R 268537792
R 268536256
R 268537728
R 268534464
R 268537600
R 268537344
R 268534464
W 268535360
R 268537152
R 268536576
R 268537408
R 268534784
R 268535616
R 268534208
R 268535232
R 268537152
R 268537792
W 268535616
R 268536640
W 268534592
R 268534400
R 268536896
R 268534464
R 268536704
R 268536832
R 268536384
R 268536320
R 268535872
R 268537792
W 268536960
R 268534976
R 268534720
R 268534656
R 268536640
R 268535296
R 268535296
R 268533952
W 268535680
R 268534656
R 268537088
R 268537216
R 268534144
R 268536832
R 268536320
R 268534976
R 268537280
W 268534720
R 268536448
W 268535296
R 268537472
R 268535552
W 268535360
R 268535360
W 268534272
R 268534208
R 268534272
R 268536896
W 268536960
R 268533952
R 268535744
R 268536064
R 268535680
R 268536960
W 268534592
W 268535040
R 268535168
R 268533888
W 268536064
R 268534208
R 268535424
W 268537152
R 268533952
R 268534464
R 268536832
W 268537408
R 268537536
W 268536000
R 268535616
R 268536448
R 268536576
R 268534976
R 268535808
W 268536192
R 268536320
R 268534656
R 268534912
R 268535232
R 268533888
R 268533888
W 268535744
R 268536128
R 268436416
R 268438272
R 268436096
R 268437184
R 268435648
R 268435520
W 268438592
W 268438784
R 268436800
R 268437568
W 268438976
R 268435968
W 268436096
W 268436480
R 268438336
W 268438720
R 268436352
W 268435904
R 268439040
W 268438784
W 268436544
W 268438272
R 268436800
R 268437312
R 268437184
R 268439104
W 268439168
R 268435776
R 268437632
R 268438400
W 268437184
R 268437696
R 268438592
W 268435584
W 268436736
R 268436352
W 268472256
R 268468864
R 268471168
R 268470848
W 268469440
R 268471232
R 268469760
W 268470720
R 268469888
R 268471168
R 268468544
R 268470976
R 268469760
R 268468416
W 268469312
W 268471232
R 268471680
R 268469632
R 268470400
W 268471616
R 268470208
R 268470080
W 268504128
R 268504896
R 268504896
W 268504576
R 268503744
R 268504256
W 268502144
R 268501312
W 268504256
R 268502144
W 268504320
W 268501248
R 268501504
R 268502080
R 268502208
R 268504192
R 268503808
R 268502400
R 268502272
R 268501760
R 268502528
W 268502080
R 268503232
R 268502848
R 268504576
R 268501504
R 268502016
R 268505024
R 268501696
W 268502528
W 268501440
W 268501056
R 268504576
R 268501760
R 268501504
R 268501888
R 268504448
R 268501696
R 268501760
R 268502912
W 268502976
R 268500992
W 268501824
R 268504384
W 268501376
W 268503104
W 268503680
R 268503872
R 268502464
R 268501952
R 268501760
R 268504192
R 268501568
R 268501568
R 268504640
R 268503552
W 268503552
R 268502208
R 268502400
W 268502592
R 268502464
W 268503808
W 268504768
W 268504192
R 268504640
R 268503616
R 268468224
R 268472256
R 268469696
R 268469248
R 268470976
R 268471488
W 268472128
R 268470656
W 268470016
W 268470656
R 268470976
R 268470336
W 268471424
W 268472256
R 268469376
R 268468800
R 268469248
W 268470912
W 268472256
W 268471424
R 268469824
R 268468544
R 268469952
R 268469248
W 268470848
R 268470912
R 268470848
R 268471168
W 268469504
W 268469120
W 268470656
R 268435712
R 268438976
R 268439232
W 268438080
R 268439424
R 268435840
W 268439488
W 268436480
R 268439424
R 268437824
R 268437952
R 268435840
R 268437248
R 268438720
R 268436608
W 268437760
R 268438464
R 268438080
R 268435840
R 268438272
R 268438784
W 268438016
W 268502400
W 268504832
W 268501440
R 268502720
R 268504128
R 268503616
R 268503744
R 268504640
R 268503936
W 268504960
W 268501952
R 268501568
R 268501184
R 268502528
R 268501888
R 268502656
R 268504064
R 268504832
R 268501184
R 268503808
R 268501952
W 268502912
R 268504448
W 268504128
W 268502912
W 268502592
W 268502208
W 268504768
R 268501504
W 268504000
R 268503168
R 268502080
R 268504896
W 268504320
W 268503104
W 268504768
R 268501248
R 268504640
R 268502080
W 268502528
R 268502336
R 268504384
R 268501376
W 268501952
R 268504768
R 268504640
R 268503872
R 268504256
R 268502784
W 268504384
R 268503872
R 268503872
R 268503680
W 268501824
R 268503360
W 268502912
W 268503936
R 268504384
R 268504640
R 268502912
W 268503104
W 268502528
W 268501440
W 268502080
W 268501824
R 268504448
R 268501248
W 268502080
W 268503808
R 268501184
R 268502976
R 268504960
R 268501696
R 268501440
R 268503488
R 268502592
R 268501760
R 268501184
R 268472000
R 268469120
R 268470720
R 268469632
R 268471040
R 268469440
R 268471168
R 268471104
R 268468480
W 268471680
W 268471104
R 268470080
R 268471744
R 268471808
R 268469120
R 268469056
W 268469504
R 268470016
R 268469312
W 268470976
R 268503104
R 268502976
W 268501760
R 268503424
W 268502848
W 268503424
R 268503424
R 268502208
W 268501376
W 268503424
R 268502144
R 268503680
W 268501888
R 268500992
R 268503040
R 268502912
W 268504000
W 268502656
W 268504064
W 268501184
R 268437312
R 268435520
W 268437760
R 268438464
R 268438848
R 268438272
R 268437888
W 268436224
R 268438400
R 268436608
R 268437504
R 268438464
W 268439360
R 268437184
R 268438720
W 268436800
W 268435584
R 268436864
R 268437632
W 268438144
R 268438528
R 268436224
R 268438016
W 268438656
R 268439104
R 268438464
R 268435840
R 268438208
R 268439232
W 268438400
W 268438208
W 268437696
W 268437632
W 268437824
R 268438464
W 268437120
R 268438592
R 268438592
R 268438336
R 268436672
R 268436032
R 268439424
R 268436608
R 268439360
R 268438720
R 268436992
W 268438656
R 268438784
W 268437696
R 268438976
R 268438912
R 268437248
R 268438720
R 268436672
R 268436160
R 268439360
W 268438080
R 268438656
R 268438208
R 268438656
W 268437760
R 268537344
R 268537152
R 268537664
R 268536512
R 268535040
R 268537472
R 268533888
R 268537216
R 268537728
R 268534016
R 268535104
R 268535296
R 268534848
W 268535168
W 268534464
R 268535680
R 268536768
R 268535360
R 268535360
R 268534080
R 268536896
W 268535424
R 268535104
R 268468544
R 268470720
W 268470784
R 268470912
W 268468416
W 268470080
R 268468736
W 268468608
R 268468800
R 268469696
W 268471680
R 268471680
W 268469376
W 268471680
R 268470080
R 268468672
R 268468992
R 268470400
R 268468928
R 268501312
R 268502080
W 268504128
W 268501760
W 268504768
R 268502848
R 268504320
R 268503872
R 268502272
R 268504832
R 268502528
R 268503360
R 268501696
R 268505024
R 268504256
R 268503424
R 268503296
R 268503616
R 268504192
W 268501184
W 268504448
R 268502720
R 268501184
R 268504320
R 268502784
R 268501440
R 268501120
R 268501312
R 268503936
R 268502784
R 268504768
W 268502400
R 268503232
R 268500992
R 268501760
R 268502976
R 268502784
W 268503552
W 268535424
R 268534336
R 268536768
R 268534464
W 268535872
R 268536576
R 268536960
W 268536192
W 268537216
R 268536384
W 268536512
R 268536256
R 268534016
W 268534656
R 268535680
W 268536704
R 268438208
R 268436736
R 268437504
W 268435968
W 268439040
R 268435648
W 268439168
W 268436352
R 268439040
R 268438272
R 268436736
R 268436544
W 268436032
R 268439168
W 268436544
R 268435840
R 268438336
R 268438720
R 268436032
R 268436224
R 268436608
R 268436864
R 268437248
R 268438336
R 268435776
R 268504192
W 268504576
R 268504704
R 268503232
R 268503424
R 268504320
R 268504832
R 268504768
R 268504512
R 268503808
W 268502272
W 268503680
R 268504448
W 268504832
R 268501504
R 268503104
R 268501568
W 268502720
W 268504640
R 268504320
W 268501824
R 268504960
R 268504384
R 268535744
R 268535104
R 268534144
R 268534272
W 268533952
R 268535168
R 268534528
R 268535744
R 268534848
R 268536064
R 268537408
W 268534400
W 268535104
W 268536704
R 268534080
R 268536960
W 268534912
W 268535488
W 268536256
W 268536768
R 268535168
W 268534464
R 268533888
R 268534720
W 268533760
W 268535232
R 268537088
R 268536512
W 268534848
R 268534208
W 268536704
R 268537152
W 268537664
W 268537536
R 268537728
R 268535360
W 268535552
W 268534976
R 268535616
R 268534912
R 268534272
R 268537152
R 268536704
W 268536576
W 268535168
W 268534976
R 268537792
R 268535232
R 268536128
R 268534528
R 268537536
R 268533824
W 268534016
R 268536640
R 268537088
W 268502912
R 268501952
R 268503872
R 268500992
R 268503232
R 268501504
R 268502720
R 268501376
R 268504384
R 268502208
R 268501888
R 268501504
R 268504320
W 268504448
R 268501888
R 268501824
R 268503552
R 268502720
W 268501248
R 268503360
R 268501056
R 268501312
W 268504640
R 268504256
R 268502400
W 268501504
R 268503872
W 268503232
R 268501056
W 268502656
R 268504384
R 268504064
W 268503232
W 268501248
R 268503104
R 268502336
W 268502336
W 268501760
W 268502208
R 268503616
R 268503488
R 268501376
R 268503616
R 268504640
R 268501248
R 268503552
R 268502976
R 268503296
R 268505024
R 268502400
W 268504512
R 268501120
R 268504832
W 268502528
R 268504896
R 268504000
R 268501824
W 268504128
W 268502336
R 268504960
R 268501504
R 268501760
R 268503488
R 268504384
W 268501056
W 268501184
R 268503296
R 268503424
R 268503936
R 268504064
R 268504640
R 268502208
R 268503808
W 268501824
R 268503488
R 268501824
R 268504768
R 268504192
R 268437888
R 268436224
R 268436864
R 268436352
W 268438912
R 268438464
R 268436416
W 268437568
R 268438080
R 268435712
W 268437504
R 268436416
W 268438784
R 268437824
R 268436224
R 268436672
W 268439104
W 268439360
R 268501056
R 268503808
R 268504448
R 268503168
R 268502784
R 268501504
W 268503744
W 268504064
W 268501952
R 268503808
R 268502016
R 268501312
R 268504256
R 268503872
R 268504896
R 268504448
W 268504384
R 268501504
R 268502912
W 268502720
R 268502464
W 268504512
W 268503168
W 268504000
R 268502336
R 268501376
R 268501184
R 268503424
R 268502848
R 268504320
R 268502336
W 268501312
W 268503040
W 268504512
W 268501568
R 268502016
W 268503680
R 268503168
W 268504704
W 268503744
W 268504320
R 268502272
W 268504960
R 268501696
W 268435776
R 268436736
R 268439296
W 268437568
R 268437760
R 268437824
W 268438720
R 268436864
R 268437824
R 268438848
R 268438592
R 268436736
W 268437376
R 268436096
W 268435456
R 268438720
R 268437248
R 268439296
R 268437568
W 268438144
W 268436288
W 268436096
R 268436224
R 268438912
R 268436160
W 268439424
W 268438336
W 268436928
W 268438080
W 268438528
R 268436288
W 268436992
R 268437568
R 268534272
R 268537664
R 268535808
R 268536000
W 268537024
W 268535424
R 268534336
R 268534784
R 268537280
W 268533888
R 268535424
R 268535104
R 268535360
R 268536512
R 268536128
W 268535424
R 268534528
R 268535808
R 268535616
W 268534848
R 268537280
W 268534272
R 268534208
W 268537216
W 268534912
R 268534464
R 268537472
W 268536768
R 268534848
R 268535680
R 268537216
R 268536768
R 268536896
R 268535552
R 268534144
R 268534912
R 268533824
W 268535104
W 268533824
R 268534080
R 268534528
W 268534912
R 268534912
W 268536640
R 268535360
R 268533952
R 268536448
R 268536640
W 268534656
R 268536000
R 268536704
R 268534720
R 268537216
W 268534208
R 268533952
R 268535360
W 268535616
R 268537280
R 268536256
W 268536192
W 268533824
R 268537216
W 268534400
W 268536960
W 268534080
R 268536512
R 268536576
W 268534080
W 268536064
W 268536064
R 268535040
W 268536192
R 268534464
R 268536000
R 268535168
R 268535168
R 268535936
R 268535744
W 268535936
W 268536640
W 268535040
R 268439168
W 268436352
R 268438080
R 268436032
R 268436992
W 268436288
R 268439232
R 268437312
R 268436096
R 268438592
R 268435648
W 268438912
R 268439104
W 268435968
R 268437056
R 268436096
R 268438400
W 268437248
W 268439104
R 268438848
R 268436480
R 268437760
R 268438720
R 268437504
W 268437056
R 268435840
R 268435520
R 268439232
R 268437824
R 268438784
R 268438464
R 268438912
R 268504320
R 268502464
R 268502336
R 268503744
R 268501504
R 268501440
R 268504192
R 268504192
W 268503680
W 268501952
R 268503040
R 268501184
W 268502720
R 268503616
R 268502848
R 268503808
R 268503168
R 268501056
W 268503296
R 268505024
W 268502528
R 268503232
R 268500992
R 268502848
R 268501184
R 268505024
R 268504000
R 268503104
R 268501440
R 268504832
R 268470144
W 268469312
R 268471872
R 268471872
R 268470784
W 268469248
R 268470656
R 268471744
R 268471680
R 268470592
R 268471360
R 268469888
R 268469568
R 268469056
R 268471232
R 268472064
W 268470272
W 268471040
R 268469952
W 268470144
R 268470656
R 268470976
R 268468736
R 268469888
R 268471104
R 268470400
R 268470656
W 268471936
W 268468288
R 268471168
W 268470144
R 268470656
R 268468672
R 268470848
W 268470272
R 268469952
R 268468736
R 268468288
R 268471296
R 268469888
W 268438400
R 268436288
W 268436032
R 268436608
R 268438336
R 268439168
W 268435520
R 268439424
W 268438848
R 268437568
R 268438784
R 268438976
R 268439296
W 268438912
R 268439040
R 268439360
R 268439488
R 268438208
W 268437376
R 268436608
R 268436928
R 268439040
R 268437760
R 268439104
R 268436096
R 268438080
R 268436096
W 268437312
R 268438336
W 268438464
W 268437824
R 268436608
R 268435904
W 268435648
R 268435840
R 268438656
R 268436992
R 268435904
W 268437888
R 268436928
R 268470912
R 268469824
R 268472000
R 268471936
W 268470656
R 268468288
R 268468480
W 268469504
W 268471936
W 268469312
R 268468736
R 268468416
W 268471872
W 268469952
R 268468800
W 268469760
R 268470656
R 268471488
W 268469440
R 268471040
R 268471808
R 268468608
R 268469056
R 268468224
R 268472000
W 268471104
R 268470912
R 268468352
W 268470144
W 268469888
R 268471872
R 268471104
W 268470784
R 268470016
W 268470016
R 268436032
R 268436800
R 268438336
R 268438272
R 268438848
R 268437760
R 268439360
R 268438336
R 268436736
W 268435776
R 268438912
R 268435968
R 268438400
R 268436480
W 268436928
W 268437888
R 268437312
R 268436928
R 268439360
R 268436864
W 268438080
R 268436544
R 268436864
W 268436096
R 268437504
W 268435968
R 268439296
W 268438016
R 268437952
R 268437824
R 268435776
R 268437760
R 268436864
R 268438080
R 268436800
R 268436352
R 268435648
R 268469504
R 268472064
R 268470720
R 268472256
R 268471616
R 268471424
R 268470912
R 268468736
W 268471488
R 268471040
R 268471872
R 268470400
R 268468224
R 268471424
W 268469632
R 268469056
R 268469120
R 268468672
R 268470912
R 268471360
R 268469056
W 268469376
R 268469376
R 268468672
W 268471104
R 268471296
R 268470912
R 268468864
R 268469632
R 268470464
R 268472192
W 268501376
R 268504384
R 268503808
R 268501760
R 268501824
W 268504384
R 268504704
W 268503808
R 268501824
R 268504512
W 268501568
W 268503680
W 268501056
R 268504000
R 268502912
R 268504512
W 268504320
R 268500992
R 268501888
R 268503360
R 268502528
R 268503232
R 268502656
R 268501120
W 268501888
W 268503744
R 268501888
R 268502528
R 268503424
R 268504256
R 268501568
W 268501888
W 268503808
R 268503680
R 268500992
R 268502464
R 268502144
R 268504256
W 268471872
W 268471296
R 268470656
R 268470912
R 268470848
W 268469696
R 268469760
R 268470464
R 268470144
R 268469696
W 268468928
W 268471616
W 268468352
W 268470016
R 268468672
R 268470720
R 268469824
R 268470976
R 268469184
R 268469760
W 268468736
R 268470208
R 268537024
R 268535168
W 268536448
R 268537600
W 268537088
W 268536768
R 268537344
R 268536000
W 268535552
W 268534464
R 268535232
R 268536000
R 268535872
R 268535232
R 268534912
R 268535104
R 268535424
R 268534912
R 268534592
R 268471488
R 268470592
R 268469504
R 268469120
R 268471168
R 268469824
R 268471488
W 268469376
W 268468544
W 268470592
R 268471232
R 268471232
R 268469568
W 268469312
R 268471872
R 268471040
R 268471616
R 268468672
R 268470080
W 268471936
W 268469504
R 268468672
W 268468224
R 268469120
R 268470016
W 268469312
R 268470336
R 268471424
R 268470464
R 268471680
R 268469440
R 268471616
W 268468480
W 268471360
R 268471680
R 268469248
R 268470848
W 268470656
R 268468544
R 268470848
R 268469184
R 268471872
R 268468352
R 268468992
R 268472128
R 268472000
R 268468864
R 268469056
W 268470080
R 268469824
W 268470208
R 268471552
R 268471424
R 268468928
R 268469696
R 268472128
R 268502272
W 268503296
W 268501568
R 268502848
W 268501888
W 268502912
R 268502720
W 268502336
W 268501568
R 268502336
W 268504640
R 268502336
R 268504640
W 268502336
R 268502848
R 268502592
W 268502592
R 268504896
R 268501888
R 268503616
R 268501312
R 268536576
R 268534464
R 268535488
R 268534464
R 268537472
R 268534656
R 268535232
R 268537024
W 268534720
R 268535744
R 268535616
R 268537536
R 268534656
W 268537472
R 268537728
R 268534912
R 268536384
W 268534784
R 268534336
R 268536384
W 268536384
W 268535424
W 268537344
R 268534208
W 268536768
R 268534784
R 268535808
R 268537664
R 268534528
R 268537024
W 268534528
R 268535424
R 268534528
R 268534976
R 268534656
W 268535296
W 268537728
R 268536064
R 268501120
R 268502144
R 268501888
R 268502336
R 268501248
R 268502400
R 268503360
W 268501440
R 268502016
R 268504192
R 268500992
R 268503936
R 268502976
W 268502208
W 268500992
R 268501312
R 268503936
R 268468224
R 268470720
W 268471424
R 268471808
R 268471232
W 268471296
R 268469056
W 268471936
W 268470400
R 268472128
W 268470912
R 268471296
R 268468352
W 268469248
R 268470272
R 268468480
R 268471232
R 268470976
W 268469888
R 268469440
W 268470848
W 268469184
R 268471488
W 268468928
W 268468544
R 268471104
R 268471488
R 268469760
W 268468544
R 268472128
R 268469504
R 268468672
R 268470400
R 268471296
W 268468480
W 268468224
R 268469568
R 268468736
R 268471104
R 268470848
W 268471232
W 268470528
R 268469952
R 268468352
R 268468544
R 268470976
R 268471616
R 268468736
R 268471744
R 268472128
R 268470656
R 268470208
W 268469952
R 268472064
R 268472064
R 268470912
R 268470784
R 268468288
R 268470720
W 268470720
R 268468864
R 268471232
R 268470144
R 268469056
W 268468672
W 268468608
R 268471552
R 268469504
R 268468672
R 268471616
R 268471040
W 268469504
R 268470784
R 268470784
W 268469632
R 268469120
R 268469888
W 268470848
R 268470528
R 268471040
R 268468352
W 268471552
R 268468736
W 268469952
W 268469056
R 268469952
R 268471104
R 268470208
R 268504448
W 268501056
W 268501504
R 268501312
R 268502592
R 268503488
W 268502336
R 268502208
W 268503296
R 268503616
W 268503232
R 268503552
R 268503936
R 268503040
W 268501248
R 268502208
W 268505024
R 268503488
R 268502656
R 268501760
W 268504256
R 268504384
R 268504000
R 268503616
W 268501632
R 268503744
R 268502784
W 268504640
W 268504768
W 268502400
R 268504832
R 268502720
W 268501568
W 268503424
R 268503040
R 268501248
W 268501248
R 268501568
W 268504000
W 268502016
W 268504576
R 268502528
W 268502528
R 268504448
W 268500992
R 268502912
W 268503808
R 268504768
R 268502464
R 268502784
W 268504256
R 268504832
W 268502208
R 268501184
W 268501888
W 268503680
R 268502656
R 268504832
R 268502144
R 268501568
W 268501312
R 268503104
R 268504704
R 268502464
W 268435968
R 268438784
R 268436544
W 268437824
R 268437120
R 268439488
W 268435584
W 268437120
R 268436480
R 268437504
W 268439296
W 268436096
R 268439488
W 268438528
R 268436032
R 268436480
R 268435712
W 268436864
W 268435904
R 268435776
R 268438784
R 268438592
W 268437952
R 268439168
W 268439296
R 268437184
R 268470144
R 268471680
W 268469760
R 268470528
R 268471872
R 268468864
W 268471424
W 268472192
R 268472064
R 268471424
R 268469504
R 268470336
R 268471296
R 268471680
R 268470016
R 268471744
R 268469504
W 268470592
W 268470592
R 268468672
R 268471360
R 268469184
R 268468416
R 268469184
W 268469952
W 268469824
W 268468608
W 268468736
R 268469440
R 268469056
R 268470912
R 268468224
R 268470016
R 268470080
W 268469504
W 268468224
R 268471296
W 268468736
W 268438336
R 268437056
R 268436928
R 268438784
R 268439104
R 268438592
W 268435456
W 268436544
R 268436096
R 268435776
W 268436992
R 268436736
R 268438656
R 268436288
R 268436480
W 268437760
W 268439168
W 268438464
R 268437248
R 268436672
W 268439488
R 268439488
R 268438912
R 268437888
R 268436160
R 268439232
W 268437440
W 268437248
R 268435584
R 268437632
R 268437696
R 268436160
R 268437376
R 268438976
R 268436864
R 268437632
W 268437056
W 268438144
W 268438144
R 268439168
R 268438272
R 268504128
W 268504384
R 268503104
R 268503424
R 268502656
R 268502464
R 268501760
W 268504320
R 268502784
W 268501312
R 268501440
R 268504000
W 268501888
R 268503616
R 268503808
R 268501248
R 268502336
R 268502144
W 268504704
R 268502016
R 268500992
R 268502528
R 268503424
W 268503040
W 268504000
W 268503232
W 268501952
R 268502784
R 268502592
W 268504576
R 268501824
R 268502976
R 268503936
R 268504128
R 268502016
R 268503360
R 268502848
R 268504384
W 268533888
R 268534592
R 268537280
R 268534848
R 268536064
R 268536704
R 268534592
W 268535168
R 268537600
W 268537728
R 268534592
R 268534080
R 268535808
R 268534720
R 268534400
R 268534400
R 268537792
R 268537792
R 268535808
W 268536384
R 268535232
R 268535680
R 268534400
R 268471936
R 268469952
R 268468864
R 268471168
W 268470272
R 268471424
R 268471040
W 268468992
R 268471616
W 268468416
R 268469952
W 268469056
R 268469824
R 268468800
W 268468864
R 268469056
W 268468800
R 268469504
R 268470016
W 268470976
W 268471680
W 268469760
W 268504768
W 268501696
W 268501120
R 268502272
R 268504256
R 268500992
R 268503744
W 268502528
W 268504128
R 268503232
W 268505024
R 268504640
W 268504256
W 268504128
R 268504320
W 268504256
R 268504448
W 268502080
R 268505024
R 268502592
R 268504384
R 268504960
W 268503616
R 268504832
R 268501568
R 268501504
R 268502912
R 268504896
R 268503360
R 268503232
R 268504448
R 268535488
R 268534336
R 268535488
R 268534592
W 268536896
R 268534016
W 268537728
R 268536640
W 268534848
W 268537664
R 268534976
R 268537792
R 268535232
W 268535296
W 268536896
W 268536192
W 268534528
R 268534272
W 268535744
R 268536448
W 268536512
R 268533952
R 268534144
R 268534784
R 268536000
R 268535232
W 268536000
R 268535936
R 268535232
R 268535552
R 268534464
R 268536064
W 268537152
R 268534528
R 268537728
R 268534400
R 268536064
R 268535360
R 268535936
R 268536640
R 268535488
W 268535680
R 268535104
R 268534400
R 268537280
W 268535808
W 268535744
R 268534912
R 268534976
R 268537024
W 268537600
R 268537216
R 268534656
R 268533824
R 268534464
W 268537536
R 268534848
W 268439424
R 268436224
W 268435456
R 268435968
R 268436672
R 268439104
R 268436672
R 268436096
R 268436736
W 268436928
R 268435712
W 268435712
W 268436928
R 268436096
R 268438464
R 268437184
W 268439296
R 268435968
R 268437952
W 268435840
R 268436096
W 268437824
W 268438016
R 268438080
R 268435840
R 268437888
R 268436672
W 268438272
R 268438272
R 268438336
R 268439488
W 268436928
R 268436736
R 268439232
R 268437952
W 268436864
W 268437056
R 268439104
R 268437312
W 268438784
R 268435520
W 268438528
R 268436416
W 268438208
W 268438272
R 268436416
R 268437952
W 268438848
R 268435520
W 268439168
R 268436096
R 268438144
R 268439488
R 268436928
W 268438016
R 268436096
R 268437056
R 268435648
R 268435904
R 268437824
W 268435456
R 268439104
W 268438784
R 268437248
R 268437888
W 268435456
R 268436992
R 268436672
R 268439296
R 268436608
R 268438144
R 268435712
R 268439488
R 268436800
R 268436288
R 268438016
R 268439296
R 268438080
R 268438080
W 268438272
W 268437824
R 268435584
W 268438912
R 268436672
R 268435520
R 268535360
R 268534720
R 268533760
R 268534080
W 268535616
R 268535552
W 268537280
W 268535040
R 268535488
R 268536000
R 268535296
R 268534784
W 268536448
W 268534208
R 268536960
R 268534592
W 268534976
R 268534656
W 268537024
W 268536768
R 268534080
R 268534272
W 268502080
W 268502400
R 268501440
R 268502400
R 268503360
R 268504640
R 268503936
W 268504064
R 268504000
R 268502912
R 268502848
R 268504000
R 268504000
W 268502912
R 268501120
R 268504768
R 268501312
R 268503104
R 268501184
R 268536192
R 268536000
R 268535104
R 268535232
R 268535680
W 268533760
R 268536448
R 268536192
W 268537664
R 268537280
W 268533824
R 268536896
R 268535744
R 268536064
R 268537088
R 268535040
R 268535360
W 268537728
R 268533760
R 268535360
W 268537088
R 268536320
R 268533824
R 268534144
R 268534784
R 268537216
W 268535744
R 268534464
R 268536640
W 268534848
R 268534080
W 268534272
R 268536576
R 268537664
R 268535872
R 268535104
R 268536128
R 268536256
R 268536448
R 268533888
R 268536704
R 268537600
R 268535808
R 268534656
R 268537408
R 268534080
R 268534336
R 268537728
W 268536128
W 268537280
R 268537408
W 268537728
W 268534848
R 268536832
W 268536768
R 268534784
W 268435776
R 268437824
W 268438784
R 268436608
W 268437056
R 268439040
R 268436672
R 268437696
R 268435840
R 268435584
R 268437888
R 268439168
W 268437056
W 268439488
W 268438912
W 268437888
R 268501120
R 268503744
R 268504000
R 268504704
R 268504256
W 268503424
R 268501760
W 268504704
R 268502464
R 268505024
R 268501120
R 268501760
W 268503040
R 268503808
W 268503744
W 268501120
R 268503104
W 268503488
W 268501760
R 268503808
R 268504256
R 268504960
W 268536384
R 268536256
R 268534016
R 268537536
R 268535360
W 268536768
R 268534272
W 268535168
R 268537088
R 268534528
R 268537024
R 268536064
W 268534464
W 268536512
R 268537280
R 268533952
W 268536064
W 268534848
W 268535232
W 268537344
R 268537536
W 268536256
W 268535360
W 268536576
W 268535424
R 268536704
R 268534400
W 268537216
W 268534336
R 268537536
W 268534208
R 268536320
W 268533952
W 268534144
R 268535616
R 268536832
R 268534464
W 268535424
R 268534528
R 268536768
R 268536896
R 268535552
R 268536384
R 268536896
R 268534080
R 268536896
R 268535936
R 268535936
R 268534400
R 268537344
W 268537152
R 268535104
W 268535168
R 268535104
R 268534848
R 268534976
R 268537536
R 268501888
W 268504128
W 268504960
R 268504192
R 268502976
R 268503296
R 268502656
R 268500992
R 268501568
R 268502400
R 268504896
R 268501248
R 268504576
W 268504960
R 268501376
R 268502272
W 268503808
W 268502976
R 268502336
R 268504960
W 268503104
R 268504832
R 268504320
R 268504192
R 268501504
R 268502720
R 268504640
R 268501632
R 268504064
W 268501376
R 268502144
R 268503360
R 268501312
R 268500992
R 268501824
W 268502272
R 268503616
R 268502016
R 268503616
R 268501376
W 268502656
R 268501184
R 268504320
R 268502912
R 268503680
W 268504704
R 268504064
R 268501120
R 268503616
W 268503296
R 268504320
R 268501568
W 268503232
W 268501760
R 268502208
R 268504128
R 268503936
R 268504576
R 268501760
R 268504128
W 268503552
W 268502528
R 268504896
W 268503936
W 268503168
R 268502912
R 268502016
W 268503936
W 268504960
W 268504960
R 268502592
R 268504000
R 268504448
R 268503104
W 268504320
R 268503488
R 268504064
W 268504448
R 268503040
W 268504384
W 268503424
R 268504192
R 268501120
R 268503168
W 268501504
R 268503744
R 268503360
R 268504704
R 268501120
R 268501312
R 268536768
R 268534272
R 268537344
R 268534144
W 268535680
W 268536960
W 268535168
R 268534592
R 268534144
W 268537280
R 268537600
R 268537472
W 268535296
R 268536448
R 268535104
R 268534976
R 268536384
R 268535488
R 268536640
R 268468928
W 268469312
R 268471872
R 268470656
R 268468224
R 268468672
R 268471168
R 268468928
R 268469632
R 268468544
R 268472000
R 268471936
R 268469632
R 268471424
R 268471424
R 268469120
W 268468928
R 268468416
W 268470208
W 268472000
R 268468544
R 268470976
R 268471040
R 268471296
R 268471808
R 268472256
R 268472256
R 268471808
R 268470464
R 268468672
R 268470912
R 268470912
W 268471808
R 268469056
R 268469440
R 268468224
W 268471808
R 268470400
W 268470464
W 268468736
W 268469952
R 268534336
R 268537024
R 268535616
R 268534720
R 268536064
W 268537792
R 268537408
W 268536064
R 268537344
W 268536384
R 268534720
R 268534528
R 268535040
R 268533952
R 268536320
R 268537472
R 268503808
W 268504512
R 268504576
R 268504896
W 268502400
R 268503424
R 268503168
R 268505024
R 268503936
W 268501056
R 268502528
W 268501632
R 268502848
W 268503552
R 268502464
R 268504128
R 268501440
W 268502592
R 268502656
R 268504768
R 268502592
R 268504704
R 268503104
R 268501376
R 268503232
W 268503488
W 268504896
R 268501056
R 268535808
W 268536192
R 268536192
R 268534080
R 268534080
W 268535232
R 268536448
R 268535424
R 268534016
R 268535680
W 268537216
R 268537280
R 268536448
W 268536192
R 268535488
W 268535168
W 268536704
R 268534784
R 268537600
W 268534656
R 268537152
W 268537152
W 268533888
W 268535424
R 268536320
R 268535104
R 268536640
R 268537472
R 268534208
W 268534912
R 268534208
R 268537344
R 268536768
W 268534976
W 268534016
R 268537792
R 268534080
R 268534016
R 268536128
W 268534912
R 268537344
W 268535808
R 268534016
R 268537216
W 268534976
R 268535040
R 268534656
R 268537088
R 268536512
R 268537600
R 268536000
R 268537280
R 268535616
R 268534080
R 268534656
R 268536704
R 268534784
R 268537152
R 268535424
W 268536192
W 268537024
R 268537472
R 268535808
R 268536128
R 268536768
W 268536960
R 268536064
W 268535616
R 268534656
W 268533952
R 268537600
W 268537088
R 268535488
R 268534720
W 268534720
R 268535424
W 268533760
R 268534976
R 268535552
W 268535168
W 268534272
R 268536576
R 268537280
R 268534720
R 268535552
R 268534848
W 268537152
W 268438336
R 268439360
R 268439104
R 268437376
R 268439296
R 268438592
W 268436672
R 268439040
R 268439296
W 268436480
R 268438720
W 268435776
R 268435456
W 268436416
R 268436736
R 268438464
R 268435456
W 268438848
W 268436608
R 268437184
R 268437696
R 268437440
R 268437120
R 268437696
R 268437696
W 268437248
R 268435968
R 268439232
R 268435840
W 268436992
R 268435584
W 268435648
R 268439296
W 268435648
R 268436928
W 268436288
R 268438784
W 268439168
R 268438464
W 268534080
R 268537536
R 268533760
R 268536448
R 268536960
R 268535488
W 268534464
R 268536960
W 268533888
W 268535680
R 268536768
W 268537024
R 268536128
R 268535168
R 268536384
R 268537664
R 268533888
R 268535744
R 268537152
R 268537536
W 268534720
R 268537472
R 268537216
R 268534464
W 268536512
W 268535104
W 268535232
R 268537024
R 268537088
W 268535488
R 268534144
R 268535424
R 268536512
R 268537216
R 268535104
R 268537024
R 268535296
R 268533824
R 268536960
R 268536128
R 268534016
W 268534336
R 268534464
W 268536576
R 268537472
R 268534080
W 268534848
W 268537536
R 268537408
R 268535872
R 268535360
R 268535808
W 268536704
W 268537216
R 268534336
R 268537216
R 268536448
W 268537280
R 268534976
W 268534848
R 268537088
R 268534080
R 268535488
R 268537472
R 268534464
R 268537472
W 268537024
R 268534592
R 268535296
R 268537600
W 268533760
W 268536640
R 268536256
W 268535936
R 268534016
W 268537152
R 268537408
W 268534784
R 268536256
R 268537088
R 268533824
R 268535680
R 268536832
R 268533952
R 268536640
W 268536128
R 268534592
R 268537728
R 268535168
R 268535680
W 268534912
R 268535360
R 268503808
W 268503168
R 268501440
R 268502336
R 268502208
R 268504512
R 268503680
R 268503232
R 268501120
R 268502208
R 268502272
R 268504192
W 268501504
W 268503936
W 268504448
W 268503424
R 268503808
R 268503744
R 268502464
W 268504320
W 268503872
W 268501824
R 268501952
R 268502400
R 268501760
R 268501184
R 268503936
R 268502464
R 268501248
W 268502208
W 268501312
R 268502720
R 268502208
W 268505024
R 268500992
R 268503744
R 268502592
R 268504640
R 268502080
W 268503104
W 268471680
W 268468800
W 268471552
W 268471104
R 268472128
R 268470400
R 268471424
R 268470976
W 268471808
W 268469184
W 268471104
R 268468480
W 268470016
R 268469568
R 268471936
R 268469120
R 268470912
R 268468672
R 268471296
R 268471232
R 268471360
R 268469120
W 268470080
W 268472192
R 268536320
R 268534912
W 268536000
R 268534464
W 268535744
R 268534592
W 268534080
R 268534208
W 268536064
R 268536256
R 268534912
R 268535552
W 268534912
W 268534208
W 268534400
R 268537664
W 268535104
R 268536384
W 268535744
W 268536384
W 268534656
R 268535360
R 268535296
R 268534784
R 268534272
W 268534720
R 268533760
R 268537280
W 268536896
R 268537216
R 268468736
W 268469888
R 268470144
R 268469632
W 268469248
R 268470848
W 268470912
W 268469376
R 268471424
R 268471360
R 268468864
W 268470208
R 268470912
R 268470720
R 268471872
R 268472128
R 268470208
R 268471040
R 268471936
R 268468352
R 268470400
W 268471808
R 268471360
W 268469504
R 268468224
R 268469696
R 268471488
W 268469440
R 268471296
R 268470336
R 268470912
R 268469888
R 268468544
R 268468608
W 268437760
R 268435456
R 268436096
R 268436544
W 268435456
R 268436608
W 268439168
R 268438720
R 268438720
R 268438912
R 268435776
W 268439488
W 268438144
R 268435840
W 268437312
R 268436352
W 268435776
R 268435520
R 268438016
R 268439296
R 268437248
R 268438720
W 268439040
W 268438784
W 268436096
R 268438464
R 268438656
W 268469632
W 268468992
R 268469504
R 268470592
R 268471104
W 268468224
R 268471808
R 268470784
R 268468416
R 268470528
R 268472256
R 268468544
R 268470080
W 268471360
R 268468864
R 268469760
W 268468288
R 268471360
R 268470592
R 268469632
R 268471488
R 268468480
W 268470848
W 268472192
R 268469376
R 268471936
R 268470080
R 268469696
R 268472000
R 268469184
R 268471040
R 268470656
R 268469760
R 268468288
R 268472128
R 268468864
R 268471232
R 268471424
R 268468416
R 268472192
W 268438912
R 268436416
R 268437760
W 268439040
R 268437056
W 268437312
R 268437184
R 268438720
W 268437952
W 268436288
R 268436672
R 268437248
W 268438720
R 268435904
R 268436672
W 268438272
W 268436928
W 268439296
R 268438784
W 268436224
R 268439488
W 268439488
R 268438336
W 268435776
R 268435712
W 268435776
W 268438272
R 268471232
R 268469120
R 268470464
W 268472064
W 268471872
R 268468608
R 268471168
R 268471040
W 268468864
W 268468800
R 268471488
R 268470336
R 268472000
R 268470144
R 268471104
R 268469184
W 268472192
W 268469056
W 268470720
R 268469504
W 268470784
R 268471296
R 268472256
R 268471936
R 268471232
R 268469056
W 268471360
W 268471616
R 268471360
R 268469824
R 268471040
W 268471872
W 268468608
W 268470464
R 268469248
R 268536192
R 268537024
R 268534080
R 268534016
W 268534528
W 268536768
R 268537280
R 268534528
R 268535040
R 268537664
W 268537536
R 268536000
R 268533760
R 268534400
R 268534464
W 268535040
R 268537408
R 268534144
R 268534208
R 268535616
W 268533952
R 268535744
R 268534464
R 268536000
W 268537792
R 268537536
W 268537280
R 268534400
R 268535744
W 268534144
R 268534272
R 268536256
R 268535808
R 268536256
R 268472128
R 268471936
W 268471040
W 268469376
W 268470592
R 268468288
R 268470848
R 268468544
W 268468544
R 268470144
W 268471808
R 268470720
R 268469376
R 268468288
R 268471232
W 268470976
W 268470080
W 268471296
R 268471296
R 268471232
W 268470720
R 268468800
R 268471872
R 268469952
W 268470464
R 268469248
R 268469248
W 268469056
R 268468224
R 268469440
R 268471744
R 268470144
R 268471680
R 268472000
W 268472192
R 268469056
R 268469888
R 268471808
W 268471552
W 268468992
R 268533952
W 268536960
W 268536640
R 268537024
R 268536128
R 268536256
W 268535232
R 268537472
W 268535360
W 268535872
R 268535808
R 268536704
W 268534720
R 268537728
W 268534144
R 268534144
R 268537280
R 268534336
R 268535936
R 268536704
R 268534912
R 268436032
R 268439488
R 268437376
R 268438720
R 268436480
W 268437952
R 268435968
R 268436864
R 268438336
R 268437952
R 268436224
R 268438208
R 268437696
R 268436608
R 268438912
R 268438208
W 268436864
R 268437888
R 268437952
R 268436608
R 268437760
W 268438016
R 268436480
R 268437568
R 268438464
R 268436864
W 268439424
R 268436736
R 268437952
R 268439232
R 268437568
W 268438528
R 268438336
R 268436032
R 268438976
R 268435648
R 268438976
R 268436096
R 268438464
R 268436480
R 268439232
R 268534592
W 268537024
R 268534592
R 268534592
R 268537152
R 268536832
R 268535616
R 268534144
R 268534208
R 268536576
W 268536576
R 268537664
R 268537344
R 268535936
R 268535296
R 268537216
R 268537152
R 268534144
W 268534400
R 268437504
R 268436736
R 268438016
W 268437824
W 268437504
W 268438080
W 268437696
W 268435904
R 268437120
R 268437824
W 268438208
R 268435520
R 268435968
R 268436736
R 268438720
R 268435968
R 268438336
R 268438528
W 268436928
R 268439232
W 268504256
W 268502976
R 268503040
W 268504640
R 268501696
R 268504704
R 268502272
R 268502784
W 268502336
R 268503744
R 268503872
W 268504064
R 268504064
W 268502464
W 268501248
W 268503104
R 268505024
W 268501696
W 268503744
W 268502400
R 268501120
R 268535360
W 268534336
R 268535552
R 268533760
R 268535744
R 268537408
R 268534528
R 268536640
R 268537728
R 268536384
R 268536064
R 268535232
R 268535104
R 268534272
W 268534976
R 268536256
R 268537024
W 268536320
R 268534208
R 268536768
W 268536000
R 268534336
R 268535360
R 268536512
R 268535104
W 268535424
R 268535040
R 268537792
R 268534912
R 268534144
W 268536768
W 268537088
W 268534720
R 268536768
R 268536384
R 268535616
W 268537728
R 268536320
R 268536576
W 268535680
R 268535168
R 268535296
R 268536256
W 268536448
W 268537664
R 268534912
W 268536832
R 268535360
R 268535744
R 268534848
W 268535488
R 268535168
W 268537728
R 268535296
R 268536896
W 268537536
R 268533760
R 268535552
R 268536576
R 268537536
W 268537088
W 268536320
R 268534144
W 268536128
R 268536256
R 268533888
R 268537600
R 268537344
R 268536832
R 268536512
R 268534592
W 268536064
R 268535872
W 268537600
R 268535168
R 268536064
R 268536128
W 268535744
R 268535744
W 268537280
R 268535104
W 268536192
W 268534656
R 268537728
R 268537152
W 268536704
R 268536448
R 268533952
R 268535360
R 268534912
W 268533888
R 268501632
W 268502656
W 268502848
R 268503616
W 268503936
W 268504960
R 268501696
R 268501440
R 268502208
R 268502336
W 268501952
W 268501120
R 268501632
R 268501248
W 268502784
R 268505024
R 268502336
W 268502144
R 268502080
R 268501248
R 268503936
R 268503296
R 268503936
R 268501312
R 268501184
R 268502784
R 268501696
R 268503744
W 268503488
R 268501376
W 268501888
R 268501120
R 268504448
R 268503104
R 268502016
R 268501120
R 268502464
R 268504960
W 268504896
R 268537216
R 268536576
W 268535680
W 268534144
R 268535680
R 268535616
R 268533824
W 268536128
R 268536064
R 268536960
W 268537088
R 268536832
W 268534976
R 268533952
W 268537792
R 268536256
W 268535040
R 268536448
R 268533952
R 268536896
R 268536704
R 268537664
W 268535424
R 268533760
W 268535552
W 268536384
R 268537280
R 268534784
R 268534656
R 268535872
R 268537728
W 268535488
R 268536256
R 268534848
R 268536064
R 268534848
R 268536064
R 268535488
R 268537088
R 268536192
R 268537536
R 268534208
W 268537152
R 268536064
W 268536320
R 268537600
W 268534592
R 268534976
R 268536704
R 268535104
R 268535360
R 268536256
W 268535232
R 268534912
W 268534848
R 268536640
W 268533888
R 268535360
R 268536448
W 268535616
R 268533760
W 268537472
R 268535872
R 268536256
W 268536320
R 268471744
W 268470272
W 268468864
R 268471296
W 268468928
R 268469312
R 268469184
R 268472256
R 268470528
W 268468480
R 268469504
R 268469632
R 268469760
W 268470272
R 268469888
R 268468800
W 268471360
W 268471104
R 268469696
R 268471360
R 268470848
W 268469248
R 268468992
W 268471296
R 268469120
W 268469248
W 268471104
W 268472064
R 268471872
W 268469696
R 268470464
R 268469568
W 268468288
R 268468352
R 268469056
W 268469568
R 268469888
W 268537728
R 268533952
W 268536960
W 268536768
R 268534976
R 268536512
W 268536064
R 268536064
W 268536384
R 268533952
R 268536960
R 268534720
R 268535424
R 268534784
R 268534272
R 268537600
R 268533952
R 268533888
R 268536320
R 268536960
R 268534528
W 268537152
W 268536256
R 268504064
W 268502336
R 268503744
R 268502144
R 268502848
R 268501952
W 268502016
R 268502528
R 268502144
R 268501440
R 268503744
W 268503424
R 268503360
W 268504768
W 268504064
R 268502848
W 268501120
R 268504896
W 268503168
W 268501824
R 268503936
R 268502848
R 268501760
R 268505024
W 268504192
R 268502208
W 268501952
R 268503616
R 268502784
R 268501888
W 268504128
R 268502208
W 268503232
R 268501248
R 268504832
W 268502848
R 268503552
R 268504640
W 268503168
R 268504832
R 268502912
R 268501056
R 268502656
R 268502144
W 268503424
W 268504704
R 268504064
R 268502336
W 268504512
R 268500992
R 268503872
R 268502784
R 268501888
R 268504576
W 268503168
R 268503808
R 268504000
R 268534976
R 268537344
R 268537664
R 268535232
R 268533760
W 268535360
R 268535360
W 268534656
R 268534656
R 268536768
W 268534976
R 268536768
W 268533888
R 268537024
R 268534272
W 268536192
W 268534976
R 268535680
R 268534080
W 268534784
R 268536128
R 268536192
R 268537472
W 268533952
W 268534720
R 268535872
W 268534656
R 268537536
R 268536256
R 268537088
R 268535488
W 268533888
R 268536832
W 268535680
R 268537088
R 268536256
R 268536000
R 268534784
R 268537600
R 268536192
W 268537408
W 268534464
R 268537664
W 268535424
W 268534656
R 268535680
R 268536000
W 268534848
R 268537728
R 268534336
R 268536896
R 268535040
R 268537344
R 268535680
W 268536384
R 268537024
R 268537472
R 268534592
R 268536320
R 268534912
R 268439360
W 268439296
R 268438528
R 268436416
R 268438720
W 268437184
W 268439424
W 268436480
R 268436928
R 268435520
W 268438848
R 268439424
W 268438336
W 268437120
R 268436736
R 268438528
W 268436480
W 268435456
R 268438912
R 268439168
W 268437440
R 268435712
W 268439168
W 268437312
R 268438720
R 268534144
R 268537728
W 268537216
R 268534720
R 268534208
R 268536832
R 268534016
W 268536640
W 268537280
R 268536768
W 268533760
W 268534464
R 268534144
R 268533760
W 268535296
R 268537600
W 268537088
W 268534592
R 268534720
R 268536448
W 268537600
W 268534272
W 268535744
R 268535936
R 268537408
R 268534464
W 268536832
W 268534528
R 268535424
R 268536128
R 268537152
R 268535424
R 268537664
R 268533760
R 268537088
W 268537088
R 268535680
R 268535872
W 268536576
R 268469248
R 268470528
W 268470272
R 268472064
R 268471936
R 268471360
W 268471296
R 268472256
R 268468736
R 268471104
R 268469696
R 268469056
W 268469056
R 268470848
W 268469568
R 268470144
R 268470080
R 268471808
R 268469568
R 268469888
W 268468224
R 268471872
W 268469568
W 268470208
R 268469184
R 268471232
R 268470976
R 268468416
R 268468992
R 268470080
R 268468416
W 268471744
R 268471680
R 268471552
W 268469376
R 268468800
W 268469248
W 268470976
W 268436480
W 268438976
W 268439488
W 268439040
R 268439232
W 268438976
W 268437568
W 268437888
R 268436416
W 268435584
R 268435712
R 268435840
R 268436096
R 268436480
W 268437504
R 268438208
R 268438528
R 268504576
R 268502976
R 268503232
R 268503680
W 268505024
R 268501696
R 268501568
R 268504832
R 268503040
R 268502720
R 268503872
W 268501312
W 268503296
R 268504960
W 268502592
W 268503040
R 268437440
R 268436800
R 268437888
R 268436672
R 268438784
R 268437632
W 268436416
R 268437376
R 268438016
R 268436096
R 268435968
R 268437760
W 268436416
R 268436224
R 268436736
R 268436288
R 268439168
R 268436352
R 268435584
R 268437248
R 268439296
W 268438208
W 268437632
R 268436096
R 268438272
R 268436416
W 268438912
R 268438912
W 268501184
W 268503552
W 268503680
R 268505024
W 268502656
R 268503232
R 268501312
R 268501440
R 268504384
R 268502080
W 268503168
W 268502784
W 268504512
W 268502784
R 268504768
R 268503552
R 268501824
R 268502848
R 268501824
R 268502592
R 268504704
R 268501056
R 268503552
W 268503808
R 268504512
R 268504704
R 268501376
R 268501952
R 268503936
R 268503424
R 268502528
R 268502912
R 268501952
W 268504896
W 268502528
R 268501568
R 268501120
R 268501632
R 268500992
R 268503488
R 268504640
W 268501504
R 268438400
R 268436544
W 268435968
R 268438208
R 268435584
W 268438912
R 268437440
R 268436288
R 268436544
R 268436992
R 268436160
R 268437120
W 268436416
R 268437184
R 268438208
R 268436800
R 268435456
W 268436608
R 268435712
R 268438848
W 268436672
R 268438784
R 268438208
W 268438144
R 268438080
R 268439232
R 268436736
W 268436288
R 268436480
W 268438016
R 268436864
R 268436608
R 268439232
W 268435520
R 268471360
W 268468928
R 268471808
R 268468864
R 268468608
R 268469632
R 268470528
R 268472192
R 268469120
R 268471168
R 268471424
R 268469632
R 268469120
R 268468288
R 268468608
R 268469632
W 268469440
R 268471296
R 268468800
R 268468480
R 268469824
R 268471744
R 268469824
R 268470848
R 268472128
R 268470016
W 268469568
R 268472256
R 268471680
R 268469888
R 268470208
R 268471936
R 268471680
R 268537728
R 268537280
R 268537664
R 268534336
R 268536192
R 268535744
R 268534336
R 268535040
R 268536448
R 268535616
W 268536000
W 268536832
R 268533888
W 268533888
W 268535232
R 268534848
R 268533824
R 268535360
W 268535168
R 268537472
R 268535424
R 268534400
W 268536768
W 268535168
W 268533888
W 268534272
R 268438912
W 268437184
R 268437504
R 268437952
R 268439296
R 268436352
R 268436032
W 268437312
R 268435712
R 268436992
R 268437184
W 268439040
R 268439296
R 268436864
R 268438336
R 268438464
W 268439040
R 268435840
R 268470784
R 268471040
R 268471168
W 268471808
R 268468288
R 268471424
W 268472256
W 268469440
W 268469760
W 268468672
W 268470336
W 268471296
R 268472256
W 268468800
R 268471424
W 268469760
R 268468416
R 268471232
R 268469952
W 268470336
R 268470464
W 268470272
R 268469632
R 268469312
R 268471552
W 268471296
R 268502080
R 268501504
W 268501120
W 268501952
W 268504896
R 268501888
R 268502656
R 268502784
R 268501888
R 268501568
W 268502400
W 268504832
R 268504256
R 268503488
R 268503296
R 268501760
W 268501440
R 268504512
R 268503168
R 268504128
R 268501248
W 268502720
R 268504064
W 268503936
R 268504960
W 268503616
R 268502848
R 268502144
W 268504640
W 268501760
R 268500992
R 268502720
R 268502848
W 268501120
R 268503552
R 268534336
R 268534656
R 268533888
W 268534720
W 268535488
W 268534720
R 268534592
R 268534400
R 268536832
R 268535680
R 268533824
W 268535296
R 268534976
R 268537472
W 268536384
R 268536000
W 268536576
W 268537024
R 268536576
R 268534272
R 268536320
W 268536960
W 268537216
R 268534080
W 268534400
R 268536960
R 268534848
W 268536512
W 268535232
R 268536960
R 268534528
R 268536576
W 268504384
R 268501120
R 268503360
W 268504000
R 268504128
R 268504704
R 268502400
R 268504128
R 268502272
R 268502080
W 268501312
W 268501568
W 268504000
R 268502336
W 268502144
R 268504576
R 268504256
R 268502912
W 268501824
R 268503360
W 268504064
W 268503616
R 268501312
R 268503296
W 268505024
W 268501760
R 268504000
R 268501312
R 268504192
W 268503680
R 268503680
W 268504704
R 268504512
R 268502464
R 268503296
R 268436352
R 268438848
W 268436928
R 268438080
W 268438080
R 268436992
R 268438144
R 268439104
R 268435648
W 268435648
R 268438848
R 268435968
W 268438912
R 268435584
R 268439232
R 268439360
R 268438656
R 268436032
R 268436096
R 268435840
W 268435776
R 268435712
W 268437120
W 268438656
R 268501248
R 268502656
W 268504512
R 268504000
R 268503424
W 268504576
R 268502464
R 268501632
R 268502592
R 268503296
R 268504704
R 268504192
R 268501312
R 268501120
R 268503552
R 268502656
R 268504256
R 268503168
W 268503296
W 268504832
R 268502848
R 268504704
R 268504384
R 268501760
W 268503424
R 268501760
W 268503552
W 268504320
R 268504896
R 268504128
W 268504192
W 268504320
R 268501376
R 268503040
R 268439168
R 268437312
R 268436544
R 268437632
R 268438656
R 268437184
W 268436800
R 268436992
R 268436928
R 268437760
W 268437056
R 268439040
R 268439488
R 268438016
W 268438464
R 268437120
R 268438336
R 268439296
R 268436544
W 268438016
R 268435648
R 268437952
R 268439168
R 268436032
W 268438272
R 268435904
R 268437696
R 268436032
W 268439488
R 268437760
R 268437248
R 268436096
W 268468480
R 268468608
W 268468736
R 268468416
R 268468800
W 268468928
W 268470080
W 268471104
W 268470464
R 268469120
R 268468672
W 268470720
R 268469504
R 268470336
R 268470848
W 268471040
R 268470144
W 268470144
W 268470976
R 268471488
R 268468352
R 268470848
W 268468224
R 268469632
W 268468480
R 268469056
R 268470400
W 268472064
R 268472256
R 268469056
R 268472256
R 268472000
R 268470016
R 268471488
R 268471680
W 268471808
R 268472256
R 268469824
R 268468352
R 268470656
R 268471040
R 268470848
R 268471104
R 268470528
R 268472192
R 268534144
W 268534912
W 268537536
R 268533952
R 268537472
W 268534272
W 268535168
W 268535296
W 268537216
R 268535424
R 268534080
R 268535232
R 268537280
R 268537280
R 268537472
W 268535104
R 268533760
R 268536576
R 268536320
W 268535808
R 268536768
R 268535040
R 268534016
R 268534528
W 268534976
R 268533888
R 268537024
R 268537344
R 268534080
R 268535040
W 268537792
W 268537600
W 268537024
W 268535296
R 268537408
W 268533824
R 268537792
W 268534848
R 268536576
R 268535040
R 268536256
R 268537728
W 268535808
R 268536832
W 268535680
R 268537664
R 268535360
R 268536960
R 268537728
R 268537792
W 268535872
W 268534400
R 268535744
W 268536192
R 268536960
R 268535680
R 268536896
W 268471616
R 268470528
W 268468992
R 268470336
R 268472064
R 268468800
R 268469696
R 268470016
R 268472128
R 268470464
R 268468608
R 268471552
R 268469376
R 268472128
W 268470016
R 268471680
R 268472256
W 268472128
W 268472064
W 268471104
R 268469440
W 268471552
W 268469440
R 268471744
R 268469632
R 268471168
W 268471808
R 268471488
R 268468352
W 268468608
R 268468800
R 268469824
W 268471104
R 268472064
R 268470016
R 268501184
R 268504640
R 268502400
R 268504192
R 268503296
R 268503168
R 268501696
R 268501888
W 268501440
W 268502912
W 268502208
R 268501824
W 268501568
W 268501184
R 268504960
R 268501760
W 268504128
W 268503360
R 268504000
R 268501376
R 268503424
R 268502656
R 268504640
R 268502720
R 268504512
R 268502912
R 268501248
R 268501312
R 268502848
W 268501824
W 268504704
W 268504320
R 268504128
R 268501440
W 268503232
R 268502336
W 268501184
W 268503616
W 268504000
R 268502592
W 268501696
R 268502784
W 268505024
W 268503232
R 268501376
R 268502464
R 268501568
R 268503168
R 268504512
R 268503936
W 268503168
W 268503936
R 268502144
W 268503168
R 268501184
R 268501952
R 268501440
R 268501248
W 268501824
R 268504256
R 268503168
R 268502528
W 268502336
W 268534656
W 268534016
W 268535872
R 268534784
W 268535168
R 268536000
R 268537472
R 268535616
R 268535168
R 268534080
R 268537408
W 268535680
R 268534848
R 268537664
W 268536448
W 268536896
W 268535744
R 268535488
W 268536768
W 268534336
R 268534080
W 268534464
W 268534272
W 268537280
W 268535296
R 268437376
R 268438080
R 268435520
R 268436160
W 268439040
W 268437760
R 268436544
R 268436864
R 268437760
R 268436352
W 268436096
R 268438336
W 268437120
R 268439040
R 268438336
R 268436608
R 268435648
W 268437248
R 268438592
W 268436544
R 268436736
R 268439488
R 268439168
W 268436416
W 268435776
R 268437888
R 268436096
W 268437312
R 268436736
W 268435520
R 268435520
R 268436672
R 268436288
R 268439232
W 268472256
R 268469568
W 268468288
R 268469120
R 268469376
R 268470784
R 268470272
R 268471616
R 268468992
R 268470784
R 268471616
R 268469504
W 268469568
R 268471680
R 268469248
R 268471936
R 268470080
R 268468288
R 268469696
R 268471168
R 268469248
R 268472000
W 268468800
W 268470528
W 268469696
R 268470144
W 268468992
R 268471744
W 268469120
R 268469184
W 268471040
R 268470272
R 268470976
R 268471360
R 268471168
R 268470208
R 268469120
R 268472256
R 268468416
R 268471104
R 268469184
R 268470528
R 268469440
R 268468736
R 268468544
R 268471552
R 268471168
W 268468672
R 268470464
W 268469184
R 268471936
R 268468224
W 268469056
W 268471168
R 268468992
R 268471552
R 268470208
W 268470528
R 268468800
R 268471104
R 268471360
W 268471488
W 268470272
W 268468864
R 268468288
R 268468992
R 268471360
R 268468288
R 268469056
W 268469056
R 268471296
R 268468928
R 268471936
R 268472128
R 268470784
W 268470272
W 268470784
R 268469248
R 268470848
W 268469440
R 268471424
R 268470784
W 268471168
R 268469760
R 268468544
W 268471616
W 268470784
R 268470144
R 268471104
R 268468800
R 268469504
R 268471424
R 268468480
R 268537088
W 268537472
W 268534720
R 268537664
W 268534912
R 268536960
R 268535104
W 268536704
R 268537152
R 268536448
R 268534592
R 268535040
R 268535360
W 268536896
R 268535296
R 268536384
R 268534976
R 268534144
W 268536512
R 268537728
R 268534720
R 268535232
R 268534272
R 268534080
R 268535808
R 268537344
R 268534464
R 268536192
R 268537664
W 268501760
W 268502976
W 268504448
R 268503808
R 268504512
R 268503872
R 268502080
W 268503744
R 268502912
R 268503616
R 268501120
R 268504832
W 268503040
R 268503296
R 268504384
W 268503808
R 268500992
R 268502464
R 268501056
R 268504320
R 268502656
W 268503168
R 268502976
W 268502336
R 268504320
W 268502272
R 268502080
W 268503744
R 268502528
R 268504832
R 268504256
W 268438912
R 268436544
R 268437696
R 268438272
R 268438464
R 268438656
R 268437696
R 268439232
R 268437376
R 268436544
R 268436544
W 268438784
R 268439168
R 268437824
R 268437376
W 268436416
W 268435904
R 268439424
R 268436800
R 268438464
R 268438144
R 268436928
R 268437248
R 268438400
R 268438912
R 268438848
R 268435584
R 268435904
R 268435840
R 268435584
W 268437248
R 268438464
R 268436608
R 268436992
W 268436160
R 268435520
R 268504256
R 268501504
R 268503360
R 268503872
W 268502016
R 268501632
R 268501504
R 268501440
W 268504128
W 268504128
R 268503040
R 268504128
R 268501376
W 268504960
R 268504256
R 268502976
W 268501696
R 268501184
R 268502208
W 268501824
R 268504320
R 268503936
R 268501888
R 268501632
R 268504128
W 268502208
W 268501376
R 268504448
W 268503168
W 268504960
R 268504704
R 268502592
R 268501312
R 268501824
R 268504768
R 268501888
R 268504768
W 268503488
R 268501312
W 268504896
W 268504768
R 268501824
R 268503360
R 268504768
R 268502528
R 268501632
R 268502016
R 268504128
R 268502464
R 268504320
W 268502144
W 268501440
R 268502784
R 268502272
R 268501696
R 268502528
R 268504960
R 268504960
W 268501952
R 268533888
R 268536256
R 268536704
W 268536960
R 268534080
R 268536896
R 268535808
R 268534592
R 268534656
R 268536192
R 268533952
R 268534720
W 268534528
R 268537536
R 268536448
R 268535488
R 268535680
R 268536832
R 268535360
R 268435776
R 268437632
R 268438784
R 268436800
W 268438464
W 268438400
R 268438720
R 268435776
R 268439296
W 268437184
R 268437376
W 268438592
W 268438848
W 268438656
W 268437824
W 268438336
R 268436864
R 268439360
R 268436544
R 268436480
W 268437568
R 268435776
R 268435712
R 268437376
R 268437056
R 268437568
W 268437952
R 268435904
R 268437312
R 268436480
R 268439104
R 268437824
R 268436928
R 268438656
R 268437376
W 268435520
W 268437696
R 268436416
W 268436224
R 268438400
W 268437056
R 268535872
R 268537216
R 268535232
W 268533824
W 268534144
R 268535232
R 268536640
W 268535808
R 268537280
W 268534016
R 268535808
R 268534080
R 268537408
R 268536256
W 268536320
R 268535872
R 268536192
R 268536320
R 268537536
R 268536768
R 268536576
R 268535936
R 268536192
W 268535104
W 268536128
R 268534592
W 268536960
W 268537536
R 268535680
R 268534144
R 268534912
R 268537280
W 268536384
W 268534720
W 268534976
W 268537600
R 268536576
R 268536448
R 268537728
R 268535424
R 268534016
W 268536192
W 268534656
R 268537152
R 268533952
R 268535936
R 268536128
W 268537664
R 268534016
W 268533952
R 268535232
R 268437248
R 268437952
R 268438656
R 268438464
R 268438208
W 268436160
R 268438720
R 268436096
R 268437376
W 268438400
W 268436544
R 268436864
W 268439360
W 268436032
R 268439296
R 268436416
R 268437568
R 268438272
R 268438400
R 268435712
R 268439104
R 268435648
R 268436288
R 268436032
R 268435456
R 268439040
R 268436608
R 268438016
R 268437568
R 268438336
R 268439232
R 268436480
R 268439296
W 268436736
R 268438208
R 268439296
R 268436288
R 268437248
R 268502656
R 268503232
R 268504000
W 268503552
W 268503616
W 268503296
R 268502400
R 268504064
R 268501248
R 268501888
R 268502272
W 268504704
R 268503808
R 268503040
R 268504640
R 268502848
R 268502976
W 268501376
R 268501312
R 268503616
W 268503040
W 268501184
R 268501760
R 268503872
W 268504512
W 268501376
W 268504832
R 268503360
R 268502464
R 268503040
R 268502656
R 268504384
R 268502336
R 268502016
R 268503680
R 268503040
W 268501248
R 268504576
R 268503104
R 268504128
R 268500992
R 268501760
R 268501696
R 268501760
R 268501632
W 268503808
R 268503424
R 268502976
R 268502848
R 268502080
R 268502912
R 268504192
W 268503552
W 268502848
R 268502976
W 268504384
R 268501440
R 268504704
R 268504576
R 268504832
R 268503744
R 268502464
R 268501312
W 268501632
W 268502080
W 268503744
R 268504896
W 268503168
R 268503744
R 268537280
R 268536704
R 268536512
R 268536640
R 268537664
R 268536128
R 268534080
R 268534848
R 268536256
R 268537728
R 268536512
W 268534720
R 268537408
W 268537216
R 268536704
R 268535680
R 268534592
W 268535360
R 268535808
W 268535360
R 268534656
W 268534656
R 268537152
W 268536640
R 268533952
R 268533888
R 268534400
R 268537472
R 268534208
R 268534848
R 268534080
W 268533952
R 268537728
W 268534848
R 268536768
R 268534464
W 268535360
