R 400002944
W 400002304
R 400002944
W 400003456
R 400000384
W 400000128
R 400002304
W 400004224
W 400007040
R 400004096
R 400003712
R 400006912
R 400007040
R 400001920
R 400004224
R 400002176
R 400007168
R 400004736
R 400005760
R 400007424
R 400004480
R 400002048
R 400003840
W 400003072
R 200007040
R 200007552
W 200006912
R 200000640
W 200008064
R 200007168
W 200002560
W 200004096
R 200005632
R 200006016
W 200002176
W 200003840
W 200003456
R 200000640
R 200000512
R 200005504
R 200003072
R 100002688
W 100000512
R 100005504
R 100000000
R 100004992
W 100004864
W 100001152
W 100005888
R 100000512
R 100005376
R 100007680
R 100003328
R 100000512
W 100002560
R 100004224
R 100003456
R 100003840
R 100003968
R 100006912
R 100005632
R 100005120
R 100001408
R 0
R 4992
W 7808
R 6272
R 4736
R 2176
R 768
R 2560
R 4864
R 4736
R 2048
R 7936
R 7040
R 4736
R 768
W 2048
W 3968
R 2432
R 6016
W 4224
R 3456
R 3840
R 3840
R 7168
R 6400
R 768
W 2176
R 6016
R 4864
R 4864
R 6016
R 384
R 128
W 4352
R 500006912
W 500004736
R 500000640
R 500004992
R 500006272
R 500004352
R 500002432
R 500000000
R 500004224
W 500003584
W 500003968
R 500006016
R 500007808
R 500002432
R 500007552
W 500006144
R 500003072
R 500000512
R 500002816
R 500000000
R 500004992
R 500008064
R 500000896
R 500006912
W 500000256
R 500002304
R 500002432
W 500006912
R 500004096
R 500000256
R 500003968
R 500000128
R 500005504
R 500000768
R 500006912
R 500000128
W 500002304
W 500005760
W 500005632
R 500004608
R 400002176
R 400002816
R 400000896
R 400002304
W 400000384
R 400005760
W 400008064
R 400006656
R 400007168
R 400004480
W 400001920
R 400005248
W 400001152
R 400006784
W 400000384
R 400007296
R 400007808
R 400000896
R 400003456
W 400005248
R 400003328
R 400004736
W 400001408
W 400002048
R 400006272
R 400005120
R 400000256
R 400002944
R 400003712
R 400002816
W 400006656
W 400007936
R 400002432
R 400005632
R 400002816
R 400006912
R 400004864
W 400006784
W 400004480
R 400003456
R 400001280
W 400001920
R 400004096
R 400003584
R 400001536
R 400007168
W 400000640
R 400006784
R 400007808
W 400005376
R 400001920
R 400007936
W 400001536
R 400004352
W 400006784
R 400000000
R 400002176
R 400002432
R 400007040
R 400005888
W 400005632
R 400001664
R 400002560
W 400006912
W 400007040
R 400007936
W 400003328
W 400006144
W 400006400
W 400005504
R 400006528
R 400003968
W 400000768
R 400007168
W 400007296
R 400000640
R 400003072
R 600008064
R 600006912
R 600005632
R 600007424
R 600002560
R 600003328
R 600006400
R 600006528
R 600003072
R 600006912
R 600000512
R 600007296
R 600006400
W 600002048
R 600007424
R 600007936
R 700000128
R 700007936
W 700003840
R 700000384
R 700003328
R 700000512
R 700000640
R 700008064
R 700002432
R 700000256
R 700001024
W 700007680
R 700008064
R 700003968
R 700001792
R 700001024
R 700002816
R 384
W 3328
R 7296
R 5376
W 2816
R 3840
R 1152
R 6912
R 2688
R 6656
R 4992
R 0
R 7168
R 2944
W 7552
R 4480
R 0
R 2048
W 3840
R 256
R 4352
W 512
R 7168
R 1152
R 5888
W 2816
W 7936
R 7552
R 0
W 256
R 5504
R 5632
W 6656
R 1280
R 5504
R 2432
R 4736
W 4608
R 600008064
R 600006272
R 600001152
R 600003200
R 600000768
R 600001152
R 600004992
R 600001920
R 600005248
R 600007680
R 600002688
W 600000512
R 600007040
R 600006912
R 600006912
R 600002432
W 600005888
R 600006272
R 600007808
R 600001536
R 600002688
W 300005760
W 300006528
R 300004608
W 300003072
W 300004224
R 300001024
R 300003840
W 300006784
W 300007168
R 300005120
R 300001024
R 300004608
R 300007040
R 300003968
R 300003328
R 300003456
W 300001408
R 300005632
R 300003072
R 300005120
W 300005248
R 300007552
R 300006272
R 300005888
W 200004736
R 200006144
R 200001024
R 200001024
R 200000128
R 200005760
W 200006784
W 200006272
R 200001664
W 200006400
R 200001664
R 200003328
R 200006400
R 200003328
W 200001152
R 200007296
R 200000000
W 200003072
W 200008064
R 200002944
W 200004608
W 200004224
R 200000640
W 100002304
W 100004224
R 100005888
R 100001408
R 100006144
W 100005632
R 100001536
W 100004224
W 100003840
R 100000128
R 100006784
R 100003328
W 100002944
R 100005376
R 100007040
R 100001920
W 100006528
R 100000768
R 100004736
R 100004992
R 100001792
R 100001152
W 100004736
R 100007168
W 100008064
R 100003200
R 100007552
W 100006784
R 100004352
W 100005248
R 100000512
W 100003328
R 100004736
R 100003328
W 100000768
R 100006656
W 100000128
R 100005376
R 100004992
R 600000768
R 600003840
R 600003328
R 600007168
R 600007552
R 600003328
W 600001664
W 600002944
R 600002048
R 600004864
W 600007296
R 600007168
R 600006272
W 600000512
R 600007936
R 600007808
R 600002304
R 5504
R 384
R 2560
R 6272
R 3328
R 3584
R 1152
R 640
W 3200
W 7552
R 7680
R 640
R 1152
R 7680
R 5632
W 384
R 2048
R 4736
R 6272
R 6784
R 6528
R 1024
R 7552
R 6912
R 2304
W 2304
W 5504
W 7296
R 5888
R 128
R 6784
R 6272
W 512
W 6656
W 5248
R 1792
R 700002816
R 700006656
W 700004224
R 700003456
R 700000000
R 700003584
W 700003840
R 700004480
R 700004736
R 700007936
W 700006656
R 700004352
R 700005760
R 700007296
W 700005120
W 700005376
R 700003712
R 700003072
R 700002816
R 700005504
W 700000512
W 700006400
R 700006400
R 700007936
R 700001536
W 700008064
R 700001536
R 700000640
R 700007424
R 700006912
R 700001920
R 700003456
W 700000640
R 700004992
W 700001920
R 700004352
W 700002048
R 600002048
R 600002816
R 600008064
R 600004224
R 600001792
R 600005888
R 600005376
R 600001792
R 600003328
R 600000128
R 600001792
W 600000640
R 600007168
W 600001024
W 600001408
R 600006272
W 600003456
R 600005504
R 600000768
R 600003584
W 600000000
R 7296
R 1408
R 3328
R 7808
R 4864
W 2048
R 5632
R 1536
W 1664
R 1792
W 768
R 7936
R 256
R 768
R 7808
R 4864
R 4480
R 640
R 2432
W 500003712
R 500000256
R 500003200
W 500003328
R 500001792
W 500003328
R 500001280
R 500004480
R 500004864
R 500006144
R 500006144
R 500002176
R 500001152
R 500002560
R 500007808
R 500001920
R 500003456
R 500005888
W 500002688
R 500001792
W 500006272
R 500008064
R 500003840
R 500002816
R 500003584
W 500005376
R 500007424
R 500003712
R 500002304
R 500004864
W 500001280
R 500002816
R 500004352
W 400004992
R 400007680
W 400002432
W 400005888
R 400007552
R 400006656
R 400005120
W 400006144
R 400001536
R 400007168
R 400007168
R 400000000
R 400000128
R 400001024
W 400002560
R 400002432
R 400001280
R 400000768
R 400007296
R 400005888
W 400000384
R 400006400
R 400002688
R 400006272
R 400001792
R 400002560
R 400007168
R 400006400
R 400002176
R 400007040
R 400001408
W 400004864
R 400003584
R 400000512
R 400004096
R 200006144
W 200002560
W 200006272
R 200006016
R 200000640
R 200007168
R 200001920
W 200000640
W 200004992
W 200006144
W 200000768
R 200005376
W 200001664
R 200004608
R 200007296
R 200006016
R 200004608
W 200005248
R 200002816
R 200000256
R 200003456
W 200002432
R 200007808
R 200002432
R 200005248
W 200002176
R 200003456
R 200001536
R 200007168
W 200000896
R 200006272
R 200004352
W 200007936
W 700004352
R 700001280
R 700001152
R 700003584
R 700006016
R 700001536
R 700001536
W 700003840
R 700002432
R 700005888
R 700001920
R 700007040
R 700003328
R 700002944
W 700001280
W 700005760
R 700003456
R 700005888
R 700002560
W 700002560
R 700007808
W 700002560
W 700002176
R 700004480
R 700000384
W 700006784
R 700004480
R 700006656
R 700003328
R 700001408
R 200007424
R 200002176
R 200003840
R 200004480
R 200003968
W 200000000
R 200002048
R 200002688
R 200000384
R 200001664
R 200000000
W 200004608
W 200006528
R 200004480
W 200007808
R 200000384
R 200006400
W 200005888
W 200004224
R 200007040
W 200000896
R 200005888
W 200005120
R 200006528
W 200006784
R 200000000
R 200007296
R 200002816
R 200005504
R 200004736
R 200007808
R 200007808
R 200003072
R 200000128
R 200007168
W 200000000
W 700001536
W 700003968
R 700002048
R 700001152
R 700002432
R 700005760
W 700006400
R 700002432
W 700004736
R 700002688
W 700000512
W 700005760
W 700007168
R 700005376
R 700001280
W 700004608
R 700004864
R 700006400
R 700003840
R 700006784
R 700007296
R 700004352
R 700006656
R 700002048
W 700008064
R 700001792
R 700007936
W 700001152
R 700007936
R 100004352
R 100003328
R 100006272
W 100004608
R 100003456
R 100004992
R 100000000
R 100006528
R 100004864
R 100004864
W 100005632
R 100000768
R 100004992
W 100004736
R 100001792
W 100003072
R 100000128
R 100006912
W 100003328
R 100000640
R 100003584
R 100002432
R 100006528
R 100007296
W 100005760
R 100002816
R 100007296
W 100004608
R 100006784
R 100006784
R 100001024
R 100001536
R 100005888
R 100001024
R 100005760
R 500003968
R 500003840
R 500002688
W 500002048
R 500005760
R 500000384
R 500005632
R 500001920
R 500007424
R 500004096
W 500002560
R 500006912
W 500005248
W 500002688
W 500002560
R 500007552
R 500006656
R 500005888
R 6144
R 7936
W 0
R 5376
R 2176
W 4352
W 5376
W 5760
R 2176
W 4608
W 768
R 3200
R 6272
R 1920
R 7168
W 4992
R 2432
R 896
W 2560
R 0
W 6528
R 1408
W 400002816
W 400002432
W 400001280
W 400004864
R 400001408
W 400005504
R 400002560
W 400005120
W 400002432
R 400007040
R 400001664
R 400004480
R 400004608
R 400007808
R 400004224
R 400003968
W 400004480
R 400002432
R 400003456
R 400007424
R 400000896
R 400007808
R 400000512
R 400007040
R 400006400
R 400002816
R 400006784
R 400007936
W 400004864
R 400006400
R 400000128
R 400007296
R 400007424
R 400002432
R 400007680
R 400002816
R 400001536
W 400003584
R 400003328
R 400006656
R 400002048
R 400002432
R 400006400
W 400006400
W 400001664
W 400007808
R 400003200
R 400004352
W 400005632
R 400000128
R 400008064
R 400004864
W 400008064
W 400002560
W 400002944
R 400006912
R 400004736
R 400002304
R 5248
R 8064
R 4736
R 256
W 4352
R 128
R 5248
W 3968
R 128
R 3584
R 1920
W 7168
R 256
W 6272
R 1280
R 1536
W 3456
R 2816
R 7680
R 4096
R 6400
R 1792
R 6016
R 1152
W 2048
R 200004736
R 200006272
R 200003072
R 200004480
R 200003328
R 200000768
R 200005760
R 200003456
W 200002176
R 200007680
W 200003840
R 200002304
R 200001920
R 200004736
R 200004864
R 200003584
R 200004608
W 200005120
R 200007680
W 200003840
W 200003200
W 200005248
R 200000768
R 200000896
R 200006144
R 200002176
R 200000128
W 200004352
R 200001024
W 200000768
R 200001280
R 200006912
R 200003968
W 200004736
W 200003840
R 200007424
R 200005120
R 200005504
W 200000896
R 200001536
R 600006400
R 600002176
R 600001792
R 600007936
R 600000512
R 600007424
W 600003328
W 600000000
R 600005760
R 600005376
W 600006656
R 600002688
R 600006400
W 600007296
W 600005120
R 600000768
R 500008064
R 500004096
R 500006272
R 500001792
R 500005376
R 500000256
W 500003328
W 500004224
W 500000896
R 500004736
R 500002688
R 500001920
W 500004480
R 500006784
R 500000384
R 500004864
R 500005888
W 500000640
R 500000640
R 500000256
R 500001536
W 500003584
W 500002688
R 500003328
R 500007680
R 500003584
R 500005888
R 500001920
R 500006016
R 200007168
R 200000896
R 200001152
R 200002432
W 200002560
R 200003712
R 200003328
R 200003456
R 200004352
R 200000768
R 200007936
W 200002688
R 200000128
R 200005504
R 200002176
R 200004736
R 200002176
R 200004480
R 200002688
R 200001792
W 200005632
R 200002688
W 200001536
R 200003712
R 200000128
R 200006656
R 200001792
R 200006656
R 200002304
R 200004736
R 200005120
R 200004736
W 200001920
R 200003968
W 200004608
R 200007680
R 700001024
R 700001152
R 700004352
R 700001664
R 700003328
R 700002432
R 700003456
R 700000512
W 700002816
R 700007936
W 700006784
W 700001664
R 700001152
W 700003840
R 700001664
W 700001280
R 700002560
W 700006400
R 700003456
W 700000768
W 500006912
W 500007168
W 500008064
R 500000768
W 500007680
W 500003456
W 500004224
W 500007936
R 500004480
R 500003584
W 500002816
W 500007808
R 500007936
R 500004608
R 500004224
R 500003840
R 500007040
R 500006784
W 500001280
R 500002304
W 500005888
R 500002560
W 500005248
R 500007936
R 500003072
R 500001920
R 500005888
R 500004608
R 500007296
R 500002688
W 500005120
W 2432
R 3200
R 2560
R 4224
W 4480
W 3840
R 2688
R 4608
R 1280
W 4480
W 2432
R 6016
R 7680
R 5120
R 2176
W 3456
W 4992
R 4224
R 3328
R 400000256
W 400005248
W 400006400
R 400003584
R 400001024
W 400005888
R 400007552
W 400002304
W 400000128
R 400003200
R 400007296
W 400001664
R 400001408
R 400002304
R 400005376
W 400004224
R 400006272
R 400007168
R 400001792
R 400001280
R 400002304
W 400004864
R 300001536
W 300006400
R 300000256
R 300004480
W 300003840
R 300003200
R 300002048
R 300004608
R 300006016
W 300000768
R 300001536
R 300003456
R 300000896
R 300006656
W 300004736
R 300004864
W 700008064
W 700003968
W 700006784
R 700001280
R 700003200
R 700006272
W 700007040
R 700006144
R 700007296
W 700000768
R 700000384
R 700002176
R 700003968
R 700002048
R 700001024
R 700000256
R 700006912
W 700001152
R 700003968
R 700007552
R 700002048
R 700001664
R 700008064
W 700000256
W 700007808
W 700006016
R 700004096
W 700006400
R 700000768
R 700006656
R 700002176
W 700006656
R 700005760
R 700002560
R 700000128
R 700005248
R 700002048
W 700003712
W 700001024
R 700007040
W 200007552
R 200004992
R 200004992
R 200002304
R 200006272
R 200000128
R 200004992
W 200004736
W 200000512
R 200005504
W 200005504
W 200006784
W 200002944
R 200002304
R 200002560
R 200001280
R 200007552
W 200002432
W 300004608
R 300007040
R 300001664
R 300000256
R 300002560
R 300002944
W 300007424
R 300000384
W 300000768
W 300001792
W 300006272
R 300000768
W 300007936
R 300002176
W 300002176
R 640
R 7296
R 7936
R 5376
R 256
R 3840
W 2432
R 7808
R 6272
R 6784
W 1280
R 640
R 1920
W 4224
W 2688
R 7168
R 1024
W 6912
R 5760
R 2944
R 300004736
R 300006144
R 300006656
W 300006400
W 300000256
R 300005888
R 300001152
R 300005760
W 300000128
W 300006016
W 300003072
W 300004480
R 300000128
R 300000896
W 300000000
R 300007296
R 300005760
R 300005888
R 300007808
R 300002816
R 300002176
R 300003456
R 300000640
W 300007424
R 300002944
R 300002304
R 300001280
R 300007680
W 300002432
R 300003968
W 500004864
R 500002944
R 500004992
R 500007808
R 500003456
W 500003200
R 500005504
R 500006400
R 500007168
R 500000384
W 500005248
R 500003456
W 500003200
W 500007936
R 500005376
R 500001920
R 500002304
W 500000768
W 500002176
W 500005376
R 500006144
W 500003200
R 500007552
R 500007424
R 500000640
R 500007168
R 500004864
R 500000512
R 500006400
R 500003840
R 500000768
R 500007680
R 500001280
R 500004096
R 500007680
W 500002560
R 300002688
R 300006784
R 300001152
R 300004096
R 300002176
W 300000128
R 300004096
W 300000128
R 300006784
R 300002304
R 300004352
W 300001536
R 300001280
W 300005376
R 300004864
R 300001152
W 300007168
R 200007040
W 200001664
R 200005632
W 200006016
W 200000896
R 200004224
R 200006016
W 200007296
W 200007808
R 200007808
W 200001024
R 200002304
W 200004736
W 200007552
R 200007680
W 200002560
R 200003584
R 200000640
R 200005760
R 200008064
R 200004480
R 200002560
R 200002688
R 200006656
W 200005760
R 200004608
R 300002560
R 300001664
R 300000768
R 300000768
R 300004224
R 300007552
R 300002816
R 300002176
W 300000512
W 300000384
R 300000640
R 300002304
W 300004736
R 300004352
R 300000128
R 300007424
W 300003712
R 300002688
R 300000640
R 300007296
W 300006272
R 300007296
R 300006656
R 300000896
R 300000640
R 300003456
R 300007040
R 300002944
R 300002560
R 300000384
W 300008064
R 300003584
W 300003584
R 300003072
R 3072
R 3072
R 768
R 6144
R 3456
R 4224
W 7808
R 5376
R 896
R 5248
W 7808
R 5248
R 2048
R 7808
W 5120
R 5248
R 3968
R 3968
R 4608
R 768
R 640
W 5120
R 8064
R 3200
W 1280
R 6016
R 4480
R 6144
R 6528
R 5376
R 300002176
W 300004608
R 300002688
R 300006400
W 300000384
W 300003584
W 300000384
R 300001280
W 300000384
R 300005504
R 300005888
R 300001024
W 300002944
R 300000512
R 300001792
W 300000640
W 300005504
W 300003840
W 300005632
W 300008064
R 300000896
R 300003712
R 300002304
W 300003712
R 300001664
W 300007424
R 300003328
R 300004352
R 300003072
R 300002304
W 300005120
W 300003968
R 300006656
R 300005760
W 300006016
R 300001792
R 300000384
W 300002176
R 200004096
W 200006272
R 200007680
R 200001408
R 200000000
W 200001792
W 200004096
W 200000896
R 200003584
R 200003712
R 200002304
R 200002048
W 200008064
W 200006272
W 200002176
W 200000768
R 200006400
R 200004864
R 200002304
R 200003072
W 200007168
R 200005248
R 200003840
W 200007424
R 200003200
R 500003840
R 500001792
W 500001536
W 500006144
W 500002432
W 500006400
R 500004480
R 500003072
R 500000896
R 500002432
R 500001664
R 500005120
R 500007040
W 500003200
R 500008064
R 500005888
W 500007040
R 500001280
R 500001152
W 500003456
W 500001792
W 500003200
R 500004992
R 500000128
W 500006784
R 500006784
R 500001664
R 500004736
R 500006784
R 500007680
R 500002816
R 500002688
R 200003968
W 200002048
W 200005888
R 200004096
R 200003200
R 200004096
R 200001536
R 200006016
R 200005888
R 200002048
R 200001152
R 200004480
R 200007808
R 200006784
R 200006400
W 200005120
R 200002176
R 200003968
W 200006144
W 200001536
W 200003712
W 200002560
W 200007552
R 200004864
W 200006016
R 1024
W 6784
W 3456
R 5888
W 5376
R 1792
R 3456
R 3840
R 3712
W 6272
R 5248
R 4352
R 8064
R 3584
R 7040
W 1920
R 768
R 512
W 1536
W 0
R 1280
R 7168
R 128
R 5504
R 256
W 7808
W 4224
W 2816
R 3328
R 1536
R 400006912
R 400004864
R 400004864
R 400007040
W 400001792
R 400002432
W 400006528
R 400003840
R 400004864
W 400007296
R 400007808
R 400001408
R 400007168
W 400001024
R 400006528
W 400002432
R 400001152
R 400000768
R 400006016
R 400001920
R 400000128
R 400005376
W 400003328
R 400000896
W 400006272
R 400004352
R 400002944
R 400005120
R 400002560
R 400002176
W 400004992
R 400005376
R 400007424
W 200005376
R 200007552
R 200002816
W 200004480
R 200007552
W 200005632
R 200000256
R 200001280
R 200003072
W 200004096
R 200001408
R 200006272
W 200005376
R 200000128
R 200005888
R 200002048
R 200004096
W 200000000
R 200003712
W 3968
W 1152
W 6016
R 5376
W 3328
W 3072
R 1408
W 7296
W 6016
R 3712
W 1920
W 6912
R 6784
R 1024
R 3840
W 6656
R 2432
R 2944
R 2560
R 6784
R 6912
R 5248
W 3584
R 1408
R 2048
R 1280
W 1152
W 2432
R 1024
R 1536
R 384
W 7168
R 3584
R 4096
R 4992
R 3456
R 500001536
R 500007296
R 500005888
R 500001536
R 500006016
R 500000384
R 500000256
R 500001280
W 500003456
R 500002816
R 500004864
W 500007296
R 500002944
R 500001152
R 500000512
R 500004864
W 500003584
R 500007296
R 500007680
W 500003072
R 500003584
R 500007168
R 500001792
R 700003584
R 700004736
R 700004864
W 700006912
R 700005760
W 700006528
R 700000640
R 700001280
R 700000384
R 700006656
R 700001152
R 700001280
R 700005760
R 700000768
W 700003328
R 700004352
W 700005760
R 600003328
W 600005888
R 600004864
R 600000256
R 600005760
R 600000384
W 600006656
W 600001664
W 600004096
R 600001536
R 600007040
R 600000896
R 600006656
W 600001536
R 600004096
R 600003712
R 600002176
W 600001024
R 600002560
R 600006016
W 600001664
W 600006528
W 600002816
W 600008064
R 500006016
R 500003200
R 500002688
R 500002304
R 500007680
R 500000000
R 500006912
R 500006784
R 500002560
R 500000512
R 500001792
R 500006528
R 500001920
W 500002816
W 500000768
W 500001408
R 500001408
W 500001664
R 500005248
W 500007424
W 500006528
W 500007936
W 500000000
R 500003840
R 500002688
R 500003712
W 500000000
R 500001792
W 500007424
R 500000512
R 500005504
R 500004352
R 7552
R 4224
W 2432
R 2944
R 6144
W 7808
R 4864
R 6656
W 3328
R 512
R 0
R 4096
R 6784
W 896
W 896
R 1920
R 896
R 768
R 7296
R 1408
R 6144
W 1408
R 5376
R 7296
R 768
R 500000256
R 500005504
R 500000512
R 500005632
R 500003968
R 500007168
R 500005504
R 500007168
R 500004736
W 500004096
R 500006912
R 500005248
R 500003456
R 500007552
R 500008064
R 500003328
R 500004096
R 500006272
W 500008064
R 500000640
W 400002048
W 400002048
W 400004224
R 400005760
W 400006912
R 400001408
W 400001792
R 400005888
R 400000256
W 400001280
R 400007168
W 400004096
R 400006912
W 400000256
R 400005248
R 400002688
R 400003072
W 400006272
W 400002432
R 400003456
W 400007040
W 400000640
W 400006528
R 400003584
R 400007296
R 400000512
R 400006528
W 400006144
R 400006144
W 400006016
W 400001280
R 400003584
W 400001152
W 400001792
R 400000384
R 400003584
W 400003200
R 400002944
R 400005504
R 400000768
W 300002944
R 300000640
R 300004352
R 300002944
R 300001152
R 300005632
R 300004096
R 300004864
R 300001280
R 300001408
R 300001536
R 300001024
W 300004736
R 300005632
R 300007552
W 300003584
R 300006272
W 300004480
R 300006784
R 300006528
R 300005760
R 300006144
W 300007808
R 300007808
R 300001152
W 300005632
R 300006400
W 300000512
W 300004736
R 300005248
R 300005504
R 300007680
W 300000000
R 300007296
R 300003840
W 300006144
R 5376
R 6400
W 896
W 3072
R 1920
W 1024
R 5248
W 2304
R 3584
R 1152
R 6272
W 3200
W 1152
R 5888
R 4480
W 4096
R 4608
W 7936
R 640
R 256
R 6528
R 3456
R 6016
R 0
R 3200
R 6656
W 4096
W 200004992
R 200000640
W 200001536
R 200005888
R 200002688
R 200007936
W 200000256
R 200001024
W 200003968
R 200004736
W 200002048
R 200001536
W 200005888
W 200004736
R 200007936
R 200006400
R 200003584
W 200007168
R 200001408
R 200001664
R 200004736
R 200001024
R 200000000
R 200003456
R 200001920
R 200002304
R 200005248
W 200003584
W 200006784
R 200003840
W 200003840
R 200003200
R 200004096
W 200002816
R 200002432
R 200000640
R 400000640
R 400007936
R 400002176
W 400005888
W 400008064
R 400006912
W 400004608
W 400007296
W 400004096
W 400004736
W 400000768
W 400003584
R 400006912
W 400002816
R 400006144
W 400006528
W 400002432
R 400006528
R 400000256
W 300007552
W 300006016
R 300004864
R 300002432
R 300005888
R 300001280
R 300004352
R 300001280
R 300001664
R 300005632
R 300005888
R 300001536
W 300003200
R 300007040
W 300004864
R 300005120
R 300001664
R 300005888
R 300003712
R 300007040
R 300006272
R 300002688
W 300003328
W 300000512
R 300004352
W 300001536
R 300005248
R 300001792
W 300003584
R 300004096
R 300007296
R 300006912
R 300000896
W 300002176
R 300004736
W 300006656
R 300001408
W 300002048
W 300003200
W 300007680
W 300003840
R 300004992
W 300004480
R 300002304
R 300008064
R 300000512
W 300004608
R 300000384
R 300004480
R 300003712
R 300004608
R 300007552
W 300003328
R 300004480
W 300005632
R 300002048
R 300002688
R 300001920
R 300005760
R 300005888
R 300005504
R 300007808
W 300004864
R 300005760
W 300005760
R 300006400
W 300001152
W 300003968
R 300003328
R 300000256
R 300005248
W 400007808
R 400001024
R 400005760
R 400007680
R 400003456
R 400001408
W 400005120
R 400002176
W 400000384
W 400003200
R 400002816
W 400001920
R 400002944
W 400000384
W 400000768
R 400000640
R 400003328
R 400002816
R 400004352
R 400004992
R 400000640
R 400004224
R 400002944
W 400005760
R 400005120
W 400006400
R 400005376
R 400004992
W 400004736
R 400008064
R 400000128
R 400007680
W 400003840
W 400002560
W 400002304
R 400004352
R 400003712
W 400002688
W 400006656
R 400001664
W 400005760
R 400000384
R 400006528
W 400008064
R 400000768
W 400007680
W 400003072
R 400000256
W 400004864
W 400007552
W 400005248
R 400003200
R 400001792
R 400001280
R 400004864
R 400000768
R 400006400
R 400004096
R 400002432
W 400001280
R 400002944
R 400004608
R 400000384
R 400000640
R 400001024
W 400006656
W 400006784
R 400004096
R 400007936
R 400000512
W 400000000
R 400001408
R 400004736
R 400003712
R 400000768
R 400003200
R 400004480
R 400001152
R 400007424
R 400001664
W 400004864
R 400000896
W 400005504
R 400000000
W 400001792
W 400001024
R 400000896
R 896
W 5504
R 3200
R 5632
R 5504
R 3328
W 2560
W 640
R 6400
R 7296
R 3328
R 128
R 6528
W 2944
R 4352
W 7936
R 4224
R 896
R 3968
R 3712
R 4736
R 0
W 0
W 256
R 4096
R 600004096
W 600000640
W 600001280
R 600000768
W 600000384
R 600003200
R 600000640
R 600007936
R 600006144
R 600006528
R 600000640
R 600004224
R 600008064
R 600001152
W 600001280
R 600003456
R 600003072
R 600004608
R 600007680
R 600003328
R 600003200
R 600004864
R 600006144
R 600006272
R 600001664
R 600007808
W 600007168
R 300006912
R 300000768
R 300003840
W 300000000
R 300003072
R 300006272
W 300004352
R 300007936
R 300007808
R 300002560
R 300005376
R 300003200
W 300000512
R 300005120
R 300000384
R 300006016
W 300000128
R 300002688
R 300001792
R 300007552
R 300001792
R 300001280
W 200005888
W 200004992
R 200007936
W 200001792
R 200004608
R 200003840
R 200004992
W 200001408
R 200007040
R 200000512
R 200003840
R 200001280
R 200007424
R 200003968
R 200002304
R 200004736
W 200006400
R 200003456
R 200007424
R 200006400
R 200004224
R 200000768
W 300001408
R 300008064
W 300001920
R 300000768
R 300001792
R 300006528
R 300004608
R 300005760
R 300005760
R 300003840
R 300007040
W 300000640
W 300004736
W 300001152
R 300005120
R 300005760
W 300002176
R 300000768
R 300007424
R 300006016
R 300004736
R 200006400
R 200001920
R 200004992
R 200007040
R 200003712
W 200002048
R 200000000
W 200007168
W 200001024
R 200004224
W 200006528
R 200001792
R 200001408
R 200000768
R 200007552
R 200002816
W 200000768
W 200003456
W 200000896
R 200001792
W 4992
W 7040
R 2048
R 6912
R 7808
R 3200
R 7168
R 5632
R 3072
R 7936
W 384
R 6784
R 2048
W 8064
R 3840
W 2816
R 768
R 1536
R 1920
W 5248
W 7424
W 3584
R 896
R 1792
W 128
R 4096
R 768
W 1152
W 1536
R 4224
R 7680
R 5632
R 3328
W 6272
R 1920
W 4480
R 2304
R 300003584
W 300005120
R 300000640
W 300007808
R 300006400
W 300006528
R 300000128
R 300000768
R 300006784
R 300000000
R 300003584
R 300004864
W 300002560
R 300000640
W 300004608
W 300004224
R 300006912
R 300000256
R 300005632
R 300000128
R 300004480
R 300006400
R 300003072
R 300003072
R 300001152
R 300001408
R 300002688
R 300004992
R 300006912
R 300006528
W 300005248
R 300001408
R 300006528
R 300001664
R 300003840
R 300004480
W 300006912
R 300000768
R 300000768
R 300002688
R 500004480
W 500004608
W 500003968
R 500002176
R 500000896
R 500007424
R 500001280
R 500003328
R 500004096
R 500006400
R 500002304
R 500007424
W 500000768
R 500007680
R 500002560
R 500001280
R 500006784
R 500005504
W 500007680
W 500006144
W 500007296
R 300006016
W 300000640
W 300001920
W 300002432
W 300000000
W 300000896
W 300002432
R 300007168
R 300006912
R 300001664
R 300001024
R 300004480
W 300005632
R 300002048
R 300006912
R 300003456
R 300007680
W 300008064
W 300001152
R 300006528
W 300003584
R 300003840
R 300000256
R 300002176
R 300001408
R 300000640
R 300001792
R 300000384
W 300003584
W 300003072
R 300004864
W 300001280
W 300004352
R 300003072
W 300004992
R 300000128
R 300007296
W 300004352
R 300004992
R 600001664
R 600006528
R 600001408
W 600005888
R 600001408
W 600005504
R 600005632
R 600001408
R 600006912
R 600002432
W 600000128
R 600000128
W 600002560
W 600001792
R 600004480
W 600007168
R 600005888
R 600008064
W 600002048
R 600005632
W 600004608
R 600004736
R 600004096
R 600006656
R 5376
W 2944
R 2432
R 1024
W 8064
R 256
R 3072
R 1536
R 6784
R 512
R 6528
R 384
R 4224
W 3072
R 4736
W 5248
R 4480
R 6528
W 8064
R 4992
R 1664
R 700003328
R 700003328
R 700005376
R 700005760
R 700001408
R 700004864
W 700002432
R 700006528
R 700006016
R 700003840
W 700000000
R 700003584
R 700003712
R 700004864
R 700001920
W 700002048
R 700006912
W 700007680
R 700004608
R 700002688
R 700007168
R 700000896
R 700004736
R 700004992
R 2688
R 3968
R 2944
R 2432
W 384
W 2048
R 1280
R 384
R 7808
W 640
W 2432
W 256
R 5888
W 1920
W 4736
W 7552
R 6656
R 640
R 5632
R 6784
R 2944
R 5760
W 2816
R 2176
R 1408
R 0
R 896
R 3968
R 6272
R 500000128
W 500006144
W 500005888
R 500002176
W 500004736
R 500000000
W 500005760
R 500001152
R 500005248
W 500007936
R 500000128
R 500004096
R 500002304
R 500006912
W 500006400
R 500007424
R 500006912
W 500001920
R 600005760
R 600004736
R 600000000
W 600001408
R 600007808
R 600004992
W 600000128
R 600008064
R 600006656
R 600003328
W 600000000
R 600007424
R 600004480
R 600007936
R 600004992
R 600004352
R 600002432
R 600003840
R 600000768
R 600000768
R 600000640
W 600000896
R 600004992
W 600001152
R 600005504
W 600005248
W 600002688
R 600003456
R 300000512
R 300001536
W 300004224
R 300007424
W 300000256
R 300007680
R 300004992
R 300006656
R 300002688
W 300001280
R 300004992
R 300007040
W 300002816
W 300001280
R 300007552
R 300004864
W 300007808
W 300006144
R 300005760
R 300004864
R 300003968
R 300005632
R 300003200
W 1792
R 4992
R 6144
R 4736
R 2816
R 2816
R 4608
W 1152
R 3200
W 1024
R 2048
R 4096
R 7424
W 3328
R 1280
R 5888
W 6400
R 5120
R 7040
W 3456
W 4608
W 3328
R 7040
R 5248
W 2432
R 1280
W 7936
R 1920
R 6400
R 384
R 2560
R 6144
R 2688
R 200006016
R 200001408
W 200003712
R 200001792
R 200005504
R 200005248
W 200006784
W 200002688
W 200003584
R 200003328
R 200005376
R 200002176
R 200006528
W 200004096
R 200007168
W 200005248
R 200000768
R 200006912
R 200007936
W 200005376
R 200006400
R 200000256
R 200003200
R 200003968
R 200002560
W 200007040
W 200004992
R 200008064
R 200001280
W 200002944
R 200007296
R 200007296
R 200002944
R 200006912
R 200006912
R 200001024
W 200008064
R 200000896
R 200001280
R 100006016
R 100006912
W 100002688
R 100007424
R 100000128
R 100000512
R 100002944
W 100006144
R 100002432
R 100006656
W 100003456
R 100001536
R 100006784
R 100007680
R 100000768
R 100003456
W 100003072
R 100007936
R 400002560
W 400000640
R 400005504
R 400000256
W 400007424
R 400000256
W 400000640
R 400003712
R 400002944
R 400004096
R 400005632
R 400001664
W 400004864
W 400000000
R 400005504
W 400001920
R 400002176
W 400003968
W 400003072
W 400001152
W 400005760
R 300005888
R 300003456
W 300005248
R 300004864
R 300005248
R 300004096
R 300002176
W 300001920
W 300004864
W 300007808
R 300001792
W 300000640
R 300004992
W 300003712
W 300002688
R 300001664
W 300000256
R 300008064
R 300001024
R 300007936
R 300006912
R 300001280
W 300000768
R 300002560
W 300004224
W 300006016
W 300001024
R 300006400
R 300000896
W 100004608
W 100004224
R 100000640
W 100007936
R 100000896
R 100005632
W 100005760
R 100002944
R 100003968
R 100003584
R 100003712
R 100006016
R 100000512
R 100006272
R 100005376
R 100000000
W 100002944
W 100007936
R 100006912
R 100005504
R 100006528
R 100007168
W 100000896
R 100007808
R 100007936
R 100004736
R 100000000
R 100000384
R 100001792
R 100001664
W 100000512
W 100001664
R 100007168
R 100002304
R 100007552
R 100001536
R 100000000
W 100004096
W 100002304
W 100004864
R 100004096
R 100001408
R 100002304
R 100001024
R 100006400
R 100004608
W 100003840
R 100004224
R 100003712
R 100004352
R 100004736
R 100006272
R 100007424
R 100005760
W 100006528
R 100006144
R 100001792
R 100003840
R 100001664
R 100003968
R 100002560
R 100006016
R 100001408
W 100007040
W 100007168
R 100003968
W 100000384
R 100004224
R 100005760
W 100000256
R 100004736
R 100000768
W 100003840
R 100007936
R 100002176
R 100007168
R 100004352
R 100004096
W 100003072
R 100001152
R 100001408
R 100004480
R 100007040
R 100000000
W 100001152
R 100006400
R 100003840
R 100007680
R 100006272
W 100005760
R 100005888
W 100003712
W 100006656
W 100000768
R 100007936
R 100000640
R 100004352
R 600006912
R 600008064
R 600005888
R 600006016
R 600000768
W 600001792
R 600002176
R 600005632
W 600003456
R 600005120
R 600006912
R 600006784
R 600006016
W 600002432
R 600004736
R 600007168
R 600001664
W 600000128
R 600001024
W 600007936
R 600006656
R 600003456
W 600003200
R 600008064
R 600005504
R 600003328
W 600002176
R 600002560
W 600006144
R 600003328
W 600002816
R 600001408
W 600006528
R 600006656
W 600000256
R 700003840
W 700004608
R 700007936
R 700001920
R 700003840
R 700005760
R 700006656
R 700000768
R 700000640
R 700002944
W 700006912
R 700006784
R 700005632
R 700000512
W 700005632
R 700006016
R 700007808
R 700002944
R 700007808
R 700003328
W 700002944
R 700007424
W 700001280
R 700004864
W 700002688
W 700002048
R 700007424
W 700006784
W 700006144
W 700006400
W 700004608
R 700007424
R 700007936
W 700006144
W 700003200
W 700006144
W 700002048
W 700005504
W 700004736
W 700005120
R 700002560
R 700002688
R 700004736
W 700007808
R 700000256
R 700000768
W 700000256
R 700007168
R 700002560
R 700000128
R 700004608
R 700007040
W 700002304
R 700007296
R 700001280
W 700005504
R 700003968
R 700005760
R 400000640
W 400005376
R 400003456
W 400007808
R 400004352
R 400004864
R 400006784
R 400007680
W 400002944
R 400003072
W 400006912
R 400000768
R 400004608
R 400004608
W 400005376
R 400000128
R 400005120
R 400004096
R 400003456
R 400005120
R 400002944
R 400006272
R 400003072
R 400006656
W 400001152
W 400003584
R 400002816
R 400002048
R 400002304
W 400002944
R 400003072
R 400005504
R 400002048
R 400008064
W 400004352
R 400005248
R 400005248
R 400000640
W 400001536
W 400000512
W 400004608
R 400003456
R 400002944
R 400003584
W 400006272
R 400003328
R 400001024
R 400007168
W 400003840
W 400001536
R 400005760
R 400003200
R 400005888
R 400007936
R 400006912
R 400002304
R 400005504
W 400004224
R 400001792
R 400004096
R 400004480
W 400004352
W 400000896
R 400001408
R 400001664
R 400006144
R 400006272
W 400003328
R 400003328
R 400001408
W 400001024
W 400000768
R 400002048
R 400001152
R 400003200
R 100001536
R 100001280
R 100006400
R 100006656
R 100000512
R 100002432
R 100002944
R 100001664
R 100002944
W 100004992
R 100002176
R 100002944
R 100003968
W 100002176
R 100001792
R 100004352
W 100003072
R 100005632
R 100005504
R 100007808
W 100004096
W 500000896
W 500006272
R 500006016
R 500006400
R 500001664
W 500001664
R 500003712
R 500005888
W 500001920
R 500003072
R 500002560
W 500006016
R 500006912
R 500007040
W 500002944
W 500001280
R 500006912
R 500001920
R 500000256
R 500000256
R 500003712
R 500007552
W 500001280
R 500002816
W 500002944
R 500003328
R 500002560
R 500005248
R 700001536
W 700004992
R 700005120
R 700006400
R 700007424
R 700006272
R 700001536
R 700005120
R 700002048
R 700007680
W 700001408
R 700000128
R 700005504
R 700006144
W 700004352
R 700004864
W 700001664
R 700002816
R 700006784
W 700003200
R 700004096
R 700007808
R 700002432
W 700006144
W 700001920
W 700004224
R 700000384
R 700005504
W 700006016
R 700000128
R 700000896
W 700000896
W 300003968
R 300000128
R 300004992
R 300003456
W 300003072
R 300003456
W 300007296
W 300001664
R 300001664
R 300002560
R 300007936
R 300002048
R 300004480
W 300004736
W 300002048
R 300006144
R 300006144
R 400006528
W 400004096
R 400002048
R 400002176
R 400003712
R 400004736
R 400005504
R 400006784
W 400003456
R 400002432
R 400003712
W 400006784
W 400000512
R 400005120
W 400006144
R 400007936
R 400005504
W 400006016
R 400005120
R 400005888
R 400001920
R 400004992
R 400000128
W 400000512
R 400006016
W 400004864
W 400005760
R 400001280
R 400000128
W 400000896
W 400006400
R 200001024
R 200005120
R 200005760
R 200005760
R 200006400
R 200005120
R 200006272
R 200000256
R 200003712
R 200002560
R 200004480
W 200006144
W 200006784
W 200000896
R 200002304
W 200002432
W 200001920
R 200002176
R 200007680
R 200003200
W 200000000
R 200000896
R 200001152
R 200002688
R 200000512
R 200004864
R 200000896
W 600000768
W 600005760
R 600001280
W 600005632
R 600001152
R 600003968
R 600001536
W 600007424
W 600002944
R 600000128
R 600003200
R 600001152
W 600000512
W 600000000
R 600001280
R 600003456
R 600003328
R 600000128
R 600001664
R 600004480
R 600000256
R 600002432
R 600004608
R 600000640
W 600003328
W 600003456
R 600006912
W 600007168
W 600007936
W 600004864
R 600006400
W 600001152
R 600001024
R 600007424
R 600007424
R 400007424
W 400004736
R 400005248
R 400006144
R 400002688
R 400003840
R 400004096
R 400002944
R 400000512
R 400007936
W 400000640
R 400002688
R 400003712
W 400003712
R 400002944
R 400002432
W 400006528
W 400006656
R 400005888
R 1536
R 1920
R 4608
W 5504
R 7168
R 1408
W 512
W 4480
R 5504
W 5760
R 5120
R 640
R 2688
R 6144
W 2944
R 1792
W 3328
R 6912
R 4480
R 7680
W 7040
R 4224
R 1664
R 6400
R 2304
R 3072
W 2944
R 4480
W 6912
W 6912
W 2176
R 7680
R 3584
R 0
R 3584
R 512
R 2048
R 5376
R 300005376
R 300004608
R 300002432
R 300002560
R 300002816
R 300005120
R 300003840
R 300000384
R 300000384
R 300002688
R 300003200
W 300000512
R 300000896
R 300003840
R 300004352
R 200004224
R 200002560
R 200000384
R 200003968
R 200001920
W 200006144
R 200004224
W 200000896
R 200001152
R 200002688
R 200006528
R 200006144
R 200006400
W 200006528
R 200002304
W 200002304
R 200000384
W 200003712
W 200001920
R 200001792
W 200007680
R 200007168
R 200006144
R 200001152
W 200007168
R 200006656
R 200001280
W 200008064
W 200004864
R 200004992
R 100007296
R 100002816
R 100000256
R 100001152
R 100000000
W 100001024
R 100002432
R 100007040
W 100004096
R 100002176
R 100004352
W 100007040
R 100001536
W 100002560
R 100003584
R 100000384
R 100005760
R 100000128
R 100004352
R 100005504
R 100006400
W 100007808
W 100004224
W 100006016
W 100000640
R 100004480
R 100004736
R 100007552
R 100006784
W 100003584
W 100006272
W 700005632
W 700007808
R 700006656
R 700006400
R 700002688
R 700000896
R 700002816
R 700004864
R 700004352
W 700007680
W 700003968
R 700004992
R 700007168
R 700000640
R 700006912
W 700007168
W 700002304
R 700003072
R 700007168
R 700002944
R 700007168
R 700004096
W 700006656
R 700000512
R 700003200
W 700003712
R 700000256
R 700000000
R 700007296
R 700005632
W 700006272
W 600002176
W 600000000
R 600002176
W 600007040
W 600003840
R 600003328
R 600000768
R 600005888
R 600007808
R 600002560
R 600001664
W 600002944
R 600004480
R 600003968
W 600005248
R 600003456
R 600003200
R 600007680
R 600002688
W 600007424
W 600000128
W 600000128
R 600005248
R 600001024
W 600002816
R 600007552
R 600004480
W 700001152
R 700002560
W 700004352
W 700002816
R 700004352
W 700007424
W 700005120
W 700002816
R 700000000
R 700005632
R 700007808
R 700004864
W 700002560
R 700004736
R 700007936
R 700007808
W 700001664
R 700001408
R 700005120
R 700003584
R 700004736
W 700001408
W 700000384
R 700000384
R 700004864
R 700006272
R 700002816
R 700000128
R 700005632
W 700002304
R 700005120
W 700003840
W 700005632
W 300005632
R 300002816
R 300006528
W 300004864
W 300004736
R 300002816
W 300003584
W 300005248
R 300006272
R 300005376
R 300005632
R 300004096
R 300007936
R 300001408
R 300001792
R 300003968
W 300005632
R 300003200
R 300004096
W 300001536
R 300008064
R 300005632
R 300005632
R 300007168
R 300004608
R 300002432
R 300001920
W 300005632
R 300001792
R 300003072
W 300006784
R 300001664
R 300006656
W 300005888
R 300005120
R 200005888
R 200006912
R 200006016
W 200002944
W 200003328
R 200001024
R 200004608
R 200007680
R 200006272
R 200003712
R 200001024
R 200007808
R 200004352
R 200005248
R 200000896
W 200001024
R 200001152
W 200004992
W 200000000
R 200001024
R 200002432
R 200002432
R 200000256
R 200007040
R 200000512
R 200006144
W 200005120
R 200003328
W 200007296
R 200007552
R 200003072
R 200005888
W 200000512
R 200005760
W 200004480
W 200008064
R 200004352
W 200000128
R 200004992
W 200006528
W 200003968
R 200005632
R 200004608
R 200004864
W 200001536
W 200000384
R 200004736
R 200006528
W 200006272
R 200006144
R 200000512
R 200004480
R 200005504
W 200001024
R 200002176
R 700001024
R 700001536
W 700001792
W 700003328
R 700005120
R 700001152
R 700002432
R 700007168
R 700003584
R 700003328
R 700007808
W 700004864
R 700007936
R 700001920
W 700006912
R 700004096
R 700005376
W 700007680
R 700003840
W 700005376
R 700002304
R 700005760
R 700003328
W 700007168
W 700001792
R 700006912
W 700004736
R 700000256
R 700005632
R 700005248
R 700003456
R 700003712
W 700004992
W 700002432
R 700002048
R 700006656
R 700003456
R 700006528
R 700002048
R 700000768
R 700002176
R 700003968
W 700001536
R 700000000
W 700005376
W 700004736
R 700005760
R 700007680
R 700001920
R 700001280
R 700001024
R 700000256
R 700007936
W 700004864
W 600005120
R 600006400
R 600002176
W 600004608
R 600003712
W 600007680
R 600004352
R 600004992
R 600001408
R 600007168
R 600000000
R 600007680
R 600004096
R 600007936
R 600007296
W 600000000
R 600001536
R 600000896
R 600005504
W 600002304
W 600002432
R 600006144
R 600001024
R 600002304
R 600001792
R 600004608
R 600002816
W 600000768
R 200004736
W 200003072
R 200000768
R 200003200
R 200007424
W 200007552
R 200007424
W 200002432
R 200007296
R 200006400
R 200007168
W 200007424
R 200008064
R 200007808
W 200007040
W 200008064
R 200000640
W 200001280
R 200005888
R 200007680
R 200003712
R 200005376
R 200006016
R 200005760
R 200005760
R 200000512
R 200006656
R 200002048
R 200006400
R 200003328
R 200006784
R 200000896
R 3456
R 2176
R 4992
R 3584
W 6144
W 4864
R 3712
W 3328
R 4352
R 8064
R 768
R 384
R 1408
W 7040
R 6016
R 5888
W 3968
R 256
R 6784
W 4992
R 1280
R 6144
R 3328
R 640
W 3584
W 0
R 4352
R 5888
W 7680
R 2816
R 768
W 7040
W 4096
W 7040
R 3840
W 7936
W 7936
R 1792
R 5760
R 6528
R 5248
R 2304
R 3584
R 1280
R 5888
R 128
R 5248
W 3200
R 200005888
R 200002432
W 200002560
R 200001408
R 200002432
R 200000640
W 200006784
R 200005120
R 200005376
R 200007040
R 200003584
R 200004864
W 200000896
R 200002816
R 200007808
R 200007936
R 200006272
R 200007808
W 200002944
W 200002816
R 200005504
R 200006400
R 500003328
W 500000384
R 500000384
R 500003968
W 500003712
W 500003584
R 500006272
W 500005120
W 500006656
R 500006272
W 500004608
R 500007936
R 500003840
R 500003968
R 500005760
W 500004608
R 500000384
R 500004992
R 500007040
R 500004992
R 500004224
R 500005760
R 500001152
R 500005888
W 500007168
R 500002304
R 500006400
R 500006400
R 300001280
R 300002432
R 300004608
R 300000000
R 300005248
W 300000000
W 300000896
R 300005504
R 300002304
R 300002944
W 300007808
W 300003456
W 300007168
W 300005376
R 300003840
R 300001152
R 300006272
R 300002560
R 300006144
R 300004736
R 300006400
W 300002432
W 300003328
R 300000384
R 300007168
R 300003328
R 300006272
R 300008064
W 300003968
R 300000256
R 300000768
R 300000768
R 300005760
R 300001792
R 300003200
R 700000512
R 700006656
W 700000896
R 700000384
R 700007296
R 700000128
R 700004864
R 700002048
R 700004608
R 700002816
R 700007680
R 700006912
R 700003968
R 700000000
W 700004608
R 700004608
R 700005632
R 700006528
R 700006400
W 700002688
R 700002048
W 600003072
W 600007040
R 600001664
W 600001792
R 600000384
R 600004096
R 600007424
W 600001792
R 600000256
R 600004864
R 600006528
R 600002304
W 600006784
R 600007936
R 600004608
W 600004608
W 600000768
W 600005120
R 600004096
R 600003584
R 600006016
R 600000896
R 600003712
R 600004736
R 600002560
R 600001920
R 600004096
R 600005120
R 600007296
R 600005632
R 600002432
R 600005760
W 600002304
R 600007936
R 600005120
R 600000512
R 600003456
W 600006912
R 600001664
W 600002560
R 600000128
R 600003584
R 600006528
R 600005504
R 600003840
R 600002560
W 600005376
R 600007296
R 600004864
W 600004096
R 600001664
R 600002048
R 600001024
R 600007680
R 700002688
R 700001664
R 700007040
W 700006784
R 700008064
W 700001152
R 700007424
W 700006784
R 700007680
R 700003840
W 700003200
R 700000512
R 700006912
R 700006784
R 700004096
W 700007808
R 700000512
W 700003200
R 700003840
R 700003456
W 700005760
W 700003456
R 700005376
R 700001152
R 700005248
R 700007936
R 700002304
W 700001920
R 700007808
W 700008064
W 700007424
R 700001280
R 700004352
R 700001152
R 700003072
R 200006016
R 200002304
R 200004352
R 200006528
R 200004736
R 200007424
R 200008064
R 200007424
R 200004736
R 200001280
R 200001024
R 200004352
W 200004096
R 200003456
R 200001024
R 200002048
R 200000128
R 200001664
R 200004352
R 200003072
R 200007936
R 200002688
R 200006912
R 200003584
R 200002688
R 200004736
W 200000768
R 200005248
R 600006016
R 600006400
R 600003584
R 600002688
R 600006912
W 600005120
R 600000512
W 600003584
R 600001536
R 600008064
W 600001536
W 600001920
R 600005760
R 600007168
R 600001792
W 600007296
R 600005632
R 600001152
W 600006528
R 600007424
R 600000768
W 600004992
R 600002560
W 600001792
R 300007296
R 300001280
R 300000512
R 300004992
W 300003584
R 300002560
R 300001536
R 300002944
R 300005120
R 300005248
W 300002560
R 300001280
R 300004352
R 300002176
W 300001152
R 300003584
R 300003840
R 300001536
R 300003712
R 300001024
W 300005760
W 300007040
W 300003712
R 300002560
R 300007808
R 300000512
R 300006912
W 300002432
R 300000512
W 300003584
W 300006272
W 300007040
R 300000640
R 300003456
W 300000384
W 300006912
R 300005376
W 300004224
W 400007552
R 400006656
R 400007680
R 400003712
R 400003328
R 400007552
W 400006784
R 400002432
W 400001792
R 400001664
W 400000000
R 400007936
R 400004864
R 400001024
R 400000896
R 400003072
R 400000128
R 400000384
W 400003840
W 400005504
W 400002304
W 400003200
R 400006016
R 400000768
R 400004736
W 100005888
R 100007808
R 100000768
R 100002560
R 100005632
W 100005888
R 100007808
R 100005248
W 100007424
R 100004608
R 100001408
R 100001792
R 100002432
R 100004480
R 100003456
R 100003584
R 100007936
R 100003584
W 100000000
W 100007168
R 100003968
R 100003584
R 100002944
R 100008064
W 100006656
R 100005888
W 100001536
R 100001280
R 100005632
R 100004992
W 100003712
W 100007808
R 100007680
R 100000896
W 100001920
R 100006272
R 100006144
R 100001280
W 100005248
W 100003584
R 100007040
R 100006912
R 100004352
W 100007424
R 100008064
W 100008064
W 100003968
R 100006656
R 100005120
W 100002688
R 100006400
R 100007680
R 100005888
R 100001664
W 100002688
R 100004480
R 100007168
R 100007808
R 100001152
R 100005376
W 100000640
R 100007040
R 100006656
R 100006912
R 100007040
R 100000640
W 100005632
R 100007040
R 100006912
R 100003712
R 100003200
R 100008064
R 100001792
R 100001536
R 100000768
R 100004608
R 100007552
W 100005504
W 100007296
R 100006912
W 100005248
R 100000640
W 100005120
R 100000384
R 100000768
R 100002688
R 100003456
R 100002048
W 100006912
R 100007808
R 100005120
W 100002688
R 100005888
R 100005120
R 100006400
W 100001664
R 100002944
R 100005248
W 200000256
R 200002176
R 200004096
W 200003840
W 200006912
R 200002432
R 200006912
R 200001664
R 200001536
W 200006400
R 200003200
R 200003840
R 200005376
R 200006272
R 200006272
R 200001024
W 200007040
W 200005248
R 200001152
R 200007040
R 200000128
R 200003968
R 200002304
R 200004608
R 200006144
R 200002560
R 200007040
R 200007424
R 200004864
R 200002688
W 700000384
R 700001152
R 700002304
W 700005248
R 700000384
R 700000512
R 700001920
W 700003200
W 700003840
W 700003072
R 700006656
R 700007424
W 700006272
R 700006784
R 700007424
R 700005120
R 700004864
R 700003200
R 700002560
W 700008064
W 700002560
R 700006400
W 700007168
R 700001536
W 700000256
R 700007040
W 700006784
R 400003712
W 400007808
R 400003712
W 400005760
R 400007040
R 400003968
R 400006272
R 400003456
R 400004736
W 400002432
R 400003840
W 400001280
R 400000512
W 400006016
W 400000000
R 400005760
R 400008064
R 400000384
R 400000000
R 400006016
R 400001408
W 400004736
R 400002944
W 400000000
W 400000512
R 400006272
R 400002432
R 400007168
R 400008064
R 400002432
R 400006272
W 400007296
W 400007296
R 400001408
R 400000256
R 400003840
W 400004480
W 300006272
W 300006656
R 300002048
R 300006144
W 300005376
W 300002176
R 300000256
R 300000512
W 300003840
R 300007424
R 300002816
W 300001280
W 300003840
R 300004096
W 300005248
R 700000000
R 700004096
R 700003840
R 700004608
R 700000640
R 700005760
R 700002176
R 700003456
R 700005120
R 700001024
R 700000640
W 700004992
R 700002560
R 700006144
R 700008064
W 700007040
R 700004864
W 700001792
R 700008064
R 700004864
R 700006144
W 700000384
R 700003712
W 700004096
R 700003968
W 6912
R 6400
R 5888
R 1536
W 3328
W 3456
R 256
R 8064
R 2432
R 6784
R 1152
W 3968
W 1024
R 3072
R 6528
W 6784
R 4480
W 6272
W 6784
R 200007552
R 200004224
R 200004096
W 200001536
R 200001408
R 200001408
R 200007040
R 200002560
R 200003584
R 200003584
R 200000640
W 200004224
R 200000640
R 200003328
R 200002944
R 200004352
R 200007680
W 200007808
R 200005504
R 200002816
R 500004864
R 500003712
R 500004864
R 500006784
R 500006272
R 500003584
R 500005888
R 500000128
R 500002304
R 500007424
R 500005504
W 500007808
R 500003584
W 500007296
R 500002048
R 500004480
R 500004096
R 500006400
R 500001920
W 500001152
R 500005376
W 500000512
R 500006272
R 500007296
W 500004224
R 500001920
W 500004096
R 500005120
R 500000000
R 500001536
W 500001664
W 500005376
W 500004736
R 500007808
R 500005632
R 500000000
R 500005248
R 500001408
W 500000896
W 500007808
R 500000896
R 500004736
R 500002944
W 500004480
W 500004480
R 500001280
W 500000128
R 500001280
R 300007296
R 300002816
R 300007296
W 300002944
R 300008064
R 300002944
R 300006272
W 300002560
R 300007424
R 300003456
R 300001664
W 300002048
W 300001792
R 300001024
W 300007680
W 300004224
R 300006400
R 300001920
W 300001664
R 300006272
R 300006528
W 300005376
R 300002816
R 300007680
R 300003456
R 300006528
R 600001536
R 600000000
W 600005760
W 600004480
R 600001408
W 600003584
R 600001664
R 600002944
W 600002816
W 600004096
R 600004352
R 600004736
W 600004608
W 600000256
R 600000128
R 600005632
R 600007424
W 600007552
W 600003072
R 600001024
R 600000512
W 600003712
R 600004480
R 600002432
R 600003456
R 600004352
W 600000256
R 600006400
W 600006784
W 600003584
R 600003328
R 600003200
W 600003584
W 600003712
W 600001152
R 600001536
W 600005888
R 600006656
R 600000512
R 600000512
R 600007808
R 600007424
W 600007424
R 600002560
R 600000384
R 600005376
R 600006144
R 600003200
R 600005248
W 600006912
R 600004608
W 600004480
W 600002304
R 600000512
R 600006272
R 600000768
W 600001024
R 600003968
W 600003584
R 300003584
R 300005504
R 300001280
W 300007424
R 300003456
R 300007552
W 300003328
R 300000512
W 300007680
R 300007808
R 300000000
R 300005120
R 300002432
R 300002304
R 300002304
R 300000512
W 300008064
R 300005760
R 300007296
R 300007424
W 300007424
W 6144
W 7680
R 4864
R 2432
R 7168
W 256
R 7424
W 3968
W 5376
R 2816
W 1280
R 2688
R 7296
R 5888
R 3840
R 7424
W 4096
R 7552
W 1792
W 3456
R 7552
R 3200
R 2304
W 2432
R 7680
R 7424
W 2816
W 7168
R 6400
R 3968
R 4608
R 3328
W 640
W 2432
W 7552
R 7296
R 3072
R 384
W 6144
W 7808
R 400000128
W 400000896
R 400007808
W 400001152
W 400002944
W 400003328
R 400004608
R 400007296
R 400007424
W 400000128
R 400005888
R 400004992
R 400003712
R 400002944
R 400000384
R 400007680
R 400002048
R 400000256
R 400000640
R 400001920
R 400000512
W 400001792
W 400002816
R 400004736
R 400007936
W 400001792
R 400006528
R 400003840
R 400007808
R 400006016
R 400003968
W 400007808
W 400006912
R 400007680
R 400003200
W 400002176
R 400005248
R 200003200
W 200002432
W 200001408
W 200007040
R 200001920
W 200005760
R 200003072
R 200004992
R 200005120
R 200000384
R 200001920
W 200000384
R 200002176
W 200007168
W 200004224
R 200000768
R 200007936
R 200007168
W 200008064
R 200003840
R 200003712
W 200001024
R 200003968
R 200006656
R 200001280
R 200006528
W 200000256
R 200006272
R 200007552
R 200003584
R 200007936
W 200006272
W 200000768
W 200004096
R 200003584
R 200008064
R 256
W 512
R 3456
R 6016
W 5376
R 4096
R 0
R 384
R 2816
R 7168
R 3712
W 6528
R 6656
W 0
R 1408
R 384
W 768
R 1792
R 3200
R 6400
W 1280
R 6144
R 6912
R 6528
R 512
R 2560
R 768
R 256
R 1152
R 3328
R 1664
W 4480
R 2688
R 896
W 6144
R 500003968
W 500005504
R 500007424
R 500007936
R 500004480
R 500002688
R 500004736
R 500003200
W 500003584
R 500004736
W 500002176
R 500001664
R 500004096
R 500007552
R 500007296
R 500001280
R 500000128
W 500005760
W 500000640
W 500006528
R 500001280
W 500004224
W 500001024
R 500000768
R 600000512
W 600004736
R 600008064
R 600005632
R 600007296
W 600003456
R 600000512
R 600006528
W 600003456
R 600001280
R 600005376
W 600000384
W 600005248
W 600000128
R 600001536
R 600007424
R 600007808
R 600005376
R 600000128
W 600001280
R 600005120
W 600006784
W 600002304
R 600007552
W 600007808
W 600008064
R 300007168
R 300005248
R 300000384
W 300000000
R 300000768
W 300003456
R 300001408
W 300006272
R 300005248
R 300002688
W 300005760
W 300000512
R 300007936
R 300005760
W 300003584
W 300004864
W 300008064
R 300007424
R 300002048
W 300006016
R 700007424
R 700007296
R 700005504
R 700007808
R 700002688
R 700005760
R 700005888
W 700002688
R 700004736
R 700006784
W 700004480
W 700006144
W 700003456
W 700007936
W 700004864
W 700004608
R 700004736
R 700000128
R 700008064
W 700003584
R 700004992
W 700005504
R 700007040
R 700001152
R 700003840
R 700004096
W 700006144
R 700007296
R 700003840
R 700005632
R 700004864
R 300005504
R 300005888
R 300005888
R 300004224
W 300002176
R 300003712
R 300002816
R 300007040
W 300000000
R 300002432
W 300001024
R 300002048
R 300007424
R 300000896
W 300005248
W 300007680
W 300004480
R 300001792
R 300003456
R 300001152
W 300004096
R 300004992
R 300007808
W 300002560
W 300001664
R 300008064
W 300003328
W 300001920
R 300000256
W 300001408
R 300006656
W 300003200
R 300000768
R 300006400
W 300004864
R 300004224
R 300002688
R 300007424
W 300005120
R 300003712
R 300007680
R 300003200
R 300006400
R 300008064
W 300002944
W 300003584
R 300006144
W 300004864
R 400006016
R 400001536
W 400003968
W 400002688
W 400003840
R 400001280
R 400007040
R 400001152
R 400002176
R 400008064
W 400007680
R 400001792
R 400000768
R 400006528
R 400003584
R 400002688
W 400005120
W 400005888
R 400001024
R 400003456
W 400002816
R 400002944
R 400002432
R 400001152
R 400006656
R 400002944
W 400000512
W 400002304
W 400004480
R 400007552
R 400001792
R 400005376
W 400000896
R 400002560
R 400006400
R 400001792
R 400000000
R 400002048
R 400003328
R 400007424
R 700005632
W 700005248
W 700007808
W 700005248
W 700002048
R 700004352
W 700007808
W 700000896
W 700001536
W 700004096
R 700002944
R 700007680
W 700004224
W 700002176
R 700003968
W 700000512
W 700003072
R 700002944
W 700001792
W 700008064
W 700007424
R 700000640
R 700001920
R 700002816
R 700007296
R 700003712
R 700002560
R 700003712
R 700003456
R 700000000
R 700004736
R 700004096
R 700001152
W 700007168
R 700007808
R 700000256
R 700006272
R 700001792
W 700002304
W 700003968
W 700007168
R 700001920
W 700000640
R 700002432
W 700001408
R 700005632
R 700002176
R 700000384
R 700006784
R 700003456
R 1792
W 384
R 7680
W 3584
R 5120
W 0
R 4992
R 3712
R 2560
W 2176
R 4736
R 7168
W 4992
W 3072
R 3968
R 256
R 6912
R 4864
R 8064
W 6784
R 3712
R 5504
R 1920
W 7040
R 128
R 7168
W 6144
W 3712
R 6656
W 8064
R 2432
R 3072
R 400004992
R 400000128
R 400006656
R 400000768
R 400007424
W 400001024
R 400003840
R 400005248
W 400007680
R 400000128
R 400003072
R 400000896
R 400001152
R 400000384
R 400005120
R 400000128
R 400001408
R 400006656
R 400002176
W 400006272
R 400003712
W 400005632
R 400001280
R 400003328
R 400006144
R 400001024
R 400003200
R 400007168
R 400001920
R 400001536
R 400001920
R 400002944
R 400002432
R 500000768
W 500006272
R 500001408
R 500000000
R 500008064
W 500006144
R 500007680
R 500006400
W 500004992
R 500005504
R 500002176
W 500002944
R 500003712
R 500007424
R 500005632
R 500002048
R 500003840
R 500004736
W 500005120
W 600007040
R 600007424
R 600001408
W 600007040
R 600002432
R 600005120
R 600001536
R 600002048
R 600002048
W 600001408
R 600000896
W 600006656
R 600005760
R 600002816
R 600002048
W 600007936
R 600001024
R 600007552
R 600007808
R 200005376
W 200000640
W 200006016
R 200004608
R 200004992
R 200001024
R 200001280
R 200007552
R 200005632
R 200003328
R 200006400
W 200005376
W 200005248
R 200001792
W 200001024
R 200005120
R 200007936
R 200003328
W 200001664
R 200002176
R 200004096
R 200000640
W 200001664
R 200007168
R 200004096
W 200002176
R 200000640
R 200003328
W 200004480
R 200000384
W 200002304
R 200005760
R 200007808
R 200002816
R 200005376
R 200005504
W 200007296
R 300004992
R 300005888
R 300006528
R 300005248
R 300002304
R 300002304
R 300004224
W 300000640
R 300007680
W 300000640
R 300007424
R 300000512
W 300005248
R 300001280
W 300000128
R 300007680
W 300003712
R 300007040
R 300004096
W 300005632
R 300000512
R 300003712
R 300001152
R 300003840
R 300006784
R 300002560
W 300002688
R 300004608
W 300004096
R 300007296
R 300001664
R 300006144
R 300007168
W 300002176
R 300003072
R 300006016
R 300001664
R 300001792
R 300005248
R 600004864
R 600005376
R 600004352
W 600004480
W 600007168
R 600004480
R 600006144
R 600007680
R 600004352
R 600000512
R 600005376
R 600003968
R 600004224
W 600002304
R 600000640
W 600005248
R 600002432
W 600006144
R 600004992
W 600005504
W 600000384
W 600003968
W 600000512
R 600005760
W 600007936
R 600005504
R 600006272
R 600003328
R 600001152
W 600007296
R 600007296
W 600001024
R 600002688
W 600000000
R 600002176
R 600006528
R 600001408
W 700006528
W 700000000
R 700004224
W 700000896
R 700000256
R 700005632
W 700007424
R 700007680
W 700002176
W 700002688
W 700002944
R 700001792
R 700003584
W 700006400
W 700003328
R 700001024
R 700002944
R 700001792
R 700003072
R 700004992
R 700006400
R 700003968
R 700006400
R 700005760
W 700002176
W 700002176
R 700006144
R 700001024
R 700006656
W 700001280
W 700003712
R 700004352
R 700000000
R 600004736
R 600000512
R 600007424
R 600000256
W 600002688
R 600005120
R 600004992
W 600005888
R 600004608
R 600004992
W 600006656
W 600002176
W 600005376
W 600006528
R 600002816
R 600003968
R 200005888
W 200002304
R 200006016
R 200004224
W 200007296
R 200007296
R 200004864
R 200000000
R 200007168
R 200004736
R 200004480
R 200004992
R 200005376
R 200001536
R 200006784
R 200002432
R 200001664
R 200002816
R 200003584
R 200005248
R 200004352
R 200001024
R 200007424
R 200001408
R 200000256
R 200001152
W 200006016
R 200004224
R 200003328
R 200004480
R 200004736
R 200006400
R 200000128
R 200002560
R 200002176
W 200003072
R 200002176
W 200003584
W 200004480
R 200000128
R 200005632
W 200001024
W 200004480
R 200006528
W 200003712
W 200007552
R 200005376
R 200002560
R 200004096
W 200003840
W 200000128
R 200006272
R 200002944
R 200007424
W 200001664
R 200005888
R 200006272
W 200003712
R 200006528
W 200002432
R 200001152
R 200007552
W 200002816
W 200007168
W 200005504
W 200007168
R 200005632
W 200000256
W 200007296
R 200003328
R 200001408
R 200007680
R 200000000
W 200001280
W 200005888
R 200004096
R 200004736
R 200000512
R 200002816
W 200007040
R 200000000
R 200002304
R 200000768
W 200002816
R 200001792
R 200000256
W 200002048
R 200005120
R 200003712
R 200003968
R 200001152
W 200004608
R 200006272
R 200006272
R 200006528
W 200004992
W 200006784
W 200001280
R 200003712
R 200001280
R 200000512
W 200005504
R 200006912
W 200000896
R 200001536
R 200004736
R 200004736
R 200003968
W 200006016
R 200004864
R 200005376
W 200004352
R 200002816
R 200006016
W 200001024
R 200002048
R 200001280
R 200003584
R 200003200
W 200005888
R 200004096
R 200006656
R 200006016
R 200000512
R 200001408
R 200003456
W 200007296
W 200000256
R 200000768
W 200006912
W 200004480
R 200003072
W 200002688
R 200004992
R 200001408
R 200007552
W 200007040
W 200007168
R 200002176
R 200003456
R 200007168
W 200002304
R 200006272
R 200004864
W 200006784
R 200003584
R 200005888
R 200000768
W 200000000
W 200006784
R 200006144
R 200001920
R 200004096
R 200000256
R 200002304
R 200005376
R 200002816
W 200000896
R 200001664
R 200002176
W 200006912
R 200007936
W 200005888
R 200005248
R 200000256
R 200005888
R 400004864
R 400005888
R 400007168
R 400004736
R 400004224
R 400005248
R 400003456
W 400004224
R 400000256
R 400003072
R 400006400
R 400000512
R 400006272
R 400000512
W 400001280
R 400000128
W 400006784
R 400006272
R 400003456
W 400006400
W 400003840
W 128
W 4480
R 2688
R 2048
R 6912
W 7168
R 1280
W 6272
W 7296
W 384
W 7168
R 4224
W 128
R 1280
R 2816
R 7296
W 6784
R 6912
R 8064
W 2432
W 256
R 1920
W 6400
W 5888
W 6784
R 3968
R 5632
W 500005504
R 500007808
R 500002688
R 500004224
W 500005632
R 500002304
R 500000896
W 500005120
R 500002944
R 500004864
W 500005760
R 500006528
R 500002304
W 500004608
W 500004992
R 500006912
W 500006272
W 500001664
R 500001792
W 500006912
R 500004480
R 500001920
R 500000000
R 500005120
R 500002048
R 500007296
R 500000640
R 500003840
R 500000640
W 500000256
R 500000896
R 500003840
R 500003200
R 500006400
R 400006400
W 400001792
W 400008064
R 400005120
W 400004608
R 400007552
R 400006016
R 400008064
R 400004864
W 400001536
R 400004992
R 400007808
R 400001920
R 400003328
R 400004608
R 400003328
R 400004352
R 400000640
R 400000384
R 400006784
R 400001664
R 400006784
R 400004480
R 400000768
R 400003968
R 400003200
R 400001152
R 400002048
R 400003456
R 400003968
R 400007040
R 400001024
R 700004864
R 700001408
W 700000896
W 700003840
W 700003712
W 700002944
W 700002816
R 700000256
R 700005120
R 700006400
R 700004992
R 700003200
R 700003840
R 700006912
R 700005760
R 700007296
W 700006144
R 700006656
W 700004480
W 700002304
W 700005248
R 700002304
R 700007296
R 700005376
R 700001280
R 700000768
W 700000000
R 700004096
W 700003456
W 700002432
R 700002304
R 700006656
R 700000384
R 700000896
R 700000768
R 700005120
W 700004352
R 700006016
W 7552
R 8064
R 4352
R 5376
R 2560
W 512
R 2688
W 5120
R 3072
R 5248
W 640
R 7040
R 768
R 256
R 7168
W 4224
R 7680
R 1792
R 4864
R 5504
R 4480
R 5888
R 2816
R 7552
R 1280
R 6272
R 5504
W 6912
R 500000768
W 500001024
R 500002304
R 500005760
R 500003968
R 500000384
R 500006144
R 500001664
R 500001920
W 500002560
R 500004224
R 500000640
R 500006912
R 500001792
R 500002816
W 500000768
W 500006144
W 500000000
R 500005120
R 500002176
R 500005248
R 500007808
R 500005760
R 500002304
R 500006272
W 500002176
W 500006144
R 500001024
R 500005376
R 500004352
R 500004096
W 500003584
R 500003712
R 200001920
W 200006528
R 200007936
W 200004480
R 200003328
W 200007040
R 200006144
R 200003200
R 200006144
R 200000896
R 200006016
R 200004224
R 200004480
R 200006784
R 200004992
R 200001792
R 200002560
R 200004608
R 200006784
R 200000128
R 200002048
R 200003968
W 200005760
R 200003456
R 200004224
R 200007424
R 200005504
R 200006144
R 200007040
W 200002560
W 200002816
R 200004736
W 600002432
W 600007552
R 600007040
R 600002176
R 600005760
W 600006784
W 600002560
R 600000384
W 600004352
W 600001280
R 600007168
W 600000256
R 600007552
W 600003328
R 600005632
R 600000512
R 600000128
R 600003072
R 600004096
R 600005120
R 600001024
R 600002432
R 600001920
W 600005120
R 600007424
R 600007936
R 600003840
W 600002688
R 600002176
R 600001920
R 600007296
W 600000256
R 600001280
W 600004992
W 600002560
R 600000512
R 600000000
R 600004096
R 100001792
W 100001280
W 100007680
W 100004864
R 100002432
R 100007680
R 100000640
R 100003456
R 100001536
R 100004864
R 100003328
R 100006528
R 100005120
R 100004352
R 100007808
R 100001280
R 100002176
W 100007936
R 100005248
W 100006144
R 100007680
W 100000384
R 100007168
R 100003584
W 100004352
R 100005504
W 100004736
R 100001280
R 100007680
R 100006400
W 100001792
R 100000000
R 100007552
W 100002816
W 100007296
R 100006016
R 200002304
R 200002944
R 200004480
R 200005120
W 200002048
W 200007680
R 200007168
R 200007552
R 200004224
R 200005888
W 200004480
R 200003712
R 200002048
R 200001664
R 200002944
R 200007936
W 200006016
R 200007296
R 200006016
W 200000256
W 200001536
R 200001408
R 200004480
R 200004992
R 200002816
R 200007168
R 200005632
W 200001536
R 200003456
W 200000384
R 200004992
R 200000000
R 200008064
R 200001920
W 200004352
R 200008064
R 200000512
R 700001024
R 700003584
W 700006016
W 700000512
W 700003328
R 700006528
R 700003200
R 700001152
W 700005504
R 700004992
W 700006784
R 700002688
R 700000896
R 700000896
R 700004224
W 700005376
R 700004096
W 700001408
R 700003200
W 700003200
W 700002432
R 700004480
W 700003328
R 700004992
R 700003968
W 700003584
R 700007552
R 700004480
R 700001024
W 700002816
R 700002048
R 700007296
R 700000128
W 700003456
R 700000640
W 700004224
W 700006400
W 500004736
R 500004224
R 500003328
R 500000384
R 500004864
R 500002816
R 500003712
R 500007296
R 500007296
W 500007424
R 500003072
R 500002560
R 500006656
R 500001024
R 500007936
R 500003200
W 500001152
R 500006656
W 4736
W 1024
R 1536
W 1280
R 7552
R 4480
R 3968
R 640
R 6400
R 2304
R 384
W 7168
R 4480
W 2048
W 7680
R 2560
W 2432
R 256
R 3328
R 6144
R 7808
W 2560
W 1152
R 6144
W 4096
W 3712
W 5248
R 7680
R 600004096
R 600002048
R 600001024
R 600003072
W 600006912
W 600004096
W 600004480
W 600005504
R 600000640
R 600003072
R 600000512
R 600007296
R 600007040
R 600006784
R 600001024
R 600005632
R 600003456
W 600001152
W 600000384
R 600004992
W 600002176
R 600001280
R 600005888
R 600008064
W 600003456
W 600008064
R 200004992
W 200001792
R 200007296
R 200002688
R 200004352
W 200007552
R 200000512
R 200001920
W 200003328
W 200002688
W 200006272
W 200006272
R 200004096
W 200004096
R 200004736
R 200001024
R 200006912
W 200000000
R 200006784
W 200006656
R 200001152
R 200007040
R 200000640
W 200001152
R 200008064
W 400004864
R 400005888
W 400002816
R 400001792
W 400005504
R 400006528
R 400002304
R 400006784
R 400007808
R 400001664
R 400000384
R 400005504
W 400007168
W 400001152
R 400005248
W 400004224
R 400006528
R 400001408
W 500004096
W 500007040
W 500007040
W 500003712
R 500000768
R 500000896
R 500005120
R 500000384
W 500006400
R 500003968
R 500004608
R 500000128
R 500006144
R 500007936
W 500000640
R 500004096
R 500003712
W 500006144
R 500004608
R 500006400
W 500000384
R 500003328
R 500004736
R 500005248
R 500006656
W 500000768
W 500000256
R 500008064
R 500004096
R 500001152
R 500000896
R 100006784
R 100007168
W 100000000
R 100007936
R 100003072
W 100007296
W 100003456
R 100001152
W 100004864
R 100004992
R 100007424
W 100001664
R 100001280
R 100001664
R 100003456
R 100006272
R 100004224
R 100006912
W 100007168
W 100004864
R 100008064
R 100004352
R 100004352
R 100003584
W 100005504
W 700006272
R 700005120
R 700006400
R 700007680
R 700004224
R 700000128
R 700000768
R 700003968
W 700002304
W 700002048
R 700007424
W 700007040
R 700005248
W 700006144
R 700007936
W 700001280
W 700003456
R 700005632
W 700006016
R 700001152
R 700004736
R 700000384
W 700003712
R 700007808
R 700002304
R 700006784
W 700003072
R 700001536
R 700002304
W 700001920
W 700002176
W 400005120
R 400004480
R 400006912
R 400004224
R 400001280
R 400006400
R 400002304
R 400002688
W 400005888
R 400001536
R 400002432
W 400006656
R 400002176
R 400000256
W 400002048
W 400000896
R 400002048
R 400005248
R 400000512
R 400007808
R 400001792
W 400004736
R 400006784
R 400001536
R 400003840
R 400004224
R 400000640
W 700005248
R 700001024
R 700000256
W 700004352
R 700002688
R 700006016
R 700006656
R 700007680
R 700003712
R 700004352
W 700004352
R 700002816
R 700006144
W 700007424
W 700001792
R 700007040
R 700006528
R 700007936
R 700007168
R 700001280
W 700001152
W 700000768
W 700006912
R 700002560
R 700001536
W 700004992
R 700006016
W 700007424
R 700004608
R 700007040
R 600007168
R 600007040
W 600006912
R 600002048
R 600003456
R 600000640
W 600007168
W 600004224
W 600005504
W 600002816
R 600001536
R 600000384
W 600001792
W 600000384
R 600006912
R 600006912
W 600007808
R 600006784
W 600003200
R 600001920
W 600006016
R 600003968
R 600004224
W 600000128
R 600002816
R 600004736
W 600006400
R 600007808
W 600006912
W 600006144
R 600003328
W 600003712
R 600007552
R 600002048
W 600007552
W 600005504
R 600000896
R 600004224
R 600000768
W 600006016
R 600002176
R 600006528
R 600000256
R 600005760
R 600002432
R 600003200
R 600001024
W 600000256
W 600000128
R 600006656
R 600001792
R 600004224
R 600006016
R 600000640
R 600002304
W 600002176
R 600001408
W 600001536
W 600004608
R 600005120
R 600007424
R 600004352
R 600005120
R 600005632
R 600001024
W 600002048
R 600000512
R 600003456
R 600006784
R 600002944
R 600007040
R 600007296
R 600007680
W 600007808
R 600003840
R 600002688
W 600000256
R 600002304
W 600005760
R 600005248
R 600006784
W 600007936
R 600000128
R 600006656
W 400002432
R 400000896
R 400004864
R 400005376
W 400006784
R 400005248
R 400003456
R 400005760
R 400000000
W 400007552
R 400004864
R 400006400
R 400007424
R 400007680
W 400004096
W 400000000
R 400001792
W 400005632
W 400007808
R 400001152
W 400003712
R 400003712
R 400005248
R 400007808
R 400003328
R 400004864
R 400003840
R 400000768
R 400000512
R 400002560
R 400000768
R 400003072
W 400005504
R 400003840
R 400006784
R 4096
R 1920
R 1152
R 2688
W 128
W 640
W 1408
R 5888
R 256
R 6912
R 512
R 6912
R 3456
R 5632
R 5120
R 5888
R 5248
R 3072
W 3968
R 2944
W 7040
R 7808
R 4992
W 1536
R 896
W 5120
W 5632
R 3072
R 4864
R 6144
R 1920
R 4736
R 5504
R 3456
W 4224
R 7808
W 3328
R 1792
R 768
R 600005248
R 600002688
R 600001536
R 600005504
R 600000384
R 600000256
R 600001152
R 600003584
R 600006784
R 600003840
R 600007936
R 600000000
W 600002176
R 600003200
W 600003584
R 600003712
R 600004864
R 600006400
W 600007552
R 600004224
W 600003456
R 600001792
R 600003072
R 600007168
R 600006784
W 600000128
W 600002432
R 600001280
W 600004352
W 600003712
R 600004096
R 600003072
W 600003328
R 600006144
R 600007296
R 600007808
R 600005632
W 600004480
W 200006272
W 200007680
R 200008064
R 200007040
R 200000640
W 200003328
R 200003968
R 200006016
R 200006912
R 200002304
R 200003584
R 200007040
R 200007040
R 200004608
R 200004736
W 200000000
R 200000384
W 200000256
W 200002048
R 200007936
R 200002176
R 700006272
W 700001792
W 700006144
R 700006016
W 700000256
R 700004224
R 700006912
R 700003584
R 700003456
R 700003200
R 700002944
W 700006656
R 700006016
R 700005504
R 700004480
R 700003712
R 700002816
R 700002944
R 700007040
R 700003072
R 300001536
W 300001280
R 300007680
W 300002816
R 300006912
R 300007936
R 300000512
R 300007168
R 300006784
R 300004608
R 300002944
R 300006912
R 300003712
R 300001408
R 300002304
R 300003072
W 300001536
R 300005376
R 300003072
R 300000256
R 300000640
W 300002560
R 300005888
R 300003328
R 300006016
R 300007424
R 300006784
R 300001408
W 300007296
R 300001920
R 300001664
R 300006528
R 300001920
R 300006656
W 300006784
R 300002944
W 300006656
R 300000128
R 300006144
R 300006272
W 7040
R 1792
W 5376
W 6016
R 3968
W 896
R 6656
W 6656
R 5632
R 7936
R 6144
W 4992
R 5376
R 768
R 1536
R 7936
W 768
R 4224
R 3200
R 2304
R 6912
W 4992
R 3712
R 128
W 7680
R 7296
W 7552
R 7936
R 7552
W 5248
R 4352
R 7552
R 4096
R 1152
R 1792
W 512
R 6144
R 1024
W 1664
R 384
R 2432
W 640
W 4224
W 6528
W 0
R 2944
R 3712
R 1536
R 4480
W 6272
R 256
W 4736
W 4224
W 1664
R 6912
W 3584
W 5760
W 3840
W 1792
R 7040
R 640
W 5632
R 1152
R 3072
R 1024
W 3200
R 1280
R 2432
W 600001024
W 600004096
R 600003840
R 600001280
R 600006016
R 600005760
W 600000640
W 600003584
R 600001280
W 600001408
W 600007808
R 600007808
W 600006016
R 600002944
W 600000384
R 600000384
R 600006400
R 600002048
W 600003456
R 600003200
R 600007680
W 600003712
W 600002432
W 600001792
R 600000896
W 400004096
R 400003712
R 400001792
R 400006912
R 400001664
R 400005248
W 400003840
R 400001280
R 400006784
R 400006400
W 400005888
R 400003072
R 400003712
W 400004608
R 400000512
R 400007296
R 400002176
W 400007552
R 400003328
W 400007936
R 700002304
R 700002432
R 700002432
W 700001024
R 700005504
R 700002688
R 700000640
R 700000896
R 700007552
R 700001920
R 700004608
R 700000896
W 700004864
R 700007168
R 700003840
R 500006528
R 500006656
R 500008064
R 500001024
R 500007552
R 500003968
W 500005248
R 500005632
R 500005760
R 500000512
R 500004480
R 500002688
R 500005632
R 500002176
W 500007808
W 500006656
R 500007808
R 500004096
R 500000256
R 500001024
W 500004224
W 500003840
R 500001792
W 500000640
R 500006400
R 500005120
W 500002944
R 500000896
W 500002176
R 500006144
R 200000768
R 200003200
R 200003968
R 200002560
R 200005248
R 200000512
R 200000384
R 200001792
W 200001152
W 200002048
R 200000128
R 200005760
R 200007168
R 200005760
R 200001152
R 200005632
W 200004736
W 200007808
W 200001664
R 200002048
W 200006016
R 200007552
W 200001024
W 200006272
R 200003456
R 200003456
R 200005504
R 200004736
R 200005120
R 200006784
R 200003328
R 200004224
R 200002176
R 200006016
R 200003456
R 200001664
R 200004480
R 200006912
R 200001024
R 400001152
R 400007808
R 400005888
R 400004608
W 400003456
R 400007936
W 400007296
W 400002048
W 400004096
W 400007808
W 400007808
W 400006016
R 400002816
R 400000896
R 400002816
R 400003584
W 400004864
W 700003200
R 700001280
R 700004864
R 700005632
W 700006400
R 700003072
R 700004096
R 700005888
W 700006272
W 700004864
W 700006528
R 700004864
R 700007040
R 700004224
R 700001152
R 700000640
R 700000000
R 700004864
R 700003712
R 700003968
R 700000896
R 700007680
W 700005760
R 700008064
W 700003072
R 700000512
W 500001792
R 500003712
R 500000768
R 500003584
W 500003584
W 500005376
R 500006528
R 500007552
R 500000768
W 500003328
W 500005760
R 500002816
R 500007552
R 500007936
R 500005760
R 500005888
R 500001280
R 500006528
R 500003328
R 500003328
R 500004224
R 500003840
R 400003328
R 400004864
R 400006784
R 400004608
R 400002176
R 400007424
R 400002432
R 400002176
R 400005760
R 400005120
R 400007168
R 400006272
R 400000768
R 400000256
R 400005632
W 400005632
R 400000128
W 400004736
R 400006912
R 400001152
R 400004352
R 400007040
R 400001664
R 400004608
R 400006400
R 400003584
W 400006784
W 400003840
W 400003968
R 400004352
R 400002048
R 400007296
R 400003200
R 400006144
W 400007424
R 700006656
R 700006912
W 700007296
R 700006912
W 700007296
R 700004608
R 700003584
R 700003072
W 700003712
R 700004224
R 700006784
R 700007936
W 700005504
W 700006144
W 700002432
R 700002432
W 700002816
W 700007936
W 700000384
R 700005888
W 700008064
R 700002176
R 700007168
R 700006656
R 700000768
W 700000256
W 700003840
W 700007552
W 700006272
R 700003072
W 700001792
R 700000512
R 700000256
W 700003328
R 700000512
W 700002048
R 100000768
R 100002688
R 100002432
R 100007808
R 100001920
R 100004736
R 100001536
R 100007552
W 100001280
R 100001024
W 100005504
W 100006144
W 100005632
R 100006656
W 100003456
R 100007296
W 100001408
R 100004096
W 100004864
R 100007808
W 100000000
W 100001664
R 100003456
W 100003712
W 100004352
R 100005504
R 100002560
W 100000384
R 400005504
R 400004608
R 400004608
R 400003712
R 400007552
R 400005632
W 400005888
R 400002048
R 400002560
R 400005632
R 400001024
W 400005376
R 400002816
R 400005504
R 400003456
R 400003968
W 400005376
R 400007936
R 400002432
R 400007296
R 100007808
R 100002048
R 100002560
W 100002688
W 100005120
R 100007680
R 100001024
W 100002688
W 100006528
R 100000384
R 100001792
R 100007680
R 100001920
R 100004352
R 100001024
W 100004608
R 600001664
R 600004736
R 600007936
W 600003712
W 600000768
R 600006400
R 600006656
R 600003200
R 600003968
R 600000256
W 600001408
W 600006016
W 600003840
R 600006272
R 600001792
R 600007040
R 600007808
R 600004864
R 600000512
W 600001792
W 600007424
R 600006144
W 600007168
R 600002048
W 600004864
R 600000128
R 600003968
R 600007040
R 600007296
R 6016
R 6016
W 256
W 3328
R 4352
W 5120
R 2432
W 4480
R 896
R 7936
R 6400
R 640
W 1536
R 3712
W 7296
R 8064
R 3840
R 5504
R 1280
R 4608
W 7680
R 3968
W 7552
R 2560
R 4992
R 3584
R 1280
R 1664
R 3712
W 6400
W 5760
R 1024
R 2304
R 3840
R 768
W 5632
R 4096
R 1408
R 640
R 4736
R 4352
R 512
R 1792
W 4480
W 6912
W 2432
W 1792
R 6784
R 768
W 3200
R 2048
R 7424
R 1280
R 1280
R 768
R 7680
R 3200
R 1408
R 384
R 768
R 1792
R 384
R 2560
R 2432
R 6912
R 2176
R 4224
R 4352
W 0
R 700007168
R 700006272
W 700001152
W 700006528
R 700004736
W 700008064
R 700006272
R 700003584
R 700000896
R 700001536
R 700004224
W 700002944
R 700007040
R 700005632
W 700000000
W 700001536
R 700002816
R 700004352
R 700007936
W 700006144
R 700000384
W 700005760
R 700001024
W 700003456
R 700004224
W 700007808
R 700002176
R 700004480
W 700002560
R 700001536
W 700001152
R 700002688
R 700003584
W 700002560
W 700006784
R 700006912
R 500004864
R 500007040
W 500000000
R 500004224
W 500001024
R 500001664
R 500003072
W 500003584
R 500004992
R 500001408
R 500003712
R 500002176
R 500007424
R 500006528
R 500005120
R 500000384
W 500000128
R 700002304
W 700001024
W 700006272
W 700006400
R 700005376
R 700000640
R 700002944
R 700007552
R 700007424
R 700004096
R 700003456
W 700005248
R 700002048
R 700005504
W 700002944
R 700005504
R 700000384
W 700005632
R 700005632
W 700007424
R 700001664
W 700001280
W 700004736
W 700000768
R 700006656
R 700002304
W 700007040
R 700001152
R 700004736
W 700001536
R 700006656
W 700002176
W 700000640
R 700001152
W 700006912
R 700003072
R 700005120
R 700000128
R 700005760
R 700002688
W 600000384
R 600000512
W 600001280
R 600007936
W 600002944
R 600007552
W 600004736
R 600006784
W 600002688
R 600005504
R 600001152
R 600000640
R 600001152
R 600006656
R 600003712
W 600002048
R 600008064
W 600000640
R 600006144
R 600005248
R 600005760
W 600002560
R 600001024
W 600001920
R 600006016
R 600006272
R 600004096
W 600001024
W 600003584
W 600002432
R 600005376
R 600001280
R 600002304
R 600001792
R 600004352
W 600006656
W 200002944
R 200007040
R 200002688
R 200006912
W 200004224
W 200005248
R 200001920
W 200004480
W 200007680
W 200004992
R 200001536
W 200007040
R 200004992
R 200001024
R 200001152
R 200001152
W 200001664
W 200001024
W 200002304
W 200008064
R 200002176
R 200003712
R 200006656
W 200001024
R 200007808
W 200006656
R 200008064
R 200007040
R 200007552
W 200007296
R 200002432
R 200006656
R 200003456
R 200004480
R 200004352
R 200007552
W 200002304
W 200007168
R 200002560
R 200003968
R 300005120
W 300001536
R 300003968
W 300005376
R 300001152
R 300005376
R 300007552
R 300001280
R 300005632
R 300001408
R 300000000
R 300003712
R 300001536
R 300003840
R 300000896
R 300007040
W 300003328
R 300002688
W 300001536
R 300003968
R 300003072
W 300007936
R 300002048
W 300006400
W 300000000
R 300006656
R 300005376
W 700004224
R 700004608
R 700007168
R 700004224
W 700004608
R 700006144
W 700003072
R 700003712
W 700006528
R 700002688
R 700006912
R 700001536
R 700003456
W 700007424
R 700004352
R 700002816
W 700004480
R 700007040
W 700007168
W 700003456
R 700002560
R 700001280
W 700002176
R 700003072
R 700003968
R 700003968
R 700001024
R 700008064
W 700002304
W 700005504
R 700000768
R 700006144
R 700001024
W 700002432
R 100002560
W 100006400
R 100004096
R 100000896
R 100001792
W 100001408
W 100006144
W 100006528
R 100001536
W 100002944
W 100006400
R 100004352
R 100005888
R 100001152
R 100007808
R 100006144
R 100007680
R 100003968
R 100007808
W 100005120
R 100006656
R 100007424
W 100007424
R 100000640
R 100001024
R 100003968
W 100005504
R 100002816
W 100000512
W 100003712
R 100000256
W 100001536
W 100003456
R 100006272
R 100005632
R 100000896
R 100003456
R 100005248
R 100005248
W 100001920
R 100006912
R 100005888
W 100005760
W 100002304
R 100003712
W 100004480
R 100002688
R 100007040
R 100006656
R 100003968
W 100004480
R 100004224
R 100006144
R 100002304
W 100000128
R 700007680
R 700003840
R 700000256
R 700005504
W 700007552
W 700003584
W 700005632
W 700003328
R 700000768
R 700005632
W 700005760
W 700007040
R 700003456
W 700005120
R 700004480
W 700007552
R 700005504
W 700002560
R 700006016
W 700004736
R 700003456
W 300007552
R 300006400
R 300006016
W 300003200
W 300005504
R 300006272
R 300004224
R 300002176
R 300000128
R 300002944
R 300007168
W 300001408
R 300006144
R 300000640
R 300001280
R 300004992
W 300006272
R 300004096
W 300007552
R 300005760
W 300001280
W 300003968
R 300008064
W 300007936
R 300003072
W 300003712
R 300006144
R 300006272
W 300004736
R 300001280
R 300000384
R 300002688
R 300007808
R 300001024
W 300006400
R 300000000
W 300004224
R 300004352
R 300001024
R 500002816
R 500006528
R 500002304
R 500001920
W 500000640
R 500004096
R 500000640
R 500005504
R 500000512
R 500007424
R 500005760
R 500007168
R 500004352
R 500002944
R 500003328
R 500004608
R 500000128
R 500007680
W 500000384
R 500002816
R 500000640
W 500000000
R 500005120
R 500007552
R 500005120
R 500002560
R 500004864
W 500000256
R 500003328
R 500000768
R 500006016
W 500000128
R 500002432
R 500004992
R 500004096
W 500002688
R 500007936
W 500008064
R 500006400
R 500002304
R 500007424
R 500006912
W 500003072
R 500004864
R 500004864
R 500000768
R 500004480
R 500006144
R 500003328
W 500007552
W 500007040
R 500001920
R 500007424
R 500001280
R 500007552
R 500002944
R 500006656
R 500001024
R 500001920
R 500001280
R 500000768
W 500007680
R 500007936
R 500005760
R 500006656
W 6144
R 7680
W 6528
W 6144
W 4864
W 2048
W 7168
R 7168
R 1536
R 7040
R 3840
R 640
R 2560
W 6016
R 896
R 2176
R 5376
R 896
R 3968
R 5760
R 6528
W 400007680
R 400005888
R 400005120
W 400004480
R 400003328
R 400006144
W 400003840
R 400000384
R 400006528
R 400005376
R 400003840
R 400002176
W 400008064
R 400003840
R 400000000
W 400006912
R 400004992
W 400007808
R 400006912
R 400007808
R 400006400
R 400002688
R 400001152
R 400001920
R 400004736
R 400005248
R 400005120
R 400006400
R 400002688
R 400000128
R 600005376
R 600007680
W 600003200
W 600004608
R 600005376
R 600003840
R 600005376
W 600005888
W 600000640
R 600006016
W 600001280
R 600004992
R 600007296
R 600001408
W 600003328
R 600007936
W 600005504
R 600002688
R 600002944
R 600003840
R 600007680
R 600000896
W 600001024
R 600005376
R 400007552
R 400000128
R 400001536
R 400006272
R 400006144
W 400001152
R 400007424
R 400002688
R 400000000
W 400006400
R 400007424
R 400004992
W 400006400
R 400001024
R 400004096
R 400006528
R 400003072
R 1280
W 6272
W 1536
R 0
R 3328
R 4864
R 128
R 1280
R 2944
R 5760
W 6912
W 768
R 896
R 5504
R 5760
W 5120
W 3968
R 3328
R 7552
W 4224
R 7296
W 256
W 6144
R 4224
R 2688
R 1920
R 5888
R 1920
R 100006016
W 100004352
R 100005248
R 100000640
W 100002944
R 100005632
W 100006528
R 100000000
R 100004864
R 100000256
R 100006272
R 100004480
R 100005888
W 100000256
R 100003584
R 100003968
R 100001408
W 100002048
R 4736
R 7040
R 6016
W 4480
W 7552
W 3200
W 384
W 6144
W 5504
R 4480
R 3968
R 5120
W 3968
R 3200
W 3072
R 7808
R 6784
R 4480
R 7424
R 2816
R 2304
W 1024
R 5248
W 2688
R 7040
R 2816
W 7552
R 7680
R 4480
R 3584
W 512
R 1920
R 6912
R 600004096
R 600006656
R 600006656
R 600001152
R 600000512
R 600002816
W 600007424
R 600001152
R 600007424
W 600002176
W 600000640
R 600001024
W 600001792
R 600001920
W 600005760
R 600002816
W 600005888
W 600003072
R 600007680
R 600002432
R 600000896
R 600001024
W 600002176
W 600004992
R 600005760
R 600006528
R 600006400
W 600003072
R 600006656
R 600004480
R 600004224
R 600005248
R 600004864
R 600002048
W 600006784
R 600000896
R 600005248
R 600007808
R 600002688
R 600005120
R 600000512
R 600001536
R 600000128
W 600007040
W 600003968
R 600005376
R 600002944
W 600005376
R 600006656
R 600000896
R 600006528
R 600002304
W 600004992
R 600005376
R 600000256
R 600005120
R 600004224
R 600001024
R 600005120
R 600005888
R 600006528
R 600001920
W 600002688
R 600000256
R 600004992
R 600004352
R 600003584
R 600003200
R 600004864
W 600008064
W 600003712
R 600003200
R 600006400
R 600007168
W 600003072
W 600005760
R 600001792
R 600000256
W 600007808
R 600005376
R 600001408
R 600001024
W 600004352
R 600001280
W 600002048
W 600005376
R 600006784
W 600007424
R 600003584
R 600005504
W 600003200
R 600003584
R 600006912
R 600003328
W 600003072
W 600004736
R 600001792
R 600004224
R 600007936
R 600003712
W 600001408
R 600007424
R 600001792
R 600001024
W 600001408
R 600008064
R 600001536
W 600002944
R 600004992
W 600005120
R 700005248
W 700006528
R 700004864
R 700003456
R 700000256
W 700004480
R 700007552
W 700004608
W 700001280
W 700000384
R 700008064
R 700001408
W 700003456
R 700007808
R 700007936
R 700003200
R 700004736
R 700006784
R 700006656
R 700004096
W 100001536
R 100007808
W 100001536
W 100003200
W 100004352
W 100001152
W 100001664
W 100004992
R 100005248
W 100000128
R 100000256
W 100001152
W 100001664
R 100000256
R 100007424
R 100007936
W 100000256
R 100005248
W 100008064
W 100004224
R 100001408
W 100005504
W 100005888
R 100001920
R 100005888
W 100006400
R 100001920
R 100004864
W 100002176
R 700004096
R 700005504
W 700003200
R 700008064
R 700005632
W 700001536
R 700005504
R 700003840
R 700000128
R 700007936
W 700004352
R 700004224
R 700004224
R 700006016
R 700000256
R 700004224
W 700006016
R 700000640
R 700001664
W 700002176
W 700000512
R 700001152
W 700005888
R 700005504
R 700001408
R 700001792
R 700007680
R 700003456
R 700003840
R 700007296
R 700007936
W 700003456
R 700006528
R 700005376
W 700002048
R 700000640
R 700000896
R 600006400
W 600003840
R 600007040
W 600001792
R 600004608
W 600000128
W 600000640
R 600001152
W 600004608
R 600007936
W 600002944
R 600008064
R 600002560
W 600001024
W 600001408
R 600000384
R 600001024
W 600005504
R 600000256
R 600003328
R 600006400
R 600003584
R 600007936
W 600006912
R 600006144
R 600004352
R 600004608
R 600006912
R 600000640
R 1152
R 1664
R 3840
R 8064
W 2048
R 7424
W 7808
W 1280
W 4096
R 2432
R 1536
R 3328
R 2432
W 8064
R 5248
R 3968
W 7168
W 768
W 4608
R 2688
R 128
R 1792
W 4992
R 8064
W 6912
R 7040
R 6912
R 3328
R 7296
R 7552
R 5888
R 6528
W 3584
W 3840
W 4864
W 6272
R 6016
R 7552
W 256
W 6016
R 200003456
R 200002432
W 200000256
R 200004096
R 200004096
W 200003200
R 200006400
R 200001152
W 200005248
R 200002944
R 200003456
W 200006144
R 200000384
R 200004224
R 200001408
R 200002432
R 200003200
W 200004864
R 200001408
R 200001152
R 200002944
R 200003840
R 200003584
R 100005120
R 100000768
R 100002432
R 100004992
R 100004224
R 100008064
R 100002048
R 100000512
R 100001408
R 100005120
W 100000768
W 100004864
R 100005632
R 100006016
R 100002304
W 100002304
W 100002816
R 100003328
R 100000384
R 100001920
R 100004736
R 100007552
R 100004096
R 100006016
R 100000256
R 500004736
W 500006528
R 500007296
W 500002560
R 500002048
W 500002944
R 500000896
W 500001280
W 500000640
W 500003712
R 500000512
R 500003840
R 500004608
R 500004864
W 500000640
W 500000000
R 500001792
W 500003072
W 500005504
W 500003712
R 500003456
R 500004096
W 500001280
R 500006656
R 500007808
R 500002304
R 500004480
R 500002560
W 500003200
W 500007680
W 100004224
R 100000896
R 100002048
R 100007808
R 100004864
R 100005760
R 100006656
R 100006784
W 100007168
R 100004736
W 100002816
R 100000512
W 100001152
R 100000512
R 100003328
R 100001024
R 100000896
R 100000384
R 100001408
R 100003328
R 100002560
R 100000384
R 100003328
W 100004992
W 100006912
W 100001408
R 100003968
W 100003584
W 100001408
R 100007296
R 100000640
W 100000896
R 100007936
R 100004864
R 100003072
R 100000000
W 100001920
R 100002432
W 100004480
R 300006272
R 300004864
R 300006400
R 300006528
W 300006272
W 300002048
R 300005248
W 300005888
R 300005376
R 300002688
R 300003840
R 300007680
R 300004096
R 300007808
W 300003072
R 300004480
R 300001536
R 300000640
R 300003584
R 300003072
R 300003328
W 300007552
R 300006400
R 300005120
R 300005504
W 300004480
W 300006016
R 300000256
R 300003968
W 300003584
R 200001408
R 200000256
R 200004096
R 200002176
R 200003072
R 200006144
R 200002176
W 200008064
W 200004352
R 200006656
R 200004096
R 200003968
R 200007424
R 200006912
R 200005376
R 200006272
R 200007040
R 200005120
W 200003712
R 100005120
R 100007040
W 100004352
R 100006272
R 100006528
R 100006656
R 100002048
W 100000896
W 100002688
R 100002688
R 100000896
R 100003840
R 100007168
R 100007168
R 100004736
R 100005760
R 100000512
R 100001664
R 100002816
R 100000512
W 100003584
W 100002048
W 100004480
R 100000640
R 100002688
W 100005888
R 100005632
W 100002560
R 100006784
R 100000768
R 100001664
W 100002560
R 100006144
R 100007296
R 100006400
R 100006144
R 100002432
W 100000512
R 100008064
R 100001408
R 100002560
R 100000896
R 100005632
W 100007040
W 100002176
R 100001792
W 100007936
R 100002816
R 100007808
R 100005248
R 100004864
R 100001792
R 100005760
R 100000640
W 100004992
R 100005760
W 100003456
R 100001152
R 100007808
R 500004224
R 500005504
R 500004608
R 500006272
W 500003328
R 500005376
R 500007040
R 500002944
W 500002432
R 500005504
R 500005888
R 500001024
R 500006528
W 500004224
R 500006400
R 500003072
R 500002048
R 5632
W 640
R 4992
W 6656
W 3456
R 5248
W 7168
R 256
R 1664
W 0
R 7680
W 5888
R 4992
R 2944
R 3584
R 1664
R 2688
R 128
R 4608
R 768
W 512
R 6016
W 7808
R 4608
R 5248
R 4352
R 5248
W 2176
R 3456
R 3072
R 128
W 3072
R 7168
W 7296
R 4480
R 7168
W 1280
R 640
R 512
R 500005376
W 500000256
R 500000128
R 500001792
R 500002944
R 500005888
R 500007552
W 500003328
R 500005120
R 500000768
W 500001408
W 500002816
R 500005120
R 500000256
R 500006272
W 500002048
R 500007552
W 500002048
W 500000000
R 500007680
R 500000384
W 500000128
R 500003712
R 500004352
R 500007168
R 500007168
R 500007296
R 500007424
R 500001024
W 500000896
R 500004608
W 500006912
W 500005760
R 500005632
R 500000896
R 500002304
R 500001408
W 500004096
R 500001408
W 500002304
W 500002048
W 500001024
W 500003712
R 500002560
R 500001024
W 500000256
W 500000896
W 500004352
R 500000640
R 500003328
R 500002560
R 500006528
W 500003840
R 500001152
W 500005120
R 500006656
R 500004352
R 500003456
R 500001536
R 500005504
W 500005504
R 500006912
W 500002176
W 500003200
R 500004992
R 500006784
W 500006528
R 400005888
R 400002304
R 400006528
W 400001536
R 400003968
W 400004864
R 400003200
W 400003968
W 400002048
R 400001792
R 400007936
W 400007424
R 400000512
R 400006784
R 400004352
R 6528
R 512
R 4608
R 4352
R 1664
R 7296
R 3840
R 128
W 5632
R 6272
W 1664
R 896
R 384
W 8064
R 3712
R 400004096
W 400000768
R 400006656
R 400000000
R 400006784
R 400000256
R 400004736
R 400008064
R 400008064
W 400000512
R 400002304
W 400002048
R 400005632
W 400006784
W 400001792
W 400005632
R 400001536
R 400004736
R 400004224
R 400006528
R 400002944
R 400007296
W 400003072
R 400002432
R 400003200
R 400007936
R 400005120
R 300001920
R 300000256
R 300005760
R 300004480
R 300003840
W 300000768
W 300002176
R 300000384
R 300002944
R 300002304
R 300004992
R 300002176
W 300001408
R 300007296
R 300005248
W 300005888
R 300003584
W 600005504
R 600008064
R 600005632
R 600002688
R 600006528
W 600001024
R 600002048
W 600006016
R 600006400
R 600006784
R 600003328
R 600003584
R 600001152
R 600002560
R 600007552
W 600003712
W 600002432
R 600004096
R 600000128
R 600000640
R 600007296
W 600002560
R 600005888
R 600004224
R 600000640
R 600007040
R 600000896
R 600001536
R 600005760
R 600003968
R 600007040
R 2432
W 2048
R 3968
R 5120
R 7040
W 1152
R 2432
R 5120
R 4096
R 6528
R 5120
R 6784
R 6912
R 1792
R 3072
W 7296
R 4224
R 2560
R 8064
R 640
R 896
R 3456
R 3200
W 128
R 2944
R 3584
R 4096
W 1024
R 1024
W 4992
W 3200
R 256
R 0
R 0
R 1408
R 2432
W 2048
R 256
R 300001024
R 300002176
W 300005632
R 300000384
R 300008064
R 300006912
R 300002816
R 300002048
R 300000896
R 300006784
R 300005376
R 300003328
W 300000896
R 300004352
W 300001792
W 300005888
W 300008064
W 300004096
W 300005120
W 300004224
W 300008064
R 300004096
R 300004096
W 300002816
R 300002048
W 300000384
R 300003328
W 300004992
W 300007680
R 300001536
R 300006272
R 300004864
W 300004352
R 300006400
W 300001792
W 300002432
R 300003584
R 300001792
R 300007424
R 300004736
R 300005888
R 300004352
R 300003200
R 300005632
R 300006656
R 300007552
R 300001024
R 300007040
R 300005120
R 300003328
R 300001024
R 300006912
W 300004224
R 300003200
R 300005888
R 300006144
R 300003328
W 300002816
R 300003968
R 300003456
R 300006016
R 300006400
W 300003328
R 300007808
R 300007296
W 300000384
R 300005888
R 300001536
R 300003328
R 300000512
R 300003840
W 300000768
R 300004224
R 2688
R 128
R 2688
R 2816
R 1024
R 1024
R 5632
W 512
R 4736
R 3712
W 1920
R 5760
W 2560
R 3712
W 4736
R 1024
W 2432
W 5632
W 6528
R 1920
W 2816
R 5120
R 2816
R 4864
R 7680
W 4096
R 512
R 7808
R 7680
R 896
W 6016
R 3456
W 6528
R 3968
R 6912
W 4864
R 6656
R 6144
W 700006272
W 700000256
R 700001024
R 700007040
W 700007168
W 700000512
R 700005376
R 700007168
W 700007936
W 700000128
W 700006400
W 700001664
R 700000000
R 700005248
R 700006272
R 700002176
W 700002560
R 700002048
W 700006400
R 700003328
R 700001408
W 700004608
R 700007936
W 700005888
R 700001408
R 700007424
W 700004608
R 700005248
R 700005248
R 700006016
R 700002560
R 700006528
R 700003968
R 700003200
W 700005632
R 700007936
R 700000640
R 700004608
R 700002560
R 700002560
R 700007296
R 700003968
R 700007168
R 700002688
R 700007168
R 700000640
R 700002432
R 700007936
R 700007040
R 700004352
R 700001408
R 700005888
R 700000128
R 700001920
W 700005760
R 700002816
R 700001408
R 700004480
R 700007040
R 700005248
R 700005248
W 700004096
R 700000384
R 700006272
R 700005376
R 700004352
W 700007552
R 700003968
R 700001664
R 700002304
R 700006784
R 700004864
R 100006912
W 100002944
W 100000256
R 100000256
R 100002048
R 100001024
R 100000896
R 100003328
W 100007936
R 100007680
R 100007296
W 100003072
R 100002688
R 100003072
R 100000896
W 100006528
R 100004096
R 100001664
R 100007168
R 100000384
R 100007040
R 100006272
W 100002304
R 100006400
R 100001408
R 100002176
R 100004096
W 700005632
W 700003584
R 700001536
R 700002688
W 700005248
W 700002560
W 700006016
W 700004352
R 700001152
R 700000000
W 700005504
R 700005632
R 700006784
R 700005504
R 700003968
W 700004864
R 700002304
R 700006400
W 700000640
R 700004608
R 700002048
R 700002944
R 700007808
R 1664
R 7808
R 1792
R 7680
R 256
W 4352
R 0
R 512
R 6016
R 4096
W 1920
R 6144
W 7936
R 8064
R 1920
R 4480
R 5632
W 7424
W 1792
W 4864
R 6144
R 3968
R 6784
W 512
R 128
W 3840
W 3072
W 4608
R 2432
W 5632
R 1792
W 1152
W 768
W 1280
R 2688
W 7040
W 100007552
R 100004480
R 100004992
W 100001408
R 100005760
R 100001280
R 100001280
W 100005888
R 100000256
R 100001152
R 100006656
R 100000896
R 100004096
R 100002560
R 100001920
R 100003456
R 100007552
R 100006656
R 100003968
R 100001920
R 100004992
R 100004608
W 100003968
W 100005760
R 100004992
R 100007936
R 100005632
R 100006272
R 100003840
W 100006400
R 100004992
W 100002304
W 100002176
R 100004864
R 100004608
R 100003712
R 100006656
R 100001280
R 100005248
R 100006272
W 100007936
R 100000640
R 100006656
R 100006016
W 100006400
R 100002176
R 100000384
R 300003456
R 300004096
R 300007424
R 300006144
R 300002816
W 300005248
R 300001664
R 300007040
W 300006656
R 300006144
R 300001792
R 300002560
R 300000640
R 300004224
R 300003584
W 300006144
R 300005376
R 500006272
R 500001536
R 500006272
R 500002816
R 500007040
W 500006528
R 500007808
W 500006656
W 500002048
R 500003584
R 500003584
R 500007552
R 500000384
R 500000384
R 500007296
R 500003328
R 500003968
R 500003840
R 500005248
R 500000512
R 500001152
W 500007040
W 500001920
R 500004096
W 500000128
W 500006272
R 500005888
R 500005248
W 500004992
W 500002816
R 500007296
R 400006784
R 400001024
R 400006656
R 400001664
R 400005504
W 400000640
W 400002432
W 400005632
R 400005248
R 400007808
R 400003968
W 400007296
W 400007424
R 400001920
R 400001280
R 400007296
R 400000768
W 400007936
W 400004608
W 400006528
R 400003840
R 400004608
R 400006656
R 400001024
R 400006272
R 400007936
R 400007680
W 400001920
R 400007936
R 400006912
R 400007552
W 400004480
R 400006912
R 400007936
R 400004736
W 400002048
R 400006528
W 400006784
R 400006016
R 400000128
R 400003840
W 400002816
W 400001152
R 400004992
R 400000000
R 400006784
R 400002688
R 400006912
W 400004864
W 400000384
R 400000768
R 400002176
R 400004608
W 400004608
W 400007936
R 400002304
R 400005760
R 400000128
R 400001920
W 400004096
R 400003072
R 400001280
R 400001536
W 400004480
R 600006656
R 600002432
R 600006144
W 600001152
R 600005888
W 600004608
R 600001152
W 600005760
R 600007296
R 600002816
R 600005888
W 600001792
R 600003584
R 600002688
R 600006144
W 600005248
R 600000768
R 600001792
R 600004992
R 600003328
R 600004608
R 600007296
R 600003456
R 600007808
R 600005120
R 600003968
W 600006400
R 600002432
R 200003584
W 200006912
R 200007424
R 200001792
R 200006016
R 200003456
R 200004864
W 200004864
R 200003328
R 200004736
R 200001792
R 200007936
R 200000384
R 200005504
R 200007936
R 200006656
R 200002688
R 200007680
R 200000768
R 200001024
R 200001792
R 300002560
R 300007040
R 300001152
R 300003840
W 300002176
W 300001152
R 300001408
W 300005888
W 300004352
W 300000640
R 300007296
R 300000000
R 300007296
W 300007936
W 300006784
R 300004352
R 300006656
R 300005632
R 300000896
R 300007424
R 300001024
W 300006784
R 300006400
W 300004224
R 300002816
R 300002432
R 300007552
R 300001664
R 300001152
R 300003968
R 100003584
R 100004480
R 100000000
R 100003584
R 100000640
W 100000256
W 100002432
R 100000768
R 100003712
R 100006144
W 100004736
R 100000000
R 100003200
W 100006784
W 100003584
R 100002816
R 100003200
W 100002944
R 100004864
R 100001792
W 100002688
R 100001280
R 100001152
W 100004864
W 100002816
R 100004352
W 100006272
R 100001408
R 100004224
R 100005760
R 100000384
R 100002560
W 100006016
R 100004096
R 100005632
R 100006144
R 100006016
W 100006272
W 100007808
W 700000640
R 700005504
W 700002432
R 700004736
W 700005376
W 700003840
W 700007808
R 700001280
R 700000384
W 700004992
R 700002944
R 700003840
R 700001664
R 700007936
R 700000384
R 700004224
W 700007040
R 700005632
R 700003328
W 700006400
R 700003840
W 400006784
R 400003712
W 400004224
W 400002048
W 400004736
R 400003968
R 400003072
W 400006144
R 400004992
W 400000896
W 400003456
R 400003712
R 400005376
W 400002304
R 400003200
R 400007168
R 400003072
W 600004224
R 600006656
R 600005632
R 600000256
W 600000256
R 600005760
R 600007680
R 600004864
R 600001152
R 600005632
W 600002176
R 600002432
W 600004864
R 600006400
R 600003328
R 600004224
R 600004864
W 600000384
R 600005760
R 600002432
W 600007680
W 600002688
R 600003712
R 600006144
W 600006144
W 600006400
R 600003456
W 600006144
W 600000128
R 600004352
R 600001792
W 600004480
R 600003712
R 600003072
R 600005376
W 600002688
R 600006144
R 600000000
W 600008064
R 700002048
R 700005632
R 700006528
W 700007552
R 700007424
R 700008064
R 700002176
R 700007424
W 700006400
R 700006016
W 700000512
W 700008064
R 700002560
W 700005248
R 700000768
R 700007552
R 700004992
R 700004224
W 700000640
R 700008064
R 700001280
W 700004992
W 700004864
R 700001152
R 700005376
W 700007296
R 700001664
R 700005888
R 700006528
R 700003328
W 700002432
W 700006912
R 200002304
W 200000640
R 200001408
R 200007552
R 200004736
R 200006912
R 200005760
R 200002560
R 200007552
R 200002176
R 200004864
W 200003968
R 200007808
R 200006272
R 200005248
R 200003328
W 200005248
R 200001664
R 200003200
R 200000000
R 200005504
R 200001280
R 200001920
W 200007040
R 200002048
W 200002816
R 200007424
R 200002944
R 200006144
R 200006144
W 200007808
R 200001152
R 200003328
R 200001280
W 200007424
W 600000128
R 600007168
R 600004480
R 600004864
R 600001280
W 600005376
R 600001152
W 600007936
R 600000896
R 600007808
R 600006656
R 600004480
W 600001408
R 600004736
R 600000640
W 600002944
R 600006784
R 600003072
R 600001664
R 600004352
R 600005760
R 600005248
R 600000896
R 400006016
R 400005248
R 400005120
R 400006912
R 400004480
R 400007552
W 400007680
W 400006016
R 400004352
R 400000000
W 400006272
W 400001920
R 400003456
R 400000128
R 400002176
R 400003584
R 400000896
R 400002944
R 400002560
R 400001024
R 400004736
R 400008064
W 400002176
R 400000640
R 400002688
R 400005120
R 400004480
R 400000896
R 400001408
R 400001920
R 400000768
R 400003200
R 400004992
W 400006784
R 400000384
R 400004480
R 400000256
W 4096
R 7808
R 3328
W 4480
W 5632
R 5120
R 6272
R 3968
R 6528
W 7168
W 1280
R 384
R 5632
R 7040
R 4352
R 400001408
W 400003072
R 400005120
W 400007424
W 400003072
R 400002560
R 400001152
W 400001280
R 400002048
R 400006144
W 400003840
R 400001152
R 400001536
R 400007936
R 400001152
W 400007680
R 400002816
W 400007936
R 400006912
R 400003712
R 400001408
R 400000640
R 400000256
R 400002048
R 400004864
R 400001664
R 400001664
R 400001792
R 400005760
W 100001920
W 100004096
R 100004096
R 100005760
R 100001152
W 100001536
R 100005248
R 100001024
W 100006400
R 100001920
R 100006272
R 100001664
R 100006912
R 100000000
R 100000384
W 100006400
R 100005248
R 100002944
R 100001152
R 100001152
R 100001408
R 100001920
R 100007808
W 100002304
R 100007168
R 100005120
R 100003840
R 100001280
R 100000640
R 100002304
R 100003072
R 100005120
R 100006016
R 100003840
R 100006912
R 100002304
R 100000128
R 100003584
R 100004096
W 100003328
R 100007808
R 100006016
W 100003712
R 100003968
W 100005888
R 100006272
W 100005248
R 100003456
W 100003840
W 100008064
R 100000256
R 100005632
R 100001536
W 100000512
R 100003840
W 100004992
R 100003456
R 100007424
W 100006656
R 100004992
R 100006912
R 100007936
W 100000896
W 100003712
W 100007296
R 100002048
W 100002816
R 100004608
W 100007296
R 100001920
R 100007168
W 100003840
R 100002688
R 100000384
R 100002688
W 100007040
R 100006016
R 100001024
W 100002560
R 100002432
R 100000384
R 100001664
W 100004736
W 100003200
R 100002176
R 100002688
R 100005888
W 100004352
W 100004992
W 100001920
W 100001280
R 100002432
R 100004608
R 100003584
R 100003712
W 100007808
R 100006912
R 100003584
W 100001408
R 100004992
R 100000000
R 100002944
R 100005760
R 100002304
R 100003200
W 100000896
W 100002816
R 100000640
W 100007040
R 100000000
R 100004480
W 100007040
R 100000768
R 100005120
W 100007424
W 100001664
W 100005504
R 100001792
R 100000768
W 100003840
W 100002944
R 100007296
W 100005760
W 100005120
R 100000384
W 100003456
R 100000640
R 100005504
R 100000128
W 100008064
R 100000256
R 100001408
R 600003712
W 600004480
W 600006912
R 600007680
W 600005760
W 600001024
R 600007040
R 600007808
W 600001792
W 600002944
R 600002176
R 600007808
R 600004096
R 600001152
W 600002944
R 600006400
R 600001408
R 600002944
R 600001920
W 500000768
R 500006656
R 500002304
W 500006784
W 500002304
W 500000256
W 500002688
R 500005888
W 500002688
W 500003200
R 500002176
W 500002688
R 500000512
R 500004864
W 500000640
R 500002304
W 500007936
R 500006272
R 500002432
R 500005120
W 500003072
W 500001024
R 100007296
R 100006784
R 100007808
R 100001152
W 100002432
R 100001408
R 100007552
W 100005888
W 100003968
W 100007040
W 100007552
R 100005760
W 100005632
R 100005376
R 100000896
R 100006144
R 100001664
R 100001280
R 100006144
R 100007040
R 100004096
R 100007552
R 100003584
R 100003840
W 700001152
W 700007424
R 700001152
R 700003072
W 700002048
R 700004864
R 700000000
R 700006656
R 700000640
W 700004224
W 700000640
W 700003712
R 700002048
R 700008064
R 700003712
R 700005632
W 700002432
R 700005888
R 700005760
W 700003200
R 700003840
W 700002048
R 700006656
W 700001536
R 700007296
R 700003456
R 700005888
R 700001152
R 700006656
R 700005632
R 700000128
W 100004736
W 100007424
R 100002304
W 100000256
W 100001408
R 100000256
W 100002048
R 100003456
W 100001280
R 100000768
R 100004352
W 100002176
R 100002304
W 100003328
R 100001024
R 100003456
R 100006016
W 100006272
R 100005248
W 100007296
W 100004864
R 100005504
R 100003584
R 100004224
W 100003200
W 100001408
R 400005632
R 400006784
W 400006784
W 400001920
W 400001152
W 400002816
W 400000384
W 400000768
R 400000896
R 400000640
R 400001664
R 400000128
R 400002944
W 400003456
R 400007808
R 400001664
R 400005760
R 400007552
W 400007296
W 400004096
W 400000896
R 400000896
W 400002944
R 400006272
R 400004480
R 400006272
R 400000000
R 400003200
R 400003712
R 400003712
W 400006656
W 400002432
R 400002432
R 400004352
W 400006656
R 400002432
W 400003584
W 400006272
R 400006016
W 400003584
R 400000384
R 400007936
R 400004096
W 400006528
W 400002304
R 400000128
R 400001024
R 400001280
R 400001792
W 400003968
W 400001408
W 400004224
R 400004480
R 400004736
R 400001408
R 400000896
W 400000640
W 400007552
R 400003712
R 400002688
W 400001280
R 400002432
R 400006528
W 400001920
R 400003328
R 400001408
R 400002048
R 400004224
R 400000384
R 400005120
W 400005632
W 400003840
R 400005888
W 400002944
W 400004608
R 400002944
R 400000896
R 400000640
R 400005376
W 400006400
R 400005504
W 400005248
R 400002816
R 400002048
R 200005632
W 200002176
R 200004608
W 200003840
R 200003200
W 200006784
W 200003072
R 200005632
R 200002816
R 200007552
R 200006784
W 200007040
W 200006272
R 200000640
W 200006912
W 200004608
W 200005888
W 200000768
W 200006528
R 0
W 3456
R 6400
W 2048
W 7424
R 1536
R 6528
R 3968
W 384
R 2816
R 384
R 2176
R 1152
W 6656
R 3968
R 6272
R 1024
W 3456
R 100006528
R 100003072
R 100006272
R 100006656
W 100002560
W 100007808
R 100004992
R 100001152
R 100001536
R 100002560
W 100002944
R 100006272
R 100004096
R 100007424
R 100000000
R 100003456
R 100006144
R 100004480
W 100001152
R 100004352
W 100004224
R 100003968
W 100002816
R 100002176
W 100006272
R 100007808
W 100001792
R 100000768
R 100002688
R 100006912
W 100007936
R 100001408
R 100002048
R 100007040
R 100004608
R 100004224
R 100004608
R 100007040
R 100003712
R 100000000
W 100007808
R 100006400
W 100000768
W 100001792
R 100001536
R 100002944
W 100007680
W 100006528
R 100000128
W 100000896
R 100001920
R 100005504
R 100001024
R 100004352
W 100001408
R 100004096
W 100007040
R 100001792
R 100000384
R 100000512
R 100004224
R 100002176
R 100000384
R 100005376
W 600004096
R 600004992
R 600006400
W 600005248
W 600007424
W 600001408
R 600001024
W 600001280
R 600001792
R 600001024
W 600007936
W 600003712
R 600006912
W 600007808
W 600001152
R 600001024
R 600003072
W 600006912
W 600003072
R 600006400
W 600007808
W 600003584
R 600005632
W 600000128
R 600006912
W 600002176
W 600005888
R 600003968
R 600005888
R 600004224
W 600000768
W 600005888
R 600005504
R 600004480
R 600003968
R 600004352
R 600005760
W 600005632
W 400005888
W 400007168
R 400007808
R 400003072
R 400007168
R 400006656
R 400001664
W 400004480
R 400006912
W 400000768
R 400003072
W 400007680
R 400006016
W 400004224
R 400005888
W 400006912
W 400006400
R 400001920
W 400006912
W 400000256
R 400006656
R 400006272
R 400004736
R 400001536
W 400000000
R 400003584
R 400004352
R 400001152
W 400007552
R 400001536
W 400007168
R 400003584
R 400006656
W 400000256
R 400001792
W 400001920
R 600005248
W 600002560
R 600006656
R 600001408
R 600000384
W 600001920
R 600007808
R 600003072
R 600006144
W 600000128
R 600001536
R 600001024
R 600004864
R 600006784
R 600001920
R 600004864
R 600002432
R 600005120
R 600004864
R 600005632
R 600003200
W 600003840
W 600005504
R 600001408
R 600002560
W 600002432
W 600007936
W 600001024
W 500006656
R 500004992
R 500000128
R 500000640
R 500005504
R 500005248
W 500003840
W 500000000
W 500006656
R 500002816
W 500005888
W 500006656
W 500003584
R 500003968
R 500000768
R 500001408
R 500006784
R 500000128
W 500002688
W 500000128
R 500007808
R 500005120
R 500001408
R 500002944
W 500001536
W 500005120
W 500000768
R 100006784
W 100005120
R 100001408
R 100004608
R 100003840
R 100004480
W 100004096
R 100001664
W 100006912
R 100000256
R 100004864
W 100001408
W 100001664
W 100000384
R 100006144
R 100001920
W 100004224
W 100005504
R 100001152
R 100003584
R 100000000
R 100001664
R 100004992
R 100004480
W 100006016
R 300004480
R 300002304
R 300001792
R 300000256
R 300002560
R 300000512
W 300001920
R 300000384
R 300002944
R 300003456
R 300005120
R 300007168
R 300005376
R 300004480
R 300006656
R 300002816
R 300002816
W 300004352
R 300008064
R 300005248
R 300007296
R 700001024
R 700004992
W 700007552
R 700002048
W 700004608
R 700005504
R 700002560
W 700004992
W 700003584
R 700007296
R 700000768
R 700005248
R 700006784
R 700007296
W 700000896
R 700000640
R 700004608
W 700003456
R 700004480
R 700004864
W 200006272
W 200003328
R 200000768
R 200007936
R 200005632
R 200006016
R 200003200
R 200006784
R 200005504
W 200002176
R 200005888
W 200001280
R 200006912
R 200002176
R 200003840
W 200007680
R 200000384
R 200001408
W 200004736
W 200002176
W 200004608
W 200004224
W 200001536
R 200002048
W 200007680
R 200004992
R 200005888
R 200001664
R 200003840
R 200006784
R 200001280
W 200000512
R 200004608
R 200004480
W 200002688
R 200000768
R 200005248
R 200007808
R 200005888
W 200005248
W 200002560
W 200006784
W 200002688
R 200001664
W 200002688
R 200004096
R 200007040
W 200000512
R 200001920
W 200006144
R 700002432
R 700003584
R 700007552
R 700000256
R 700001792
R 700007808
W 700005760
W 700005120
W 700003968
R 700004224
R 700004480
W 700002944
R 700000768
W 700004864
R 700000000
R 700005632
R 700005376
R 600004480
R 600002176
R 600000640
R 600003712
W 600001536
R 600006784
W 600001920
R 600005504
R 600002560
W 600003456
R 600007296
R 600007808
R 600000640
W 600005760
W 600007040
W 600001792
R 600004608
R 600003072
W 600002432
R 600002816
R 500000256
R 500006656
W 500003968
W 500006656
R 500000512
R 500000384
R 500007936
R 500001024
R 500003968
R 500004096
R 500001280
R 500007296
R 500006016
R 500003840
R 500002048
R 500005760
R 500001152
R 500005376
R 500001792
R 500000256
R 500002432
W 500007424
W 500005120
R 500006272
W 500006528
R 500000512
W 500007168
R 500000640
R 500000512
R 500001792
R 500006144
R 500007424
R 500006656
W 500002048
R 500006528
R 500005376
R 500006528
R 500007168
R 500001152
W 500006656
R 500000512
R 500002816
R 500001152
R 500001280
R 500003456
R 500005632
R 500007680
R 500001280
R 500002048
R 500002432
W 500002560
R 500000384
R 500000256
W 500005888
W 500001920
R 500000128
R 500007936
W 500002944
R 500003072
R 500008064
R 500004736
R 500007040
W 500002432
R 500005120
R 500003840
W 500001920
R 500007296
R 500001408
R 500000896
R 500006528
R 500005248
R 500005376
R 500000640
R 500001920
R 500002560
W 500003840
W 500005248
R 500000128
R 500005120
R 500002304
R 500002688
R 500006656
R 500001536
R 500002176
W 500007040
W 500004480
W 500002432
R 3584
W 2816
R 1024
W 4480
W 7936
R 3200
W 6784
R 6912
R 6656
R 4352
R 2432
W 7552
W 6528
R 512
W 5248
R 1024
W 6272
R 6528
W 2560
R 3072
R 6912
R 1280
R 1408
R 512
R 2816
R 5504
R 640
W 384
W 3200
R 1024
R 8064
W 7936
R 7808
R 3840
R 5760
R 400004352
R 400008064
R 400003712
R 400006016
W 400001664
R 400006400
W 400005248
W 400001152
R 400002944
W 400007680
R 400004864
R 400006400
W 400006016
R 400007424
W 400006400
W 400001536
R 400003072
R 400004864
W 400005120
R 400001920
R 400007040
R 400005376
R 400005248
W 400005248
R 400001792
R 400004352
R 400002816
R 400004864
R 400001536
R 400004736
R 400005376
R 400003456
W 400007296
W 400006144
R 400004864
R 6016
R 7168
R 640
R 6528
R 6144
W 3968
W 1792
R 5888
R 2432
R 2560
R 3456
R 2560
R 6912
R 3712
W 2432
R 1536
R 6656
R 4864
W 3072
R 5120
R 7424
R 1408
W 5376
W 3584
R 7808
R 7552
R 4992
R 4992
W 5888
R 6656
R 2432
R 1152
R 256
R 400006016
R 400005248
W 400008064
R 400002176
R 400004096
R 400001920
R 400006656
R 400001792
R 400001664
W 400001408
R 400002816
R 400004864
R 400002560
R 400000256
R 400006528
R 400003200
R 400001792
R 400002560
R 400000640
W 400002176
R 400004608
R 400003200
R 400003584
R 400006912
W 400002816
R 400004096
R 400002048
R 400005632
W 400004480
R 400002816
R 400004224
W 400002688
R 400000000
W 400006784
W 400004992
R 400006016
W 400002176
R 500002432
R 500004608
W 500007936
R 500007936
R 500006784
R 500006656
R 500001664
R 500004992
W 500002560
W 500000000
R 500004608
R 500004864
R 500000384
R 500007680
R 500003840
R 500002688
W 500001792
R 500005120
W 500000768
R 500006656
R 500006016
R 500002432
R 500000000
R 500001920
R 500001024
W 500003328
W 500002304
R 500002304
R 500006784
W 500002560
R 500006656
W 500006400
R 500003840
R 500001152
R 200005120
R 200003200
R 200005504
W 200000000
W 200006656
W 200005120
W 200001152
R 200006912
R 200003456
R 200007552
W 200007680
W 200001408
R 200000896
W 200001408
W 200003200
R 200005248
R 200000896
R 200004352
R 200004480
R 200003456
R 200003968
W 200001408
W 200006016
W 200004096
W 200007424
R 200002432
R 200003712
R 200006656
W 200006144
R 2688
W 3712
R 7680
R 7040
W 640
R 6144
R 6656
R 1792
R 6912
R 1408
W 6784
R 7296
R 4224
R 6784
R 0
R 7296
R 4224
R 0
W 2688
W 256
W 1536
R 7296
R 0
R 2048
R 4992
W 1536
R 5632
R 5504
W 7552
R 384
R 6144
W 1920
R 256
R 512
R 7680
R 4736
R 2432
R 1536
R 5760
R 6144
W 5888
R 4480
R 5632
R 3584
W 3200
W 6784
W 6400
R 5504
R 6656
W 6400
R 1536
R 1408
W 5632
R 4608
R 3072
R 384
R 6656
W 3712
W 3712
W 100000768
W 100002816
R 100005376
W 100000000
R 100005632
R 100007168
R 100000512
R 100003840
W 100004224
W 100001664
R 100001920
R 100002560
R 100002176
R 100006272
R 100004480
R 100001920
W 500003584
R 500007936
R 500004352
R 500002304
R 500003712
W 500005248
R 500001152
R 500000000
W 500003584
W 500001280
R 500001280
R 500007936
W 500007552
R 500003328
R 500002432
R 500007168
R 500005632
R 500005248
R 500007680
R 500005632
R 500003712
W 500007040
R 500004864
R 700006784
W 700004480
R 700000256
R 700002432
R 700005632
R 700002560
R 700004864
W 700004608
R 700003968
W 700001664
R 700006528
R 700005632
R 700004864
R 700002176
W 700001152
R 700002304
R 700001920
W 700000384
R 700002688
R 700003456
R 700003456
W 700000512
R 700002688
W 700003840
R 700002048
R 700000896
R 700003072
R 700004096
R 700004608
R 700005760
R 700002432
R 700006272
W 700005504
R 700002432
R 700001536
R 300003072
R 300004352
R 300005376
R 300000128
W 300008064
R 300002944
R 300003200
R 300004224
W 300002944
W 300001408
W 300000256
R 300001024
R 300004352
R 300005888
R 300006784
R 300004352
R 300005376
R 300005632
R 300006016
R 300002304
R 400007680
R 400002176
W 400003840
W 400001536
W 400006400
R 400001536
W 400003456
W 400005632
R 400001792
R 400002944
R 400007552
R 400005376
W 400007040
R 400000256
R 400003456
W 400004864
R 700002816
R 700004992
W 700007424
W 700006656
W 700003840
W 700004224
W 700000000
R 700001664
R 700007296
R 700004480
R 700007168
W 700004224
W 700003328
W 700005248
W 700007552
R 700006912
R 700006656
R 700000000
W 700003584
R 700005888
W 700004608
R 700005376
W 700007808
R 700007296
W 700002432
W 700002560
R 700002176
R 700001536
W 700004992
R 700007552
R 700005632
R 700001024
W 700006272
R 700006400
R 700004864
R 7808
R 6016
R 7040
W 2048
R 2816
R 5888
R 7296
R 5376
W 3328
W 5632
R 6784
R 7296
R 1280
R 512
R 7552
R 2048
R 6528
R 5376
W 7936
W 7808
W 8064
R 3200
W 4992
W 200005760
R 200002304
R 200003968
R 200003456
R 200006528
W 200001792
W 200002816
R 200003456
R 200006784
W 200006656
R 200006912
R 200004608
W 200006784
R 200007040
R 200003968
R 200003968
R 200004352
W 200004992
R 200005504
R 200007296
R 200006656
R 200001152
R 700006528
W 700005760
W 700001664
R 700005504
W 700007296
R 700004992
R 700002432
W 700003072
R 700001152
R 700002432
W 700005888
W 700005376
R 700007936
R 700005504
W 700003712
R 700000256
W 700001664
W 700000128
R 700007424
R 700007552
W 700003840
R 700001920
W 700003712
W 700007808
R 700004352
R 700004608
W 700005504
R 700003712
R 700000768
R 700000128
W 700001152
W 700001536
W 700005888
W 700002816
R 700003840
W 700004352
R 700006528
R 700006656
W 700005632
R 700002176
W 700004224
R 700004736
R 700001408
R 700004992
R 700001536
W 700005376
R 700000512
R 700006016
R 700003968
R 700007424
W 700003712
W 700003200
R 700001792
W 700003712
R 700005760
W 700001408
R 5248
R 3200
W 6272
R 1024
R 6144
R 1664
R 4224
R 4480
R 640
R 4224
R 5248
W 2560
R 3712
R 8064
R 5120
R 2688
R 4992
W 1024
W 3200
R 5504
R 7040
W 6528
W 6272
R 4224
W 6656
R 3968
W 3968
R 3456
R 1920
W 3328
R 5888
R 4608
R 896
R 7936
R 512
R 4224
W 300003456
W 300005120
W 300003712
W 300001408
R 300001792
R 300007296
R 300005248
R 300006272
R 300002048
R 300008064
W 300001792
W 300007808
R 300005888
R 300005248
R 300005120
W 300005248
W 300002944
R 300003456
W 300000512
R 300005248
W 300001920
R 500001792
R 500003072
R 500004480
R 500002560
W 500001152
R 500003968
R 500003072
R 500003840
W 500006656
R 500003328
R 500000256
W 500006912
R 500007936
R 500007808
R 500001664
R 500003968
R 500004352
R 500007808
R 500006528
R 500006912
W 500006016
W 500002048
W 500003456
R 500001024
R 500000640
R 500005376
W 500007040
R 300007936
W 300007424
R 300006656
W 300007680
R 300008064
W 300006784
W 300002176
W 300000896
W 300005888
W 300001792
R 300000256
R 300002944
W 300003072
W 300003200
W 300003072
W 300002560
R 300001152
R 300007040
W 300001408
R 300005760
R 300003584
R 300005760
R 300006144
R 300000000
W 300002944
R 300007168
W 300000128
R 300000896
R 300000128
W 300007936
W 300007552
R 300007296
W 300002560
R 300000128
R 300007168
W 400000768
R 400004480
R 400002688
R 400004608
R 400005504
W 400002432
R 400006400
R 400002560
R 400002944
R 400003072
R 400004736
R 400000896
R 400003584
R 400000896
W 400001664
R 400003968
W 400000128
R 400005888
W 400006400
W 400000512
R 400003712
R 400003456
R 400006272
W 400004864
R 400004608
R 400000512
R 400002304
R 400007040
R 400002304
R 400006400
R 400000896
W 400000768
R 400002560
W 400004480
W 400000640
R 400005248
R 400004224
R 400004224
R 700001280
R 700006400
R 700004224
R 700001152
W 700007552
R 700002176
R 700006016
R 700006912
R 700007808
R 700004864
R 700005760
W 700004096
R 700007296
W 700002688
R 700002304
W 700005120
R 700006144
W 700005248
R 700002432
R 700001664
R 700000256
R 700001664
R 700000256
R 700007936
R 700004992
R 700006784
R 700005248
R 400002816
R 400002176
R 400007552
R 400002304
R 400003840
R 400000640
R 400008064
W 400003328
W 400003968
W 400007040
R 400007168
W 400005888
R 400004352
R 400002304
W 400003072
R 400003840
R 400007040
R 100000512
W 100006912
W 100000000
W 100002048
R 100004864
R 100002432
W 100003840
R 100008064
R 100007808
R 100000384
W 100001920
R 100006400
W 100006912
R 100000000
R 100000000
R 100003200
R 100007552
R 100006528
R 100005120
R 100004992
R 100005888
W 100007424
R 100000512
R 100001536
R 100001536
W 100001792
R 100001920
R 100001408
R 100005888
R 100000384
W 100007168
W 100002816
R 100003328
R 100002432
R 100007936
R 100005760
R 100006912
R 200000768
R 200001280
W 200006272
W 200003328
R 200007040
W 200005888
R 200003328
R 200001536
R 200003456
R 200000256
R 200005504
R 200000256
W 200004864
R 200004224
W 200005376
R 200001792
W 200001664
R 200004608
R 200005632
R 200002560
R 200003072
R 200005248
R 200005760
W 200007168
R 200004352
W 200004224
W 200003968
W 200007296
R 200006144
R 200005632
R 200006912
R 300003200
W 300008064
R 300002304
W 300004608
R 300004608
W 300001152
R 300001280
R 300003072
R 300004992
R 300000256
R 300002432
R 300006784
W 300006016
W 300005888
W 300003968
W 300001792
R 300001152
R 6016
R 3072
W 3456
R 6400
R 1536
R 2816
W 3840
R 5120
W 6400
R 3328
R 4480
R 6912
R 5248
W 3968
W 512
R 7296
R 4096
W 1920
R 400002048
W 400007552
W 400002048
R 400002688
R 400000896
R 400002560
W 400003072
R 400007552
W 400003968
R 400000768
R 400000640
W 400001792
R 400000128
W 400003968
R 400005760
R 400007552
R 400005248
W 400000512
R 400007168
R 400005504
R 400000128
R 400002432
W 600001408
R 600002048
R 600000000
R 600003072
W 600003968
W 600002176
R 600003456
W 600002944
R 600004608
R 600003968
R 600006528
W 600007296
R 600001664
R 600006528
W 600005632
W 600002944
R 600000512
R 600006528
R 600005376
R 600003968
W 600007936
R 600003712
R 600006016
R 600007424
R 600002176
R 600003072
R 400007808
R 400001792
R 400002176
W 400001792
R 400002688
R 400006272
R 400001408
R 400004224
W 400004096
R 400002304
R 400007936
R 400004352
R 400003072
R 400004736
R 400007040
W 400001536
R 400004096
W 400006656
R 400005120
R 400006272
R 400001664
R 400004224
R 400005120
W 400001536
R 400001024
W 400001536
R 400002048
W 400004352
R 400002816
W 400005248
W 400005888
R 400005248
W 400002432
W 400001024
R 400003840
R 400007808
R 400001024
R 400007936
R 600000768
R 600003456
R 600000384
W 600008064
R 600002304
W 600002560
R 600007808
R 600003584
R 600007936
R 600004224
R 600006912
R 600003712
W 600007936
R 600005376
R 600007424
R 600006784
R 600004096
R 600003584
R 600005888
R 600008064
R 600003584
R 600000000
W 600001024
R 600007424
R 600004736
R 600005248
R 600001408
R 600000384
W 600001664
W 600006528
R 600000128
R 600003328
R 600006656
R 600004608
R 600005376
W 300001408
W 300002048
R 300001408
W 300007680
R 300004736
W 300003840
R 300008064
R 300006528
R 300002816
R 300007424
R 300007936
R 300004992
R 300000896
R 300008064
R 300005504
W 300004608
R 300001920
R 300002560
R 300007936
R 300002688
W 300003712
W 300003200
R 500006656
W 500000512
W 500007040
R 500001792
R 500006016
R 500000896
W 500004736
R 500007424
W 500007680
R 500002304
R 500006400
W 500004608
R 500002816
R 500008064
R 500001792
R 500003840
R 500001920
R 500007936
R 500003712
W 500007936
W 500000640
R 500004864
R 500007936
R 500004736
R 500001280
W 500003584
W 500002304
W 500000128
R 500000640
R 500007040
R 500002048
R 500002944
R 6272
W 7936
R 512
W 6784
R 1920
R 3840
W 3456
W 7168
W 3712
R 6144
R 6528
W 1664
W 2560
W 2944
R 7040
W 7680
R 4480
R 2176
R 1536
R 3456
W 5504
W 256
R 1536
R 6400
W 6272
R 3968
R 1024
W 5888
R 2176
W 4864
R 4864
W 2688
R 2560
R 7808
R 300001024
W 300003200
R 300005760
R 300001408
R 300002048
W 300002432
R 300000640
R 300001536
W 300005760
R 300002176
R 300002560
W 300001152
W 300007424
R 300005760
R 300000256
W 300006144
R 300004608
R 300002560
W 300006528
R 300001792
W 300006272
R 300003328
R 300003072
W 300005888
R 300004736
R 300003200
R 300006912
W 300000640
W 300006528
R 300003200
W 300005248
R 300003712
R 300007040
R 300000384
R 300005760
R 300004096
R 300007552
R 300002432
W 300004736
R 300007808
R 6912
R 6528
W 6400
R 5888
R 4096
W 1408
R 1024
R 6656
R 6400
R 5376
R 3456
R 1280
W 6784
R 1280
R 768
R 5888
W 6016
R 3072
R 2304
W 3072
R 5760
R 4864
R 5504
R 5888
R 2176
R 3840
R 700004992
R 700003968
W 700003968
R 700003328
R 700006272
W 700005888
R 700007552
R 700006272
R 700001024
R 700002944
R 700001920
R 700005376
R 700001536
W 700004352
R 700008064
R 700004096
R 400001536
R 400000896
W 400002176
R 400005504
R 400003328
W 400004864
R 400007168
R 400003072
R 400004480
R 400001024
R 400006912
R 400001024
R 400000256
W 400001920
W 400006528
R 400003200
R 400007680
R 400003200
W 400007168
R 400006400
R 400001920
W 400006400
R 400003456
R 400006144
R 400006784
W 400004224
W 400007552
W 400002304
R 400004992
R 400001408
R 400001280
R 4992
W 3072
R 512
W 4608
R 896
R 6272
W 1536
R 1920
W 7680
R 2048
W 2560
R 3200
W 5632
R 5760
R 4736
R 5632
R 6400
R 5376
R 5376
R 4224
R 4864
R 5120
R 896
R 6400
R 7424
R 1280
R 6784
R 1920
R 4224
R 6272
R 6400
R 512
W 2944
R 512
R 1920
R 3456
R 3840
R 6400
W 4608
W 896
R 2048
W 3328
R 5760
W 6016
R 6528
W 0
R 1792
R 512
W 768
R 6400
R 3840
R 2560
R 640
W 3328
R 384
R 400005248
W 400000000
R 400001152
R 400002816
W 400004608
R 400001024
R 400004992
R 400007168
R 400006144
R 400005120
R 400004480
R 400005888
W 400004096
R 400001664
R 400006528
W 400003328
R 400006528
W 400006912
R 400000896
R 400003456
W 400005888
W 400007808
R 400004736
W 400001664
R 400001920
R 400007808
R 400002048
W 400007552
W 400007296
W 400006656
R 400007296
R 400004224
R 400000128
R 400005504
W 400003712
R 400006144
R 400001920
W 500000896
W 500003584
R 500005376
W 500000256
R 500002816
R 500004224
R 500000000
R 500005888
W 500008064
R 500002048
R 500000384
R 500001792
W 500000384
R 500000256
W 500007424
R 500007808
R 500000896
W 500000128
W 500002304
W 500001536
R 500004736
R 500001792
R 500001152
W 500006016
R 500001152
R 500005120
R 500007680
W 500004864
R 500001792
W 500006016
R 500001536
W 500006272
W 500006912
R 500003200
R 100000640
R 100003200
R 100002304
R 100000512
R 100006016
R 100007552
R 100005376
R 100007552
R 100006272
W 100005504
R 100007040
R 100007296
W 100002432
R 100002048
W 100003456
R 100006912
W 100000128
W 100006400
R 100004864
R 100008064
W 100007168
R 100003200
W 6016
R 2816
R 2304
R 3456
W 7936
W 6784
R 3072
R 384
R 1920
R 8064
R 6016
W 6784
R 4608
R 7040
R 1152
R 4608
R 5504
W 7040
R 640
R 1280
R 3328
R 500006272
R 500002048
R 500008064
R 500004992
R 500006528
W 500004992
W 500001024
R 500005120
R 500006912
W 500003968
R 500003072
R 500002560
R 500000000
W 500005760
W 500001024
R 500007040
R 500005504
R 500003968
W 500000512
R 500000000
W 500000896
R 500002048
R 500005120
R 500006528
R 500006528
W 500007936
R 500005760
R 500007552
R 500007808
R 500004224
R 700004480
W 700007296
W 700008064
R 700006656
R 700004096
W 700000128
R 700000384
W 700001280
R 700004992
R 700001792
R 700001664
W 700001536
R 700000512
W 700000384
R 700002560
R 700000512
R 700004352
R 700003840
W 700006528
R 700006912
W 700001024
R 700002944
R 700002048
R 700002944
R 700005248
R 700000512
W 700005120
R 700001920
W 700002688
R 700007168
R 700006016
R 700000000
W 700007680
W 700003968
W 700002688
W 700000512
R 700007296
W 700003200
R 700000000
R 700003968
R 700002176
R 700000768
R 700000640
R 700006144
W 700006528
W 700001408
R 700006144
W 700004096
R 700007296
W 700001408
R 700003328
R 2048
R 5632
R 5632
W 6912
R 8064
R 896
R 3712
R 2816
W 0
W 5248
R 6528
R 3712
R 640
W 7552
R 3328
R 2048
W 2560
R 512
R 4352
W 640
R 8064
W 3840
W 2944
R 6912
R 5888
R 2688
R 1408
W 2688
R 3456
W 4864
W 4480
R 5504
R 5376
R 200002432
R 200004096
W 200001024
R 200007168
W 200003072
R 200002432
R 200004864
R 200007424
R 200007168
R 200001664
W 200006016
R 200003328
R 200002688
W 200007424
R 200006784
R 200003840
W 6528
W 2560
W 1408
R 4608
R 2304
R 7552
R 0
R 0
R 1024
R 3456
R 6400
R 384
R 3840
W 4224
R 5120
W 4352
R 6656
W 6656
R 4992
R 3968
R 4864
R 2432
R 5760
R 2304
R 7040
R 4736
W 6656
R 4992
W 6656
W 7936
W 7552
R 4480
W 5760
W 768
R 4480
W 7552
R 5120
R 6400
R 7168
R 2944
R 200007936
R 200004736
R 200004864
R 200004608
R 200006016
R 200007296
R 200003840
R 200001152
R 200001280
R 200004480
R 200003072
R 200001408
W 200006400
W 200007296
W 200001536
R 200004224
W 200007040
R 200005760
R 200003584
R 200007808
W 200001280
R 200001792
R 200007424
W 200001792
W 200001792
R 200001152
R 200007424
R 200002304
R 200006528
R 200007296
W 200005632
R 200003840
R 200001536
R 200006912
R 200005760
R 200002816
R 200001280
R 200000768
W 200000000
R 200001024
R 400002688
R 400005248
W 400003328
R 400003968
R 400000512
R 400003712
R 400000896
R 400005248
R 400004480
R 400006400
R 400007040
W 400002048
R 400003968
W 400005376
W 400004608
R 400006528
R 400003072
R 400003328
W 400000000
R 400006272
R 400004480
R 400000384
R 400001280
W 400002432
R 400000128
R 400001408
R 700004608
W 700006784
R 700002560
W 700007680
W 700001920
W 700004096
R 700002176
W 700003840
W 700002944
W 700003456
R 700000640
W 700005120
R 700001280
R 700001280
R 700005632
W 700006528
R 700005120
R 700001664
W 700004992
R 700000896
W 700000000
R 700003072
R 700004224
R 700004736
R 700002816
R 700001664
R 700000768
W 700003456
R 700004224
R 700007808
R 700005504
W 700001664
R 400000000
R 400006144
R 400005888
R 400005248
R 400007168
R 400003840
W 400002944
R 400000640
R 400003200
W 400002560
R 400002432
W 400005376
W 400006400
W 400007168
R 400006272
R 700007168
W 700005632
R 700001664
R 700000000
W 700006528
R 700001920
W 700005888
W 700000512
R 700000768
R 700003200
R 700002816
R 700004608
R 700003584
R 700000512
R 700001920
R 700002432
R 700002432
R 700005504
R 700004992
W 700000256
R 700006656
R 700003072
R 700001792
R 700007040
R 700006912
R 700005632
R 300005248
R 300004480
R 300006784
R 300001792
W 300006016
R 300001536
R 300002944
R 300002816
W 300007040
R 300005248
W 300003840
R 300005888
R 300003072
R 300004736
R 300004480
R 300000000
R 300000128
W 300001792
R 300007424
R 300007808
R 300005248
R 300005632
R 300003840
W 300002432
R 100004864
W 100005376
R 100001408
R 100004736
R 100001920
R 100001792
R 100000128
R 100007552
R 100006656
W 100001408
R 100001920
R 100005504
W 100002304
W 100004608
R 100007552
W 100007424
R 100000896
W 100000896
R 100007424
R 100006016
R 100000512
W 100000768
W 100000512
W 100003584
W 100000128
W 100000000
R 100007168
R 100007936
R 100003840
R 100002432
R 100000768
W 100000896
R 100005888
W 100001024
R 100001664
R 100006528
R 100001024
R 100002816
R 100001024
R 100006144
R 300004224
R 300002944
R 300003200
R 300004736
R 300007680
R 300002816
R 300003072
W 300003072
R 300000896
W 300006272
R 300003712
R 300007680
R 300000128
W 300003584
R 300006016
R 300003328
R 300001408
R 300008064
W 300004864
W 300007680
R 300004480
R 300006912
R 300001152
R 300007040
R 300003584
R 300001152
R 300007040
R 300002560
R 300001408
R 200001792
W 200004224
W 200002560
W 200003584
R 200004224
R 200002304
W 200006144
W 200005888
R 200001280
R 200003712
R 200005632
W 200005376
R 200006528
W 200003456
W 200000256
R 200007296
R 200003968
R 200001280
R 200006656
W 200005376
R 200004224
R 200002176
R 200006016
R 200001792
W 200006912
W 200005760
R 200002048
R 200004096
R 200002560
W 200003200
R 200003712
R 200000256
W 200006784
R 200007296
W 200004224
W 200000128
R 200005632
W 200001536
R 200001024
R 500006016
W 500002688
R 500005248
W 500006912
R 500000640
R 500005504
R 500002688
W 500002048
R 500001664
R 500007552
W 500003200
W 500002560
R 500006400
W 500000512
R 500006400
W 500004352
R 200001536
R 200001792
R 200006400
W 200007296
W 200002176
R 200003840
W 200004224
R 200001536
R 200004608
R 200003584
R 200007296
W 200002432
W 200003968
R 200000768
W 200006144
W 200001024
R 6400
R 5120
R 4864
R 6528
R 2176
R 2944
W 4352
R 7040
R 4736
R 1536
W 2048
R 6016
R 768
R 5248
R 7808
W 896
R 2688
W 6656
R 5632
W 1024
R 7040
W 256
W 3072
R 1408
W 384
R 300006784
W 300002432
R 300002304
R 300002688
R 300002048
R 300000896
W 300003712
R 300005632
R 300004096
W 300003072
R 300007552
W 300000640
R 300003840
R 300002688
W 300001408
R 300004992
W 300000384
R 300007168
R 300006656
R 500003456
W 500004992
R 500002048
R 500001536
W 500004864
R 500000128
W 500004736
R 500007168
R 500003968
W 500004992
R 500007296
W 500000640
R 500007680
W 500002304
R 500001408
R 500006656
W 500007296
W 500005376
W 500006656
W 500002048
R 500003328
W 500005376
W 500001792
R 500005376
R 500005376
W 500002816
R 500006784
R 500001920
R 500001152
W 500001920
W 500001152
W 500002048
R 500003456
W 500002176
W 500002688
R 300006528
R 300005376
W 300004608
R 300000384
R 300005376
R 300005504
R 300004992
R 300005760
W 300000384
R 300007680
R 300002304
R 300002176
W 300002560
R 300001024
R 300003072
R 300001920
R 300003072
R 300000896
R 300000000
R 300000384
R 300001024
W 300002688
R 300007424
R 300004480
R 300003328
W 300003072
R 300006656
R 300001152
W 300006144
R 300004608
R 500003712
R 500004864
R 500002176
W 500007296
R 500005888
R 500006912
R 500000640
R 500005248
R 500006016
W 500002944
W 500007168
R 500003968
W 500001024
R 500003200
R 500004864
R 500002816
W 500002944
W 500000896
W 600006528
W 600001920
R 600007424
W 600002048
W 600005248
R 600004224
W 600002304
R 600003712
W 600006272
W 600002176
R 600006784
R 600004352
W 600000256
W 600007424
R 600002816
W 600000000
R 600000256
R 600001792
R 600007808
W 600005120
R 600000128
R 600003840
R 600000768
R 600001024
W 600004480
R 600005376
R 600007168
R 600003840
W 600004608
R 600000256
R 600003328
R 600001152
W 600004736
R 600002688
R 600007680
R 600007552
R 600004096
R 512
W 512
W 3968
W 7936
W 640
R 1920
W 6400
R 6016
R 0
R 3456
R 4352
R 5632
W 6016
R 2560
R 1792
R 4992
R 7040
R 6656
R 6272
W 3968
R 768
R 512
R 2304
R 1408
R 4352
R 6016
W 300003840
R 300002688
R 300006784
W 300003968
W 300005632
R 300004224
W 300006528
W 300007936
W 300007808
R 300006144
R 300003072
R 300007168
R 300007808
R 300002048
R 300001920
R 300003584
R 300002432
R 300005632
W 300002432
R 300001920
R 300006400
R 300007424
R 300006272
R 300002816
R 400007552
W 400006528
R 400003200
W 400004864
R 400000896
R 400000896
R 400007936
R 400004352
R 400000000
R 400002560
R 400008064
R 400002176
R 400003840
R 400000256
R 400007808
W 400003456
R 400003328
W 400004608
R 400004480
R 400004736
W 400002048
R 400001920
R 700001536
R 700000768
R 700000000
W 700003840
R 700002944
W 700004864
R 700001408
R 700003456
R 700001536
W 700005504
R 700005504
R 700000768
W 700002560
R 700007552
R 700000256
R 700002816
R 700007424
W 700006912
R 700005120
R 700002048
R 700008064
R 700005888
R 700005632
R 700005760
R 300006144
R 300006528
R 300003456
R 300002560
R 300006784
R 300002944
R 300007040
R 300001920
R 300002816
W 300000640
R 300003712
W 300007808
W 300000512
R 300006528
R 300001792
R 300002432
W 300002048
R 300001408
R 300003456
R 300003968
W 300005504
R 300002944
R 300002048
R 300000512
R 384
R 5120
W 2688
R 384
W 6272
R 0
R 1408
R 6656
W 7552
W 6144
W 2048
W 3712
R 1280
W 3840
R 3072
R 2048
W 5632
W 200000640
R 200001024
R 200002048
R 200002944
R 200006784
R 200006016
R 200006144
R 200002944
R 200002432
W 200007808
W 200003840
W 200000384
R 200008064
R 200003328
R 200004608
R 200004224
R 200000512
R 200003328
R 200004608
R 200002688
R 200004992
W 200000384
R 200001664
R 200006784
W 3712
W 3584
R 4864
R 6400
W 6272
W 3968
W 3584
R 3968
R 7296
R 1280
R 2688
R 1024
W 3072
W 3968
W 5760
W 3328
R 3584
W 4864
R 5760
W 640
R 2688
R 6272
R 7936
R 2176
W 6400
R 7680
R 4992
R 4224
R 3968
W 6144
R 2304
R 6016
R 1024
R 2048
R 2688
W 384
R 500003456
R 500003712
R 500006912
R 500005248
R 500002304
R 500004352
W 500004352
R 500003968
W 500000000
R 500001920
R 500004736
W 500001664
W 500004224
R 500003968
R 500003456
W 500002560
W 500001280
W 500002560
W 500000896
W 500004992
R 500002432
R 500001024
W 500003840
W 500002688
W 500001152
W 500004608
R 500006144
R 500001792
W 500008064
R 500006528
R 500007296
R 500000896
R 500003584
R 500001920
W 400005888
R 400005888
W 400004480
R 400005376
R 400006016
R 400004480
R 400001536
R 400007296
R 400001920
W 400004480
R 400005888
W 400005632
R 400006272
W 400003072
R 400004352
R 400002304
R 400006272
R 400007680
R 400006144
R 400004352
R 400004736
R 400001792
R 400003584
W 400005376
R 400002048
R 400002560
R 400002048
R 400004864
R 400005760
R 400001536
W 400005376
R 400001152
W 400001024
W 400003584
R 400002688
R 600001408
R 600001280
R 600000896
R 600000384
W 600005504
R 600000128
R 600007552
R 600001536
R 600005248
R 600006400
W 600000384
R 600007808
R 600000128
R 600003200
R 600002688
R 600007552
W 600005632
R 600003968
R 600002816
R 600000256
W 600006272
W 600007168
R 600004608
W 600006144
R 600002944
R 600002304
R 600005760
R 600006528
R 600002688
R 700000000
R 700007424
W 700000256
W 700006400
R 700000384
R 700002176
R 700004608
W 700006912
R 700006144
R 700001920
R 700005632
R 700002944
W 700007040
R 700002944
W 700006656
W 700007808
R 700008064
R 700003712
R 700001664
W 700007680
W 700005376
R 700001024
W 700001792
R 700005632
R 700005248
W 700004608
R 700002688
W 200004480
R 200002560
W 200000640
R 200005760
R 200001280
W 200007936
W 200002304
R 200000768
W 200001408
W 200001536
W 200007936
W 200000384
W 200002176
W 200003200
R 200002304
R 200000000
R 200005376
W 200001792
R 200007808
R 200002944
R 200006144
R 200007552
W 200006912
R 200003072
W 200003072
R 200003968
R 200004096
R 200004352
R 200000384
W 200002304
W 200003968
R 200003328
R 200000384
W 200003456
R 200007424
W 200006912
R 200002432
R 200000768
R 700002688
W 700004992
R 700005248
R 700002944
R 700006016
R 700002176
W 700000384
R 700007552
W 700007424
W 700001152
R 700003968
W 700006528
R 700003328
R 700002560
R 700006144
W 700000640
W 700002304
W 7296
W 4480
W 1408
W 768
R 1408
R 3328
W 7296
R 1024
R 6912
R 256
R 3328
R 7168
R 6016
R 6144
W 7936
R 2816
W 4352
R 4480
R 1280
R 6400
R 5120
R 6912
R 2816
R 4096
W 4352
R 4480
R 7296
W 1792
R 7040
W 5760
R 1024
R 600007936
R 600003584
R 600000768
R 600007168
R 600004096
R 600007424
R 600008064
R 600004224
R 600002688
R 600007808
W 600004736
R 600006016
R 600006912
R 600006144
R 600002048
R 600002048
R 600007808
R 600005760
R 600005376
R 600004224
R 600007424
R 600000768
R 600005760
R 600002816
W 600004224
R 600002176
R 600004352
R 600004736
R 600003712
R 200001024
W 200007040
R 200004992
R 200001920
R 200005248
R 200006016
W 200003584
R 200000896
W 200007040
W 200003328
R 200005632
R 200004992
R 200000512
R 200006400
R 200000896
W 200000384
W 200004224
R 600007424
R 600006656
R 600003072
R 600001792
R 600007936
R 600004864
R 600003072
R 600000768
R 600007680
R 600000896
R 600004096
R 600000384
R 600007808
W 600004352
R 600004864
R 600003456
R 600006528
R 600003712
R 600008064
R 600003072
R 600002048
R 600003328
W 600001280
R 600004224
R 600000128
W 600006912
W 600002176
W 600003072
W 600004224
W 600003072
R 600007808
R 600004864
R 600006912
R 600000896
W 600006912
R 600003328
R 600000768
R 600003200
R 600004352
R 600007424
R 600006528
W 600007808
R 600000512
R 600004608
W 600004864
R 600003840
R 600005120
R 600005760
R 600002304
R 600005376
R 300003200
R 300004480
W 300001792
W 300006272
R 300007936
R 300001280
R 300005248
R 300005888
W 300005760
R 300001536
R 300007040
R 300000000
R 300003200
R 300002816
W 300000256
W 300004864
R 300002560
R 300004096
R 300004736
R 300004224
W 300005248
W 300006528
R 300007168
R 300002432
R 300007424
R 300004352
R 300001920
R 300007552
W 300002432
W 300006784
W 300002688
W 6656
R 6272
W 4736
R 2176
R 5888
R 3712
R 1664
W 5376
R 0
R 1536
R 2816
R 384
R 4352
R 6400
R 6784
R 5376
R 640
R 4352
R 6400
W 1024
R 384
W 3328
R 6912
R 5632
W 5888
R 2432
W 1664
R 5120
R 768
R 1024
W 2304
R 4224
R 600006400
W 600004096
R 600001792
W 600004224
R 600005120
R 600000128
R 600006784
R 600002176
R 600001664
W 600005120
R 600006656
R 600003200
R 600004096
R 600005632
R 600006144
W 600003072
W 600000256
R 600007552
R 600004608
R 600004224
R 600006016
R 600004864
R 600003456
R 600007040
R 600004352
R 600002304
R 600004736
R 400003712
W 400001792
R 400004352
W 400001536
W 400000512
R 400005120
R 400000640
R 400006272
W 400006784
W 400003072
R 400002176
W 400005504
R 400001664
R 400001664
R 400005376
W 400001408
R 400003456
R 400002304
R 400001408
W 400004736
R 400004992
R 400005888
R 400003456
R 400000640
R 400000896
R 400003968
R 400001664
R 400003072
R 400006144
R 400003456
W 400007552
W 400003968
R 400007168
R 400004480
R 400007168
R 400003584
R 400000768
W 400002816
R 400004096
R 100006784
R 100004480
R 100007680
W 100001536
R 100007936
R 100007424
W 100004736
R 100006400
W 100001536
R 100003456
R 100003456
R 100002944
W 100003840
R 100001792
W 100002432
R 100001792
R 100007680
R 100003968
R 100002688
R 100004352
W 100001408
R 7296
R 7040
R 5504
R 7808
R 3968
R 3712
W 4352
R 5120
R 3072
R 3072
W 5760
R 6272
R 7424
W 6400
R 128
W 1792
R 2432
W 7296
R 3712
R 4864
R 4352
R 5120
R 0
R 3968
W 6912
R 1664
R 3456
R 5888
R 2560
R 4480
W 2304
R 7808
R 3200
R 5248
W 7680
R 7296
R 6016
R 3584
R 7552
W 1408
R 300003712
W 300004096
R 300002688
R 300000640
R 300007680
W 300000512
R 300000512
R 300005120
R 300000768
R 300006912
R 300003584
R 300006400
W 300006528
R 300006016
R 300001792
R 300006272
R 300006912
R 300003712
R 300001024
R 300007424
R 300003840
R 300001536
R 300001536
R 300005120
R 300003712
R 300005120
W 300000640
R 300001920
R 7296
W 2560
R 4352
R 1408
R 7936
R 3712
R 4864
R 6784
R 7168
R 5504
W 7424
R 5504
R 768
R 7040
R 6272
W 7168
R 4736
W 1152
R 7552
W 4096
R 7808
W 1536
R 7808
R 2560
R 3840
R 3712
W 4864
R 3328
R 5248
R 5632
R 8064
R 700006144
R 700000000
R 700006528
W 700004096
W 700006912
R 700004352
R 700007552
R 700006912
W 700004224
R 700001408
W 700004224
R 700007808
R 700007424
R 700002944
W 700006656
W 700006400
R 700004992
R 700007680
R 700006656
R 700005632
R 700003328
R 700000384
W 700001920
W 700007808
R 700000640
W 700000768
R 700003456
R 700000768
R 700007808
R 600000768
W 600001792
R 600000384
R 600001536
R 600002048
R 600007936
W 600005504
W 600005120
R 600006784
R 600005888
R 600004352
W 600000384
R 600003200
R 600001920
W 600000512
R 600006400
R 600006400
R 600004992
W 600006144
R 600001024
W 600004480
W 600001024
W 600004608
R 600007680
R 600000128
R 600006912
R 600007552
R 600000128
W 600007680
R 600007424
R 600003968
R 600000768
R 600002048
R 600006912
W 100005376
R 100003328
R 100000512
W 100007936
R 100001536
R 100000384
W 100007424
W 100001024
R 100004224
R 100003200
W 100005760
R 100000256
R 100000768
R 100004352
W 100006784
R 100000256
W 100006528
R 100007296
R 100006144
R 100008064
R 100006400
W 100000896
W 700000896
R 700004608
R 700005632
W 700002688
R 700006272
R 700003200
R 700007552
R 700001792
R 700001792
R 700003968
R 700004096
R 700006272
W 700006784
W 700005632
R 700000000
W 3200
R 4864
R 4352
R 6528
W 512
W 2816
R 896
R 5760
R 1792
R 7552
W 5504
R 768
R 6272
R 7424
R 4480
R 2176
W 6400
R 4864
W 7040
R 1280
R 3968
R 4736
W 7936
R 3456
W 5120
W 3200
R 6528
R 300005632
R 300005632
R 300004992
R 300001920
R 300006272
R 300007936
R 300004864
W 300006400
W 300002560
R 300006528
R 300006912
R 300001792
R 300003840
R 300002432
R 300002176
W 300007040
R 300001408
R 300004864
W 300000384
R 300001664
R 300001024
R 300003072
R 300006528
W 300007424
R 300005760
W 300002688
R 300007936
R 300003456
W 300007424
R 300002048
W 300005632
R 300004736
R 500000896
R 500006784
R 500004992
R 500006016
R 500005376
R 500000128
W 500006528
R 500006272
W 500000128
W 500001024
R 500002688
R 500004096
R 500007040
R 500006272
W 500003968
W 500006656
R 500001408
R 500003328
W 500007168
R 500003328
R 500000640
R 500003712
W 500006656
R 500005888
W 500004992
R 500004352
R 500005376
R 500006016
R 500003712
R 500005504
R 500003712
W 500006528
W 500000640
R 500006144
R 600001792
W 600000000
R 600000896
W 600005504
R 600001920
R 600008064
R 600005504
W 600007168
R 600006272
R 600002816
R 600004736
R 600007936
R 600000384
W 600007808
W 600008064
R 600000000
R 600000384
R 600004224
R 600003072
R 600001280
R 600007680
R 600003328
W 600001664
R 600001920
R 600007936
R 600006144
R 600004096
W 600003072
W 600000256
R 600008064
W 600006784
W 600005120
R 600002560
W 600000000
R 400005760
R 400007168
R 400000128
R 400005760
R 400002816
R 400002944
R 400001408
W 400000768
W 400004608
R 400000256
R 400003840
R 400002688
W 400007296
R 400003968
W 400004224
R 400005632
R 400002048
R 300001024
R 300002816
R 300005248
R 300001536
W 300006912
W 300006528
R 300003584
R 300001664
R 300005760
W 300002048
R 300003968
R 300002816
W 300004352
R 300000384
R 300001280
R 300003200
R 300005120
W 300003712
R 200007680
R 200007680
W 200006400
R 200005248
R 200002304
W 200007296
R 200002048
R 200004480
W 200007296
R 200005248
R 200006272
W 200006400
R 200006528
R 200000128
W 200003584
W 200001664
R 200004864
R 200001536
W 200001152
R 200006144
R 200005504
W 200004992
R 200006272
R 200001536
W 200003968
W 200003456
W 200007168
R 200001280
W 200003328
R 200002048
W 200002560
W 200002304
W 200006912
R 400004992
W 400003968
W 400007808
W 400007040
W 400002560
W 400000256
R 400004608
W 400001280
R 400006272
R 400008064
R 400003200
R 400001792
R 400002176
R 400001280
W 400006656
R 400004352
R 400001792
W 400000640
R 400005376
W 400005632
R 400002048
W 400006656
R 400002304
R 400004352
W 400000640
R 400004736
R 400004480
R 400007296
R 400003328
R 400004480
R 400000512
R 400006912
R 400000384
R 400006912
R 400007808
R 400003968
R 400006656
W 400003328
R 400002432
R 400006912
R 400003968
R 400003584
R 400001280
R 400002560
R 400006016
W 400007424
R 400002048
W 400007424
R 400005248
R 400001536
W 400007424
R 400001152
R 400001920
R 400001664
R 400004864
W 400005888
R 400004352
R 400006528
W 400002560
R 400003072
R 5248
W 6528
R 640
R 128
W 4608
W 1920
R 4096
R 1024
R 5760
R 4352
W 6144
R 1024
R 2816
R 6144
R 4608
R 200000000
R 200001920
W 200000640
R 200003584
R 200005632
R 200007296
R 200006912
W 200004736
R 200001408
R 200001024
W 200002432
R 200002816
R 200005888
W 200000896
R 200004608
W 200006400
W 200007680
W 200001408
W 200003840
R 200006400
W 200004736
W 200007168
R 200004992
R 200000128
R 200000640
R 200002432
R 200007296
R 200004480
W 200003968
R 200003328
W 200000640
R 200004352
R 200000384
R 200001024
R 200006656
W 200002048
R 200001664
R 200001536
W 200001024
R 200002304
R 600003328
R 600000384
R 600006144
R 600007424
R 600001920
R 600007168
R 600006528
R 600003328
R 600001536
W 600004736
R 600002816
R 600001408
R 600004736
R 600003072
R 600006144
R 200003200
R 200000896
W 200002816
R 200003840
R 200001408
R 200006784
W 200003840
R 200001280
R 200007168
W 200006656
W 200004992
W 200006272
W 200004352
R 200007424
R 200006656
R 200003072
R 200004736
W 200001536
R 200007296
R 200007040
W 200007040
W 200002560
R 200001920
W 200001792
R 200006016
R 200005248
W 200006144
R 200000512
R 200000000
W 200002048
W 200000128
R 200001408
R 200004864
R 200000640
R 200004608
R 200006016
W 200001920
W 200004352
R 200003328
R 200006912
R 200000384
W 200007040
R 200005632
R 200003072
R 200004736
W 200004608
R 200005376
W 200001536
R 200006016
W 200004096
R 200005632
R 200005120
W 200003712
R 200006528
R 200002816
R 200002176
R 500002944
W 500000384
W 500002560
R 500000512
R 500004864
W 500006528
R 500000128
R 500008064
R 500006272
R 500006400
R 500006016
R 500001152
R 500006784
W 500007296
R 500006784
R 500006528
R 500000256
R 500007424
W 500008064
W 500004864
R 500007296
R 500007296
W 500007552
R 500002432
R 500000128
R 500004352
W 500003200
R 500006784
R 500006400
R 500004736
R 500004608
W 500002304
R 200005376
R 200005888
W 200001280
W 200006912
R 200000512
R 200004352
R 200004352
R 200003072
R 200002560
W 200003840
R 200003712
W 200006656
W 200001664
R 200004096
R 200005248
W 200006144
R 200001024
R 200004864
R 200004608
R 200004352
R 200002944
R 200004736
W 200002944
R 200004608
R 200006016
R 200004096
R 200000384
R 200006144
W 200001920
W 200000512
R 200003200
W 200005376
R 200007168
W 200000896
R 200001152
R 200005504
R 200008064
R 200006528
R 500001408
R 500004096
W 500000256
R 500004096
R 500007936
R 500007936
R 500001920
R 500002816
W 500002304
R 500007936
R 500008064
R 500003456
R 500002816
R 500005120
W 500003200
R 500002176
R 500003968
W 500003328
R 200006016
R 200003328
W 200004480
R 200002304
W 200000640
R 200001024
R 200005120
R 200002944
R 200005632
R 200001920
R 200005376
R 200005120
W 200001280
W 200006912
R 200005120
R 200005248
R 200000000
R 200001664
W 200003584
R 200004480
R 200003712
R 200002176
R 200005376
R 200000640
W 200005248
R 200008064
R 200003968
W 200001280
W 200001792
R 200007296
W 200000640
R 200007168
R 200000000
R 200002944
W 200004608
W 700004096
R 700001536
R 700006528
R 700007808
W 700004096
R 700005504
R 700000640
W 700006016
R 700007296
W 700002944
R 700000256
W 700006912
W 700003456
R 700000128
R 700001920
W 700003584
R 700004352
R 700006912
R 700006144
R 700000640
R 700005632
W 700003840
W 700001408
R 700002432
R 700003456
W 700007040
R 700006016
R 700004992
W 700004096
R 700007680
R 700002176
R 700007552
R 700000640
W 700003712
W 700003456
R 700007424
R 700002304
R 700007680
W 700006656
R 700004992
R 700004480
R 700006528
R 700000384
W 700004480
R 700006272
R 700002176
R 700006144
R 700001280
R 700001408
W 700006784
R 700001536
R 700004992
R 500000768
W 500003968
R 500002048
R 500000768
W 500004480
W 500003328
W 500006784
R 500004224
W 500006144
R 500005504
R 500000640
R 500008064
R 500006528
R 500005760
R 500003072
R 500006528
W 500007168
W 500005760
R 500005248
W 500005632
R 500003072
R 500004864
W 500007040
R 500003840
R 500002304
R 500003328
R 500000000
R 500000384
R 500005376
R 500002176
R 500006400
R 500001920
W 500006528
R 500001280
R 500000256
R 500005376
R 500005760
R 500002304
R 500007680
R 500000512
R 500000000
R 200000768
R 200001920
R 200006656
R 200007040
W 200006144
R 200007808
R 200000896
R 200004224
R 200004480
R 200003840
W 200002176
R 200004352
R 200006912
R 200006656
R 200006144
R 200002432
R 200002944
R 200000000
R 200000128
W 200004608
W 200002816
R 200001536
W 200004608
R 200003840
R 200006784
R 200006400
R 200001792
R 200005248
R 200007936
R 200001408
R 700001792
R 700000128
R 700002304
W 700000512
R 700006144
R 700007296
R 700005504
R 700001792
W 700003456
R 700002176
R 700005376
R 700000128
R 700006272
R 700002432
R 700000768
W 700004480
R 700001152
R 700002944
W 700003584
W 700004992
R 700004224
R 700002944
R 700001792
R 700007680
R 700004096
R 700006656
R 700000896
R 700005888
W 700005760
R 700001920
R 700006912
W 700001664
R 700006656
W 700002944
R 200000640
R 200003456
R 200000512
R 200002688
R 200001792
R 200001280
R 200007680
W 200006400
R 200004736
R 200007936
R 200003328
R 200006912
R 200004608
R 200005760
W 200003456
R 200003712
R 200005632
R 200001792
R 200007808
R 200003328
W 200005632
W 200007680
R 200006272
R 200006016
R 200007424
R 200002688
R 200006272
W 200006144
R 200006912
W 200004608
R 200006912
W 200004608
R 200005120
W 200006912
W 200001024
R 200001664
R 200002816
W 200000640
R 200002176
R 200007808
R 200002944
W 200007168
R 200001152
W 200002304
R 200006400
R 200003200
W 200006400
R 200000640
R 200006016
W 200001280
R 200003200
R 200000128
W 200002944
R 200000640
R 200007424
W 200004096
R 200002560
W 200006528
R 200005248
R 200002304
R 200006144
W 200002048
R 200003072
R 200001152
R 200007680
R 200005248
R 200001792
R 200001152
W 200002048
R 200006272
R 200007424
R 200003584
R 200004352
W 200006016
W 200000768
R 200004864
W 200006272
R 600005120
R 600007296
W 600001408
R 600002688
W 600006144
W 600003712
W 600007936
W 600005120
R 600007552
W 600007040
R 600007168
R 600002560
R 600005120
R 600004864
R 600007936
W 700000896
R 700003584
R 700000896
R 700004608
W 700004224
W 700006016
R 700007808
R 700000896
R 700000512
R 700003840
R 700006016
R 700007296
W 700001792
R 700002176
R 700007936
W 700000384
R 700000768
R 700000768
R 700002560
W 700007040
R 700000384
R 700006528
W 700001024
W 700002560
W 700000640
R 700004608
W 700006016
R 700002304
R 700003328
R 700002432
R 700002176
R 700005120
R 700006656
R 700003584
W 600005504
R 600004992
R 600000256
W 600006016
R 600004736
R 600006784
R 600005248
R 600000896
W 600003968
W 600005504
R 600003072
R 600002944
W 600005632
R 600007552
W 600001024
R 600007936
R 600003840
W 600006528
R 600001152
R 600005632
R 600005760
W 600005888
W 600001280
R 600002048
R 600005760
R 600002688
R 600007424
W 600003072
W 600001920
R 600006016
W 600004864
R 500007808
R 500001280
R 500001408
W 500005248
W 500000384
R 500000768
R 500001280
W 500002176
R 500005888
W 500000512
W 500006144
W 500000000
R 500001280
R 500005120
R 500006400
W 500002560
R 500002048
R 500005248
W 500004480
R 300002176
R 300003200
R 300002944
R 300004864
W 300006272
R 300002432
R 300000512
R 300001664
R 300001280
W 300005248
R 300001664
R 300006272
R 300006016
R 300005632
R 300003840
R 300006272
W 300004864
R 300007040
R 300002048
W 300007168
R 200008064
R 200005888
R 200003584
R 200003328
R 200007680
R 200003200
R 200001280
R 200004992
R 200000128
R 200003200
R 200000256
R 200002176
R 200003328
W 200002560
R 200007552
R 200007552
W 300004480
W 300001152
W 300001536
R 300005248
W 300006528
W 300001024
W 300000640
R 300000384
R 300003328
W 300006528
R 300002432
W 300007552
R 300007424
R 300000512
W 300004352
R 300001152
W 300004864
R 300003200
R 300007168
W 300000256
W 300003584
R 300003072
R 300006272
W 300003584
R 300002304
W 300000640
R 300004480
R 300002560
R 300000128
R 300007552
W 300000640
R 300002048
R 300007808
R 300002816
R 300003328
R 300005120
R 300005248
W 300000640
R 300003968
W 300004480
W 300006912
R 300001536
W 400000000
R 400007296
R 400007168
W 400004224
R 400000640
R 400007040
W 400004736
W 400001920
R 400004864
R 400007936
W 400003584
W 400001920
R 400007040
R 400005120
R 400002688
W 400005504
R 400005632
R 400001280
R 400000896
R 400003200
R 400002560
W 400000640
R 400004992
R 400003456
R 400005888
W 400005120
R 400006528
W 400005888
R 400005760
R 400002176
R 400004480
R 400002304
R 400003072
R 400004608
W 400005760
W 400003712
R 400001664
R 100003712
R 100005376
R 100004736
R 100007552
R 100001024
R 100001152
R 100002048
R 100005120
R 100001152
R 100005248
R 100001920
R 100000768
R 100002432
W 100006400
R 100007936
R 100008064
R 100003328
W 100005120
R 100000256
W 100007808
R 100001536
R 100000512
W 100002304
R 100007680
R 200005376
R 200004352
R 200005248
R 200004608
R 200004736
R 200005632
R 200007168
W 200002304
R 200002816
R 200003712
R 200003584
W 200002560
R 200004992
R 200004736
R 200006400
R 200004480
R 200001792
W 200000000
W 200003072
R 200007680
W 200007552
R 200005504
R 200004608
W 200006784
W 200007296
R 200000640
R 200003456
R 200001280
W 200006656
W 200007680
W 200002560
W 200005760
R 200007680
R 400001152
R 400002176
R 400002944
R 400003584
R 400004480
W 400005376
R 400005376
R 400006400
R 400006784
W 400000768
R 400007808
R 400004224
W 400007552
W 400003712
W 400007040
W 400005376
W 400006144
W 400007040
R 400005504
R 400003712
R 400005888
R 400006144
W 400005248
R 400000896
R 400006656
R 400004224
R 400001920
R 400004096
R 400005376
W 400006656
R 400005504
R 400000384
R 400003456
W 400007552
W 400007552
R 400001408
R 400005376
W 400000384
R 400003968
R 400000512
R 700006016
R 700007808
R 700004096
R 700007168
R 700005760
R 700002560
W 700000768
R 700007936
R 700006912
R 700004992
R 700000256
R 700000000
W 700005888
R 700001024
R 700006912
R 700005760
R 700003712
R 700001664
R 700006144
R 700005248
W 700004352
R 700003456
R 700006784
W 700005760
W 700000384
R 700004608
R 700001920
R 700002944
R 700006016
W 700001920
R 700007168
R 700000640
R 700001024
R 4608
R 2432
R 896
R 5632
R 4352
R 1792
W 4608
R 8064
R 4224
R 7168
R 3072
R 5760
R 3840
R 1280
R 2304
R 5504
R 2560
R 7424
W 7424
R 512
W 1024
R 1664
R 3712
W 2304
R 896
W 7168
R 6144
R 7552
W 400002304
W 400000256
R 400000384
R 400002176
R 400008064
R 400002304
R 400002816
W 400002048
W 400003328
R 400001280
R 400000384
R 400006144
R 400006144
R 400007808
W 400005248
R 400003840
W 400002816
R 400001664
W 400004352
R 400005248
W 400007936
W 400006656
R 400001920
R 400006528
R 400006528
R 400006144
R 400000256
W 400001792
W 400007680
W 400004608
R 400000128
R 400000000
R 400001152
R 400005760
R 400003456
R 400004224
R 500004608
W 500000640
R 500000000
R 500006144
R 500002816
W 500005504
W 500006272
R 500000768
R 500007040
R 500004352
R 500006784
R 500002816
R 500004736
W 500003968
R 500001792
R 500007552
R 500002816
R 500003584
R 500001280
R 500005120
R 500003200
W 500007936
R 500002432
W 500000896
R 500007680
R 500006272
R 500007680
W 500005632
R 500000896
W 500004224
R 500001792
R 500003200
R 500007680
R 500002432
R 500003200
R 500004224
R 300005248
R 300007168
R 300003584
R 300003840
R 300006144
R 300005632
R 300002560
R 300000256
R 300002176
R 300000640
W 300004992
R 300006528
R 300003072
W 300007296
R 300000640
R 300003712
W 500004224
R 500001280
R 500002432
R 500002304
R 500001920
W 500007296
R 500004480
R 500002176
R 500005760
R 500006272
R 500004992
W 500007552
R 500007680
W 500007680
R 500004864
R 500007680
R 500008064
R 500000896
R 500007296
R 500003968
W 500002048
R 500007424
R 500000512
W 500003840
W 500008064
W 500004608
R 500007680
W 600000768
W 600007168
W 600004864
R 600002432
R 600007552
R 600004736
R 600004736
W 600000000
W 600006016
R 600003584
R 600007936
R 600004096
W 600000256
W 600008064
W 600000512
R 600001280
R 600003072
R 600005888
W 600003584
R 600000256
R 600000896
R 600004992
W 600001408
R 600001664
R 600003072
W 600008064
R 600004992
W 600003840
R 600002432
W 600006784
W 200005248
R 200003200
R 200002304
R 200000384
R 200004096
R 200005248
R 200005504
R 200003456
R 200000256
R 200002176
W 200002176
R 200004864
R 200007680
R 200001024
R 200007168
R 200003712
R 300008064
W 300007040
R 300002304
R 300006400
R 300001152
R 300005888
W 300005248
W 300001792
R 300001664
W 300006272
R 300005760
R 300003584
R 300004480
R 300007680
R 300004480
R 300007680
R 300005248
R 300005632
W 300002944
R 300004608
R 300002304
R 300000896
R 300007808
R 500000000
R 500005120
R 500002816
R 500005120
W 500001280
R 500003968
R 500005632
R 500006144
W 500007424
R 500002304
R 500001664
R 500006272
R 500002944
R 500005376
R 500006784
R 500004736
R 500007936
W 500000384
R 500003968
W 500008064
R 500006400
R 500005760
W 500008064
W 500002432
R 500004096
R 500001536
W 500006144
R 500002176
W 500005248
R 500001664
R 500000128
R 500005248
R 500004096
R 500006144
W 500002432
R 500002176
R 500001152
R 500003840
R 500007296
R 500000768
W 500003840
W 500000000
R 500003200
R 500006528
W 500001024
R 500002688
W 500007936
W 500003200
R 500007680
R 500003200
R 500005760
W 500006912
W 500007808
R 500004480
R 500007040
R 500001024
R 500000384
R 500003840
W 500004864
R 500003072
R 500003840
W 500003840
R 500004992
R 500004736
R 500002816
R 500003712
R 500008064
R 500006912
R 500004992
R 500003584
R 500007296
W 500007168
W 500007552
R 500008064
W 500004736
R 500002816
W 300005632
R 300003456
R 300004352
R 300002560
R 300004480
R 300007296
R 300000384
W 300004736
R 300005120
W 300004864
W 300000768
W 300002816
R 300005888
W 300004736
W 300005120
R 300002176
R 300000256
R 300002048
W 300003200
R 300003712
R 300002176
R 300006528
W 300005376
W 300006144
W 300008064
R 300004224
W 300002176
R 300001664
W 300006656
R 300003072
R 300007552
R 300004352
W 300006016
R 300001280
W 5248
W 5504
W 2304
R 2816
R 2432
W 1152
W 4608
R 2048
R 2944
R 3712
R 7168
W 4992
R 1920
W 512
W 5248
R 256
W 7936
R 5632
R 5120
R 2304
R 4608
R 2816
W 3328
R 896
R 6784
R 2816
W 200003072
W 200000256
R 200002176
R 200002688
R 200008064
R 200000000
R 200000896
W 200007168
R 200007040
W 200002048
W 200003328
R 200002816
R 200005888
R 200003072
R 200003840
R 200003456
R 200003968
R 200003072
R 200003072
W 200000768
R 200005760
W 200001152
W 200006784
R 200006528
R 200004224
W 200006784
R 200002560
R 200004608
R 200005248
W 200007808
W 200003968
W 200003584
R 200003328
R 200006528
W 300004224
R 300003968
W 300003200
R 300008064
R 300001280
W 300001280
R 300001920
R 300003072
W 300000512
R 300004736
R 300006144
W 300004352
W 300007936
W 300001024
R 300007424
R 300007808
R 300007040
W 300000256
R 300005120
R 300000640
R 300002944
W 300001792
W 300001792
W 300007936
R 2944
R 3584
R 5504
W 5760
W 4864
R 1536
R 3328
R 1536
R 6400
R 4608
R 5888
R 4480
W 2432
R 5632
W 3712
R 6784
R 0
R 0
R 384
R 6784
R 500001408
R 500005120
R 500007296
R 500001152
R 500003968
W 500002688
R 500006656
W 500004352
R 500003968
W 500001792
R 500005760
W 500006784
R 500003840
R 500006912
R 500002560
R 500005376
R 500002816
R 500000896
R 500005504
W 500004736
R 500000000
R 500003456
W 500007296
R 500004864
R 500006272
R 500005888
R 500003072
R 500006144
R 600006400
R 600003456
W 600007168
R 600004352
R 600000000
R 600002944
R 600004480
R 600004864
R 600007680
W 600007424
R 600002304
R 600007808
W 600006144
R 600006656
W 600005632
W 600002432
R 600003840
R 600004864
W 600007424
R 600003200
R 600006272
R 600002560
W 600007936
R 600000384
R 600006912
R 600000640
R 600004608
R 600004864
W 600005632
R 600001536
W 600001280
R 600000128
R 300001280
R 300003456
R 300000000
R 300000256
W 300006016
R 300005504
R 300001280
R 300003328
R 300006400
R 300005248
W 300006784
R 300003200
R 300002816
R 300003840
R 300004864
R 300004736
R 300006016
W 300003840
W 300007296
R 300003840
W 300006016
W 300000384
W 300005120
W 300001792
R 700006016
R 700003456
R 700002048
W 700005504
R 700000000
R 700005248
R 700002944
R 700007296
R 700002048
R 700005248
R 700006784
R 700003328
R 700000256
R 700004864
R 700000384
R 700007936
W 700002816
W 700004096
R 700006272
R 700003456
R 700003584
W 700003200
R 700003328
W 700000896
W 700006400
W 700003456
W 700000000
W 700003328
R 700007424
R 200000768
R 200007296
R 200000768
R 200004864
R 200005376
R 200001664
W 200003072
R 200005504
W 200004480
R 200006656
R 200004352
R 200007936
R 200001664
R 200002432
W 200001408
W 200002944
R 200006784
R 200006784
R 200001024
R 200007040
R 200002688
R 200002176
R 200001408
R 200005760
R 200005632
R 200003328
R 200004608
R 200006528
R 200003968
R 200000000
R 200003328
R 200006016
R 200005632
R 200003072
R 200007296
R 200004864
R 200006272
R 200002048
R 200006528
R 200002688
R 300001024
R 300002816
R 300003712
R 300000000
R 300000640
R 300005888
R 300001536
R 300000512
R 300007936
R 300001792
W 300001792
W 300001920
R 300006528
R 300006656
R 300004096
R 300001280
R 300004864
R 300007040
W 300001664
R 300003840
R 300003584
R 300001408
R 300000896
R 300004096
W 300000768
W 300006912
R 300004992
R 300008064
W 300002304
R 300005120
R 300001920
W 300004992
W 300000256
R 300003456
R 300006272
W 300003328
R 600005376
R 600004736
R 600002816
W 600001664
W 600003584
R 600001920
W 600006784
W 600003840
R 600007808
W 600003072
R 600005504
W 600007168
R 600001408
R 600003712
R 600006272
W 600006528
W 600005888
R 600008064
W 600001152
R 600001024
R 100005632
R 100007808
R 100007168
R 100005888
R 100001280
R 100006400
R 100008064
R 100007040
W 100000000
R 100000256
R 100000128
R 100004352
W 100008064
R 100003968
W 100007168
W 100007296
R 100006400
R 100007552
W 100003200
W 100001408
R 100000128
R 100002560
R 100003584
R 100007296
R 100001664
R 100006272
R 100001792
R 700001408
R 700006656
R 700003456
W 700008064
R 700001152
W 700001920
W 700003328
R 700003072
R 700006784
W 700001152
R 700007552
R 700006400
R 700006400
R 700004480
R 700003328
R 700006784
W 700001536
R 700001408
R 700002432
W 700001792
R 700007040
R 700004352
W 700001280
R 700002304
R 700005888
R 700004608
W 512
W 896
R 2048
R 2176
W 2304
R 2560
R 512
W 1408
W 256
R 4864
R 6656
W 5632
W 7552
W 4224
R 6016
W 7040
R 6656
R 7552
R 5376
R 1280
R 768
R 5632
R 0
W 8064
R 7424
R 4096
R 1024
R 7552
W 7680
R 5248
W 6144
W 512
W 3712
W 3584
W 600003840
R 600001920
R 600004096
R 600007808
W 600007680
R 600005760
R 600005504
R 600006016
W 600006528
W 600004096
R 600001536
R 600003840
R 600006272
R 600006144
R 600004736
W 600005120
W 600004736
R 600003584
R 600000128
R 600004352
W 600006144
R 600000512
W 600007296
R 600004480
W 600004992
R 600002688
R 600004864
R 600002048
W 600004992
R 600002688
R 600001664
R 600006016
R 600003072
W 600001664
W 600002560
R 600001664
W 600007424
W 600003456
R 600003328
W 100001280
R 100003584
W 100007424
R 100000896
W 100005760
R 100002816
R 100002944
W 100002560
R 100001920
R 100004224
R 100003456
W 100007168
W 100002560
R 100002048
W 100006528
R 100002048
R 100004096
R 100006912
R 100007680
R 100006400
R 100006912
R 100000640
R 100001920
R 100005120
R 100006912
W 100004736
R 300007808
R 300006656
R 300005248
W 300001664
R 300001152
R 300006784
W 300007552
R 300005504
W 300003456
R 300004352
R 300007168
R 300006144
W 300007808
W 300006144
R 300004480
W 300005632
W 300003072
R 300002944
R 300004736
R 300005248
R 300006016
W 300002432
R 300002432
R 200000000
R 200001536
W 200003072
R 200005376
R 200002816
R 200000384
R 200007552
R 200005760
R 200007936
R 200007808
R 200002688
R 200000384
W 200002048
R 200008064
R 200007680
R 200006656
W 200008064
R 200007936
R 200007808
R 200006144
R 200005248
R 200007168
R 200002816
R 200003072
R 200002560
W 200002048
W 200001280
W 200001664
R 200006400
W 200000768
R 200006016
W 600007936
R 600006528
W 600000128
R 600001408
W 600006016
R 600002944
R 600007808
R 600008064
R 600000000
R 600001536
W 600007680
R 600003200
R 600003840
R 600007296
R 600006272
W 600002176
R 600005632
R 600000640
R 600007424
R 600002816
R 600007424
R 600002816
W 512
R 1152
R 3968
W 5504
W 7808
W 1152
R 2176
W 6400
W 3584
R 3456
R 1408
R 3584
R 6016
R 3200
R 1664
W 6144
R 4608
R 1536
W 4608
R 4992
R 7040
W 2176
R 6144
W 1664
R 3712
W 1792
W 1280
R 5376
R 7936
R 256
R 1920
R 6528
W 3840
R 4736
R 5504
W 7680
W 1408
R 1408
W 6400
R 700006784
R 700006272
R 700004224
R 700007936
R 700006400
R 700004480
R 700004736
R 700008064
R 700006400
R 700007808
W 700000896
R 700005504
W 700002432
R 700004608
R 700007808
R 700007680
W 700007808
R 700007296
R 700003968
R 700001280
R 700004608
R 700001280
R 700005632
W 700004224
W 700004352
R 700004224
R 700007936
R 700002048
W 100006016
R 100003072
R 100002304
W 100006784
R 100000896
R 100006144
W 100007808
R 100003328
W 100006912
W 100003200
R 100005504
R 100002176
R 100002432
R 100007936
W 100006656
R 100006400
R 100002816
R 100007808
W 100004352
R 100007424
R 100007040
R 100004096
R 100003584
W 100001024
R 100003456
W 100001664
R 100000768
W 100001280
R 100003968
R 100002816
R 100007296
W 100000256
R 100006912
R 100006016
R 100002688
R 100000768
W 100007296
R 100008064
R 100006016
R 100005248
R 5632
R 5760
W 4480
R 7040
R 4096
R 7680
W 128
R 2688
W 7424
W 7552
R 7552
R 7680
R 7552
R 640
R 4864
W 7680
R 3456
R 6912
R 5120
R 2432
R 7680
R 1024
R 128
W 128
R 2944
R 6400
R 2560
W 4864
R 128
R 4736
W 640
R 7168
R 4864
W 5760
R 128
R 3072
R 4736
R 7680
R 6784
W 7168
R 7808
R 7296
W 2048
R 384
R 6656
R 896
R 500003584
R 500001792
R 500007296
W 500002176
R 500000128
R 500003328
R 500000896
R 500004864
R 500000000
W 500002560
R 500001792
W 500005888
R 500006272
W 500001280
R 500003456
W 500000384
R 500001024
R 500006784
R 500000512
W 500007552
W 500002048
W 500000384
R 500005248
R 500000896
R 500007936
W 500003840
R 500007040
R 500002688
R 500005376
R 500001792
W 500000384
R 500005248
R 500000768
W 500004736
R 500002176
R 500001664
W 500005504
W 500003968
R 500006784
R 500006272
R 500007424
R 500006400
W 500000384
R 500000768
W 500004992
R 500003840
R 500006144
W 500005376
R 500005248
W 500006144
R 500001792
R 500006144
R 500003584
W 500004480
R 500005760
R 500005120
R 500006912
R 500002176
W 500005888
W 500002304
R 500002304
R 500000256
W 500000128
W 500007936
R 500000896
W 500005760
R 500001664
W 500002688
W 500003840
R 200005248
W 200001152
R 200007424
W 200002560
R 200003328
R 200007296
W 200007552
R 200000000
R 200002304
R 200000384
R 200006656
R 200007552
R 200004736
R 200004096
R 200005888
R 200005888
R 200002176
W 200002432
R 200000640
R 200007168
R 200003456
R 200006784
R 200002560
W 200001792
R 200001664
R 200004352
R 200005120
W 200000896
R 200005760
R 200006912
W 200002560
W 200003200
R 200001536
R 200005760
W 200003200
R 200005632
W 600003072
R 600007296
W 600003200
R 600006528
W 600004480
R 600006272
R 600004608
R 600007424
R 600006144
R 600003840
R 600000512
R 600005376
R 600003200
R 600007552
R 600003968
R 600002048
W 600001024
R 600002688
W 600006016
W 600007552
R 600002560
R 600006912
R 600002688
R 600006400
R 600000768
R 400007424
R 400007424
R 400002816
R 400003712
R 400003200
W 400000512
R 400007168
W 400002176
W 400001408
R 400002176
R 400002048
W 400000128
R 400006784
W 400002816
W 400003968
R 400004736
W 400007424
W 400003712
R 400000000
W 400000640
W 400006528
W 400003456
R 400002176
R 400004864
W 400006400
W 400007936
R 400003840
R 400005248
R 400007296
R 400001280
W 400004864
W 400000384
W 400001536
R 300002432
W 300002688
R 300001152
R 300003712
R 300006912
R 300005248
R 300003584
R 300004480
R 300004224
W 300004608
R 300007424
R 300004224
W 300004608
R 300005248
R 300006784
R 300007040
R 300005632
R 300004608
R 300001024
R 300003456
W 300005888
R 300001408
R 300001024
R 300001792
R 300003840
R 300003712
R 300006272
R 300005632
R 300006400
W 300000640
R 300004864
R 300007040
R 300003456
R 300008064
R 300004864
R 300005376
R 300001664
R 300007040
R 300007936
W 300003840
R 300000896
R 300007936
R 300003328
W 300000384
W 300001664
R 300001920
R 300005376
R 300005632
R 300004224
R 300006784
R 300001408
R 300006272
R 300001152
R 300003072
R 300003456
W 100006784
R 100007424
R 100003584
R 100004096
R 100000128
R 100003200
R 100005376
R 100004608
R 100003712
W 100002304
W 100004864
W 100006912
R 100002304
R 100008064
R 100007296
R 100007040
W 100003968
W 100000512
R 100000768
W 100004736
R 100008064
W 100004736
R 100003200
W 100007040
R 100005248
R 100006784
W 100000512
R 100003840
W 100003968
W 100001280
R 100005376
W 100001280
R 100001152
R 100002176
R 100001792
R 100000000
R 100005888
W 100001792
R 100007168
R 100002944
W 100000512
R 100001536
W 100006400
R 100004480
R 100004736
W 100000256
R 100006656
W 100002688
W 100000000
R 100005504
R 100001536
W 100007808
W 100005120
R 100005376
W 100001408
R 100005120
W 100004224
R 100006784
R 100003200
W 100005120
R 100000384
R 100007296
R 200002176
R 200007040
R 200001024
W 200003072
W 200002048
R 200006656
W 200001792
W 200006912
R 200002560
R 200001152
W 200002688
R 200000256
R 200005632
R 200006016
W 200003328
R 200004608
W 200002048
W 200006656
R 200007424
R 200002176
W 200004864
R 200005248
R 200007168
R 200006272
W 200002176
R 200006912
R 600005888
R 600002944
R 600000896
W 600007552
R 600000384
R 600003456
R 600003328
R 600002304
W 600005504
R 600005504
R 600000768
W 600006528
W 600001408
R 600004352
W 600001280
W 600004864
R 600007424
W 600000256
W 600007936
R 600006144
R 600004736
W 600004352
R 600000768
W 600006400
R 600004480
R 600007552
W 600001920
R 600002560
R 600000384
R 600001280
R 600003584
R 600007168
R 600001536
R 600002432
R 600001152
W 600002688
R 600000384
R 300004608
R 300002432
R 300003968
R 300005120
R 300005120
R 300004736
R 300001408
R 300004352
W 300005504
W 300000768
R 300001024
W 300004352
R 300001920
R 300000000
W 300003840
R 300004864
W 300007296
W 300004736
R 300002560
R 300000640
R 300006016
R 300001024
R 300001920
R 300000384
W 300006912
W 300006656
R 300008064
R 300006400
R 300004992
R 300007552
W 300001792
R 300001024
W 300003584
W 300007936
W 100003840
R 100000256
R 100002048
R 100003968
W 100007168
R 100004224
R 100000640
R 100002304
R 100007936
W 100001152
W 100002816
R 100007680
R 100003072
R 100000512
R 100002304
R 100006656
R 600005888
R 600002304
W 600006272
W 600000128
R 600002048
W 600005120
W 600004352
R 600005760
R 600006528
R 600003456
R 600006144
R 600002304
W 600003072
R 600004608
R 600008064
R 600007424
R 600007552
R 600001792
R 600007424
W 600004352
R 600006272
R 600002304
R 600001280
R 600007040
R 600000256
R 600001280
R 600002176
W 600000000
R 600002816
W 600001408
W 600000384
R 600004608
W 600002304
R 600003328
W 600001664
R 600000256
R 600007168
R 200007168
W 200002176
R 200005888
R 200000512
R 200004224
R 200003712
R 200004224
W 200004992
R 200006016
R 200007296
R 200001152
R 200006016
W 200003456
R 200007168
R 200001664
R 200000896
R 200000000
R 200002816
W 200001792
R 200002432
W 200002944
R 200001792
W 200006656
R 200000384
R 200000384
R 200003328
W 200002688
R 200002944
W 200000256
R 200006784
R 200005632
W 200003200
R 200005760
W 200001792
R 200007040
R 200002432
R 200002816
R 200007424
W 200000128
W 200005376
R 200004992
R 200004992
R 200004096
R 200007296
W 200003328
R 200003072
R 200003584
R 200003328
W 200004992
R 200003968
R 200003712
W 200007936
R 200003328
W 200006144
R 200002304
R 200006528
W 500001152
W 500004352
W 500000640
W 500002688
R 500004480
W 500000128
R 500001792
R 500002048
R 500005504
R 500001792
R 500001792
R 500007808
W 500004608
R 500006528
R 500004608
W 500006400
R 500007936
R 500002176
R 500002176
R 200003968
R 200007168
R 200001152
R 200001280
R 200003712
W 200003456
R 200001536
R 200004224
R 200003200
R 200005376
R 200003200
R 200007808
R 200000256
W 200000768
R 200006400
R 200003200
R 200005888
W 200001664
R 200000768
R 200000128
R 200007936
R 200005632
R 200007808
W 200007552
R 200006272
R 200000768
W 200001408
R 200005376
R 200008064
R 200001536
W 200006656
R 200002304
R 300000512
R 300000256
W 300001280
R 300004480
R 300000256
R 300003584
R 300000256
W 300003712
R 300006784
W 300004608
W 300001536
W 300006656
R 300006016
R 300006528
R 300002560
R 300005632
R 300001536
R 300001920
R 300006272
R 300007552
R 300003200
W 300005632
W 300002432
W 300004224
R 300005632
W 300003712
R 300004480
R 300007424
W 300001024
W 300000512
R 300006272
W 300002176
R 300004864
R 300002560
R 300004096
R 300000640
W 300004736
R 300001536
W 300002176
R 500000896
R 500006784
R 500005504
R 500004224
R 500007040
R 500002432
R 500002816
R 500000256
W 500001920
R 500008064
R 500000000
R 500005120
R 500000768
R 500002688
R 500001280
W 500005632
R 500006656
W 500001792
R 500002944
R 500006272
R 500006272
W 500004096
R 500004608
R 500002304
R 500003968
W 500006144
R 500005248
R 500002560
R 500000640
W 500007936
R 100004864
R 100005760
R 100001792
R 100002304
R 100000000
W 100006528
W 100005248
W 100002176
R 100004352
R 100003072
R 100005632
R 100007168
W 100002304
R 100003584
R 100003456
R 100000256
R 100006144
R 100006272
R 100002048
R 100007168
W 400004352
R 400005376
R 400001152
W 400004992
W 400001920
R 400007424
R 400003328
W 400001024
R 400003200
W 400004992
R 400002560
W 400001280
R 400004992
W 400004480
R 400000256
R 400007936
R 400004608
R 200005376
R 200004992
R 200001024
R 200007168
W 200000896
W 200006400
R 200003456
R 200003200
R 200005504
R 200006144
R 200000000
R 200004224
W 200001536
R 200006656
R 200001408
W 200005376
R 200000512
R 200003968
W 200006016
W 200007168
R 200000000
W 200004864
R 200006016
R 200002048
R 200003712
R 200007296
R 400000512
R 400008064
W 400000512
R 400000896
W 400000768
R 400001280
R 400002816
R 400000640
R 400007936
W 400001664
W 400005888
R 400003584
R 400001536
R 400005504
R 400002688
R 400006144
R 400006528
W 400007040
R 400003200
R 400001024
W 400002176
R 400007424
R 400003072
R 400006528
R 400006784
R 400006784
R 400004480
W 400000128
W 400006528
R 700002944
W 700006144
W 700003712
R 700001920
W 700005248
R 700006400
R 700007296
R 700000512
R 700000512
R 700001408
W 700001536
R 700006528
W 700005248
R 700000640
R 700004864
W 700005632
R 700003712
R 700007168
R 700003456
R 700002944
W 300000000
R 300000640
W 300006528
R 300003456
R 300003456
R 300007040
R 300001408
R 300006784
R 300002944
R 300006144
R 300002560
R 300002688
W 300007936
R 300006400
W 300000768
W 300003456
R 300005376
W 300005376
R 300006528
R 300006912
R 300003328
R 300001792
R 300000896
W 300001280
R 300001152
R 300000128
R 300005632
R 300006528
W 300000640
R 300000256
R 300002304
W 300001152
R 300003712
R 300007680
W 300004608
R 300001536
R 300001024
W 300002944
R 300004224
R 300001920
W 300006528
R 300005120
W 300002304
R 300007808
W 300006016
R 300007168
W 300004864
R 300004224
R 300007552
R 300000896
W 300004992
R 300006400
R 300001792
W 300002432
R 300007296
R 300000256
W 300002176
R 300003712
R 300004352
R 300008064
R 300002048
R 300000512
R 300003840
W 300004608
R 300003968
W 300001920
R 300005504
W 300004096
W 300004096
R 300002816
R 300006912
R 300003968
R 300001024
W 300003456
R 300005376
W 300002048
R 300004224
W 300007936
W 300003456
R 300003200
W 300004736
R 300001280
R 300007168
R 300000640
R 400001408
R 400007168
R 400002688
R 400001408
R 400000128
R 400002304
W 400005504
R 400007424
R 400006784
W 400006272
R 400001536
R 400004736
W 400002048
R 400007424
W 400001408
R 400006144
R 400008064
R 400003968
R 400006528
R 400001152
R 400002432
R 400003456
R 400004224
R 100006784
W 100000640
R 100005888
W 100003968
W 100002688
R 100008064
W 100006528
R 100002816
R 100005504
R 100001152
R 100007296
R 100001024
R 100000768
R 100006784
R 100004480
W 100006528
R 100006400
R 100001792
R 100005632
R 100006656
W 100008064
R 600005376
R 600008064
R 600004096
R 600001280
R 600000640
R 600005760
R 600007552
R 600006656
R 600007936
R 600002176
R 600004608
W 600002688
R 600007168
R 600005504
R 600007552
R 600004608
W 600000384
W 600006016
W 600001408
W 600007040
R 600004736
R 600007168
W 600001664
W 600006912
R 600002176
W 600001280
R 600000512
W 600006272
R 600003328
W 400001664
R 400006272
R 400001408
R 400001792
R 400004480
W 400004992
R 400004736
R 400001024
R 400001920
R 400000128
R 400004608
W 400001536
R 400001152
W 400001792
W 400006784
W 400004864
R 400004096
R 400000256
W 400002432
R 400001792
R 400003200
R 400001024
R 400007552
W 400004480
R 400001024
R 400000128
R 400007040
R 400008064
W 400003712
R 400003328
W 400002944
R 400005248
R 400000896
W 400003968
R 400002304
R 400007552
W 400007680
W 400005504
W 400006784
R 400004992
W 700001792
R 700005248
R 700002560
R 700005376
R 700006016
W 700007424
R 700001280
W 700003712
W 700007552
R 700006272
R 700002944
R 700003840
R 700003456
R 700001664
W 700006784
W 700007040
W 700005504
W 700000000
R 700006400
R 700003072
R 700003328
W 700007808
R 700004864
W 700002816
R 700000000
R 400002944
R 400000384
R 400003328
W 400005120
R 400008064
R 400003968
R 400000640
W 400007808
R 400003328
W 400004864
R 400008064
R 400005120
W 400004480
R 400004352
R 400003840
R 400006272
R 400004352
R 400004096
W 400006272
R 500000384
R 500001536
R 500008064
W 500001152
W 500003584
R 500001152
R 500007040
R 500006912
R 500006272
R 500006016
R 500001536
R 500004608
R 500003840
W 500005760
R 500001792
R 500002560
W 500007040
R 500005120
R 500000256
R 500006784
R 500004480
W 500001408
W 500005248
R 500000384
R 500002816
R 500000768
R 500003968
R 500004864
R 500002688
R 500002176
R 500000640
R 500002176
R 500001280
R 500000256
R 500001792
R 500002816
W 500006656
R 500003456
R 500003712
W 500007552
R 100000128
W 100001920
R 100005376
R 100000768
W 100002432
W 100006400
W 100000512
R 100002304
R 100002048
R 100004480
R 100002944
R 100006912
R 100005504
W 100004480
R 100007296
W 100003968
W 100005248
R 100006912
R 100006272
R 100000256
W 100003072
R 100000640
W 100006400
W 300005504
W 300006656
R 300001792
R 300000512
R 300004736
R 300007552
W 300001920
W 300003584
R 300005376
R 300005888
R 300007552
W 300003456
R 300003072
R 300001024
R 300007936
W 300003456
W 300002176
R 300007296
R 700004608
R 700003968
R 700001536
W 700003584
W 700003456
W 700008064
R 700003840
W 700005120
R 700006272
W 700000256
R 700001408
R 700000384
W 700007808
W 700007296
R 700001920
R 700005376
R 700002048
R 700002432
W 700006528
R 700007296
W 700003072
W 700007552
R 700007680
R 700000768
R 700003968
W 700000768
R 200003584
W 200003072
W 200001408
R 200000384
W 200004864
R 200006272
R 200007424
W 200007680
W 200005888
R 200001920
R 200008064
R 200005632
R 200004736
R 200008064
W 200008064
R 200004352
W 200006912
R 200000512
R 200002304
R 200007552
W 200001664
R 200007424
W 200003968
R 200003968
W 200001536
R 200005888
R 200001920
W 200003712
R 200005632
W 200006784
R 200001792
W 200007296
R 200000640
R 4864
R 0
R 7552
W 5376
R 5504
R 2816
R 5120
W 1152
R 6784
W 6016
R 7936
W 6528
R 7552
W 4352
R 7424
R 4864
R 512
R 3072
R 3072
R 1152
R 256
W 1920
R 7936
R 1280
R 768
R 4864
R 640
R 500000128
R 500007808
R 500003584
R 500001536
R 500000384
R 500007680
W 500006784
R 500006400
R 500006400
R 500007168
R 500003584
R 500000896
R 500007552
R 500005120
R 500001664
R 100003584
R 100006016
R 100002048
R 100005120
R 100002944
W 100007424
R 100004992
R 100005120
R 100003072
W 100004224
R 100000384
W 100005120
R 100003200
R 100007936
W 100007296
W 100001664
R 100001280
W 100003584
R 100006272
R 100002816
R 100004224
R 100008064
W 100003072
R 100000128
R 100000640
R 100000768
R 100003712
W 100007552
R 100002688
W 100004352
W 100002304
W 100001920
R 100002816
R 100001280
W 600007552
R 600007424
R 600001152
W 600006784
R 600007168
R 600000640
W 600001920
W 600002304
R 600000384
R 600004864
R 600003968
R 600003072
W 600005888
R 600002048
R 600003456
R 600001664
R 600006656
R 500005632
W 500002688
R 500005248
R 500002304
R 500002176
W 500005248
R 500001408
R 500001024
R 500000128
R 500004224
R 500001792
R 500006272
R 500006144
R 500006016
R 500005120
R 100004864
W 100001664
R 100007552
R 100004992
R 100000128
R 100008064
R 100001536
R 100000896
R 100001664
R 100001152
R 100000768
R 100006400
R 100007040
W 100006656
W 100006528
W 100000256
R 100000512
R 100002944
W 100001536
R 100005888
W 100006400
W 100006784
R 100002176
R 100002048
R 100007168
W 400002432
R 400005376
W 400004608
R 400005760
R 400003968
R 400000256
R 400001792
W 400000512
R 400003584
R 400002432
R 400001408
R 400006528
R 400005120
R 400003456
R 400007168
R 400003456
R 400001024
W 400000128
R 400007552
W 400004608
R 400002176
R 400007296
R 400002688
R 400003456
R 400000384
R 4352
W 5504
W 7552
R 3584
W 3200
R 6144
W 6912
W 7296
W 4608
W 1152
W 768
W 1152
R 1408
R 7808
W 6528
W 4992
R 256
W 5888
R 3712
R 500004736
R 500002560
R 500003712
R 500000640
R 500006144
R 500007808
W 500004736
R 500004736
R 500001664
R 500002688
R 500001664
R 500001792
R 500001792
W 500004352
R 500004096
W 500000640
W 500000384
R 500001536
R 500001920
R 500005248
W 500007680
R 500000384
W 500006656
R 500003712
R 500000128
R 500001280
W 500003072
R 500006656
R 500001152
R 500007424
R 500007040
W 500004224
R 500007552
R 500003456
W 500003200
R 500004992
R 100002944
W 100005760
R 100001408
R 100008064
R 100000000
R 100003456
R 100006656
R 100000384
R 100002560
R 100000256
R 100000128
W 100000640
R 100000256
R 100001152
R 100001536
W 500000768
W 500005504
R 500002048
R 500000768
R 500002816
R 500007936
R 500005248
W 500007424
W 500007296
R 500004608
W 500005376
R 500006144
R 500001664
R 500000768
W 500005760
R 500000384
R 500000768
W 500003968
R 500005120
W 500007936
R 500007936
W 500005888
R 500007424
R 500002688
W 500005888
R 500000768
R 500007552
R 500008064
R 500007936
R 500003968
R 200001280
R 200007808
W 200003072
R 200003456
W 200005376
R 200005760
R 200001536
R 200002944
R 200005376
R 200005760
R 200002304
W 200000256
W 200006400
R 200000640
W 200000768
R 200002560
R 200005888
W 200002304
R 200005888
R 200004864
R 200001792
R 200001408
W 128
R 5760
W 5632
R 4096
R 3840
R 6400
R 3840
R 6400
R 2176
R 7936
W 2560
R 7168
W 6656
R 4352
R 3584
R 6528
R 512
W 1152
R 4992
R 512
R 1920
R 1536
R 7424
W 4864
R 4096
R 5888
R 4480
R 1536
R 300000000
W 300004096
W 300006912
R 300001792
W 300003968
W 300003328
W 300002304
W 300001792
R 300001536
R 300005504
R 300007808
R 300006144
W 300005120
R 300007680
R 300007424
R 300005760
W 300003712
R 300001280
R 300004352
R 300004480
R 300007296
R 300001280
R 300003200
R 600002048
W 600007552
R 600003712
W 600002560
W 600005504
W 600004224
W 600000128
R 600003072
W 600001920
R 600003328
R 600003840
W 600003712
R 600006784
W 600002432
W 600006144
R 600006144
W 600001792
R 600000256
R 600002816
R 600004480
R 600002432
R 600001536
R 600002432
R 600003200
R 600006656
W 600001920
R 600003200
R 600004736
R 600001664
R 600004480
R 600001024
W 600001024
R 600004352
R 600005632
W 2688
R 2432
R 7552
W 3200
R 4736
R 1920
R 7040
R 1792
R 1792
R 4480
R 7552
R 4096
W 6912
W 2176
R 3840
R 8064
R 7296
W 7040
R 896
R 1536
R 5376
R 3456
W 1024
R 384
R 2688
R 4736
W 896
R 6400
R 4352
W 0
R 5632
R 3200
R 5248
R 7808
R 6272
R 1920
R 4096
R 6528
R 3328
W 7168
R 100007808
R 100004864
R 100002688
R 100000384
R 100001152
W 100001024
R 100001280
W 100004224
R 100004608
R 100005376
R 100000384
R 100006400
R 100004224
W 100006016
W 100001920
R 100007680
W 100002688
R 100000640
R 100003072
R 100004352
W 100000384
R 100001792
R 100007808
W 100000128
R 100003840
R 100000640
R 100004224
R 100005760
W 100000128
R 100007680
R 100004992
R 100007296
R 100004224
W 100004480
R 100006400
R 100005760
R 100003712
R 600001152
W 600006528
R 600005120
R 600001152
R 600005120
W 600004096
R 600006400
R 600002048
W 600003200
W 600000384
R 600006400
W 600001152
R 600002816
R 600006400
R 600001920
R 600003456
R 600003584
R 600003968
W 600006272
R 600003712
R 600006144
W 600005632
R 600003584
W 400004992
R 400001152
R 400002688
R 400005120
W 400007680
W 400002944
R 400006144
R 400007680
R 400004352
W 400003200
R 400001408
R 400000768
R 400002304
R 400002688
R 400001408
R 400003200
R 400001664
R 400001664
R 400001408
R 400005120
R 400003584
R 400002304
R 400004224
W 400002304
W 400001280
W 400007680
W 400004992
R 400006912
W 400007936
R 400003584
R 400007296
R 400006272
R 400005760
R 400004096
W 400003072
R 400003328
R 400000512
R 400000256
R 300002688
W 300003712
W 300006656
R 300000000
R 300003456
R 300007808
R 300000640
R 300004096
R 300007424
W 300007936
R 300001280
R 300005248
R 300007680
R 300002688
R 300006272
R 384
R 384
R 5760
R 4992
R 3968
R 6016
W 2176
R 4608
R 2688
W 6912
R 128
R 768
W 1408
R 1152
W 3584
R 3840
W 3712
R 512
W 768
R 4096
R 7424
R 5632
R 7040
R 3200
R 0
R 4608
R 4992
W 2048
R 4992
R 2304
R 640
W 2944
R 5632
W 1024
W 6528
R 8064
R 700003712
R 700002304
W 700006144
R 700006272
R 700002944
W 700007168
R 700007552
R 700004736
R 700004608
R 700005760
R 700006272
W 700002816
R 700003072
R 700000128
W 700000512
R 700001152
R 700001280
R 700003072
R 700004736
W 700002560
W 700005376
R 700003072
W 700007040
W 700004608
R 700003456
W 700005248
R 700007424
R 700004736
R 700005632
W 700000000
R 700005248
R 700004224
R 700006016
R 700001664
W 700004992
W 700004480
R 700004224
W 200004224
W 200006528
W 200001280
R 200004992
W 200007552
R 200000128
W 200007168
R 200002176
W 200003456
R 200001792
R 200003968
R 200000384
W 200001664
R 200006144
R 200004864
R 700004736
R 700004096
R 700007168
R 700001664
W 700000896
W 700000512
R 700003840
R 700005632
R 700002176
R 700003968
W 700003328
R 700001664
R 700006784
R 700003456
W 700004992
R 3584
R 8064
R 0
R 128
W 4352
R 6528
R 5632
R 6912
R 6784
W 6784
W 4864
W 1024
W 3200
R 4480
R 1152
R 640
W 3840
R 7296
R 1792
W 500001664
R 500001024
R 500007168
R 500003200
W 500004096
R 500005760
R 500007168
W 500007040
R 500002688
R 500002560
R 500000512
R 500007552
W 500002304
R 500006912
W 500004224
R 500007936
W 500002432
R 500003456
R 896
W 7552
W 4608
R 3200
R 3328
R 2048
W 6656
R 2048
R 1792
R 3968
R 1152
R 6528
R 4480
R 6656
R 2944
R 6272
R 6784
R 1664
R 6144
W 768
R 2816
W 640
R 5504
R 3712
R 3328
R 1152
R 3456
W 3712
W 500000512
R 500008064
R 500007680
R 500006528
R 500005376
R 500003456
R 500002816
W 500004096
W 500005376
W 500001664
W 500002048
W 500004224
R 500001280
R 500002432
R 500006144
R 500006784
R 500005504
R 500006656
R 500003712
R 500001024
R 500004480
R 700006016
R 700001536
R 700002432
R 700003712
R 700001280
R 700000512
W 700001152
R 700000256
R 700002560
W 700000000
R 700002176
R 700003456
W 700002048
R 700000256
W 700001152
R 700000512
W 700001408
R 700002176
R 700001408
R 700001664
R 600006400
R 600007808
W 600007424
R 600002176
R 600000896
R 600005504
R 600000256
R 600004352
R 600002432
R 600001024
R 600004992
R 600007680
R 600003712
W 600000256
R 600001792
W 600000384
R 600002944
R 600006528
W 600006784
W 600003072
R 600002816
W 600000256
R 600006144
R 600004224
W 600000384
W 600001152
R 600007040
R 600003712
R 600006272
R 600004352
R 600002688
W 600006784
R 600002688
R 600005504
W 600002176
R 600004864
W 600008064
R 600000768
R 200002432
R 200000512
R 200000128
R 200005120
R 200004608
R 200002048
R 200006912
W 200004608
R 200003456
R 200004096
R 200002176
W 200002432
R 200005504
R 200001408
W 200004992
R 200008064
R 200001408
W 500003968
R 500007040
W 500001280
R 500004864
R 500006784
R 500007808
R 500002688
W 500005376
R 500001664
W 500003584
R 500004352
R 500000128
R 500003456
R 500005888
R 500006144
R 500006272
R 500006528
R 500004480
R 500004224
W 500005120
R 500005888
R 500000896
W 500004224
R 500002432
R 500001792
R 500003328
R 500002048
R 500005504
W 500004608
R 500003072
R 500004224
R 500001280
R 500001280
W 500005888
R 400005504
W 400001920
W 400002560
R 400001792
R 400004992
R 400004480
W 400001024
W 400001280
R 400004864
R 400003712
W 400002688
R 400005376
R 400002944
W 400003584
R 400004736
R 400005376
W 400000512
R 400000128
R 400002304
R 400001920
R 400001664
W 400007808
W 400001792
R 400001664
W 400007552
R 400003072
R 400008064
W 400002688
R 400002304
R 400004608
R 400003840
W 400004480
R 400000512
R 100003584
R 100007680
W 100006016
R 100007552
R 100001152
W 100006400
W 100004864
R 100005760
R 100007680
R 100000000
W 100003968
R 100006784
R 100007296
R 100007936
R 100003968
W 100002048
R 100006400
R 100001024
R 100006016
R 100000384
W 100003200
R 100005504
R 100000768
R 100000768
W 100004096
W 100003456
R 100008064
R 100005760
R 100005120
W 500003712
W 500001152
W 500007808
R 500004480
R 500008064
R 500000384
R 500002816
R 500005120
R 500003712
R 500005632
W 500006400
R 500003456
R 500007296
R 500001792
W 500005504
R 500002560
R 500006912
R 500002688
R 500004992
W 500003840
W 400005632
R 400001408
R 400000384
R 400006784
R 400005376
R 400006912
W 400006528
R 400006400
W 400001280
W 400003840
R 400003584
W 400007168
R 400002944
R 400006656
W 400006272
R 400001024
R 400002816
R 400007808
R 200007296
R 200003456
R 200004864
R 200003712
W 200000512
R 200007552
W 200005760
R 200001920
R 200001664
R 200007296
R 200006272
R 200000384
W 200003200
W 200003200
R 200001152
R 200004352
W 200005632
R 200000512
R 200004480
R 200000512
R 200007040
W 200004992
R 200006272
R 200005888
R 200002432
W 200005376
R 200002816
R 200000896
W 200002560
R 200001024
R 200002560
R 200006016
R 200004992
R 200002944
W 200004096
R 200003968
W 200001408
W 200007680
W 200006272
R 200002816
R 200001536
R 200007680
R 200005248
W 200004864
R 200007552
W 200004608
R 200007168
R 200007680
R 200001152
R 200006528
R 200001920
R 200001920
W 200005504
W 200006144
R 200004736
W 500001024
R 500002304
W 500007936
R 500001920
R 500007040
R 500005760
W 500000384
R 500004736
R 500007296
R 500002816
R 500001280
R 500001792
R 500000256
R 500005888
R 500000256
R 500005120
R 500002048
R 500007936
R 500004864
R 500002688
R 500000512
R 500002560
R 500000896
R 500004224
R 500003968
R 500000384
W 500006400
R 500002944
W 500002944
W 500006016
R 500002816
R 500003712
R 500001536
W 500001664
W 500000640
R 500006912
R 500006016
W 500003968
R 500000256
R 3328
W 4480
R 4864
R 5376
R 3456
R 3584
R 4096
W 4096
R 2304
R 1408
R 2176
R 2432
W 2048
R 4096
R 5376
R 4352
W 5248
R 4992
R 3200
W 7808
R 4864
R 4736
R 5504
W 7296
R 3072
R 2176
R 2176
W 5376
R 6912
R 6272
R 8064
W 2304
W 3712
R 300005120
R 300001024
R 300006784
W 300006656
R 300003200
R 300003712
W 300005248
R 300003840
R 300000256
W 300004224
R 300004992
R 300001024
R 300005888
R 300006016
R 300004096
R 300001664
W 300002816
R 300007552
W 300000512
R 300001536
R 300005248
R 300002816
R 300004480
R 300006144
R 300002944
R 300007680
R 300006400
R 300003328
R 700005760
W 700007552
W 700006784
R 700002816
W 700003840
R 700001664
R 700006272
R 700003712
R 700004864
W 700000256
R 700003584
W 700000896
W 700004736
W 700006400
W 700001408
W 700001024
W 700002688
R 700006016
R 700003968
R 700005888
R 100001408
R 100003968
W 100002688
W 100001664
W 100006784
R 100003712
R 100000256
R 100008064
R 100006656
R 100003712
R 100006784
R 100007168
W 100004352
R 100007296
R 100001792
R 100007680
W 100006272
R 100008064
R 100004608
W 100007296
W 100001152
R 100000768
R 100000000
R 100007168
W 100001024
R 100007296
R 100001408
R 896
W 2432
R 4480
W 3328
R 3072
W 384
R 5632
W 3328
R 7808
R 8064
R 3456
W 7296
W 7040
R 6272
R 1536
R 6144
R 384
W 1024
R 0
W 4608
R 1536
W 5120
R 256
R 3072
R 640
W 2048
R 500006016
W 500000768
R 500004096
W 500007808
R 500006656
W 500004480
W 500001792
W 500004608
R 500004352
R 500003968
W 500004608
R 500002688
W 500001536
R 500003456
R 500003840
R 500007168
R 500000640
W 500003456
R 500001408
R 500003456
R 500000000
W 500006912
R 500002304
R 500006144
W 500006272
W 500000128
R 500001920
R 500001536
R 500003072
W 500004736
R 500008064
R 500001024
R 500003584
R 500002432
W 500000640
R 6400
R 1664
W 3328
R 5120
W 128
R 6016
R 128
R 5376
R 4224
R 2048
R 1792
R 1280
W 1792
R 6656
R 1152
R 6016
R 4352
R 768
W 3584
R 4224
R 2432
R 3712
W 5888
R 6144
R 3840
R 4352
R 1920
R 256
R 5888
W 5632
R 1408
W 6656
R 7552
W 1408
R 600002944
R 600002048
R 600002944
R 600007936
W 600004096
W 600008064
W 600006016
R 600007168
R 600002688
W 600002048
W 600008064
R 600000384
R 600005120
W 600006272
R 600003584
W 600001664
R 600001408
W 600000000
W 600008064
R 600001280
R 600004224
R 600002944
R 600006016
R 200006528
R 200005888
R 200000896
R 200005120
W 200000640
R 200007168
R 200002688
R 200002560
W 200004096
R 200005504
R 200000512
W 200001920
R 200003968
R 200004608
R 200006400
W 200006528
R 200002048
R 200006272
W 200006784
R 200006272
R 200004352
W 200001024
R 200005504
R 200005248
W 100007424
W 100007424
W 100005504
R 100003584
R 100005120
R 100000384
R 100002816
R 100005248
W 100000896
R 100000512
R 100005248
R 100006016
W 100005376
W 100003072
R 100005120
R 100001024
R 100001280
R 100007552
R 100005888
R 100001920
R 100007680
R 100006400
R 100004096
W 100007296
R 600000384
W 600000128
R 600007936
R 600005376
W 600006784
W 600005504
W 600007424
R 600001664
W 600000384
R 600001920
R 600000384
R 600006272
R 600000128
R 600002304
W 600004736
R 600007424
R 600000640
W 600007168
R 600005120
W 600000640
W 600006784
R 600006912
R 600001152
R 600005504
W 600001536
R 600003200
R 600002176
W 500003968
W 500007552
R 500001152
W 500007808
W 500007040
R 500002688
R 500000640
R 500002944
R 500004864
R 500001920
R 500006400
R 500003968
R 500003456
R 500003712
R 500000000
R 500002688
R 500000512
W 500003968
W 700000640
R 700007424
W 700000640
R 700001280
W 700000640
W 700002176
R 700000768
R 700006784
R 700001536
W 700003968
R 700003840
R 700005632
W 700004608
R 700007552
R 700003200
R 700000128
R 700001664
R 700004352
R 700006912
R 700006272
R 700005120
R 700001408
R 700003200
W 700001280
R 700000256
R 700004480
R 700005504
R 700000640
R 700001408
R 700001408
R 700000896
R 700001024
R 700004224
R 700001024
R 700003200
R 700007552
R 700004480
W 700000128
R 700002048
R 700006784
W 7552
W 2816
W 384
W 6016
R 6656
R 3328
R 5248
R 3712
R 6016
W 5632
W 7040
R 2688
R 2688
R 7168
W 7424
R 6016
R 4992
W 3840
W 1536
R 3584
R 0
R 2304
W 7680
R 8064
R 5888
W 6784
R 1280
W 3840
R 3200
R 1024
R 2304
R 256
R 896
R 768
R 5248
R 2304
W 5376
R 4736
R 2688
R 7936
W 3072
R 1280
R 4992
R 5504
R 4608
R 5760
R 5248
R 4864
R 3840
W 2560
R 640
W 7680
R 1024
R 128
W 4224
W 7424
R 5120
R 3584
R 300000640
R 300000768
R 300007808
R 300005120
R 300003328
R 300006784
R 300003968
R 300007296
R 300005120
R 300007680
R 300005504
W 300004864
R 300006656
R 300004096
R 300002944
R 300001408
R 300005504
R 300005376
R 300004224
R 300002432
R 300006272
R 300001664
R 300003456
R 300005248
R 300001792
R 300004480
R 300002304
R 300006912
R 300003328
R 300004352
W 300002816
R 300007936
R 300003328
W 300004608
R 300004480
R 300003584
W 300001280
R 100001920
W 100002048
R 100002560
W 100007168
W 100006528
R 100001280
R 100003840
R 100000512
R 100002560
R 100006400
R 100000384
R 100003200
R 100005504
W 100004992
R 100005248
R 100006656
R 100006784
R 100001280
W 100005888
R 100006912
W 7424
R 4864
R 7808
R 6400
R 6016
R 0
R 256
R 6144
W 3840
R 6784
R 4096
R 5888
W 128
R 384
R 4992
W 2944
R 7424
R 7552
W 3328
R 6528
W 896
R 1152
R 2944
R 1408
W 1024
W 6528
W 896
W 2816
R 6784
R 3840
W 6656
R 4096
W 7424
W 1280
R 5888
R 7680
R 7040
R 6400
W 2560
R 1536
R 7040
W 3072
R 3328
R 3584
W 6528
R 384
R 3328
R 5632
R 896
R 1408
R 600001280
R 600000128
W 600006784
R 600003328
R 600006144
R 600000256
W 600005504
R 600003968
W 600003072
R 600006016
R 600000768
R 600003456
R 600007680
R 600002816
W 600006784
R 600003840
R 600002688
R 600002560
R 600007040
R 600003328
R 600002304
W 600001664
R 600007168
R 600004224
R 600004096
R 600000896
R 600007680
R 600006272
R 600001664
R 600000768
R 600002432
W 600007296
R 200000256
R 200002816
R 200001536
W 200005376
W 200006528
R 200004352
R 200004992
W 200005376
R 200002432
R 200007424
R 200007168
W 200004352
R 200004608
R 200000896
R 200003712
R 200001664
W 200007424
R 200000640
R 200004096
R 200001408
R 200006272
W 200002176
W 200004096
R 200000512
R 200005760
W 200007808
R 200002432
R 200007552
W 200004096
W 200001536
R 200006144
R 200001024
R 200001536
R 200003456
R 200006528
R 200006016
R 200002688
R 200005376
R 200000512
R 200004992
R 200001664
W 200001920
W 200007936
R 200000768
R 200000896
R 200002176
R 200008064
R 200006016
R 600006016
R 600003584
R 600002560
R 600007040
R 600005504
R 600003968
R 600003328
R 600003456
W 600003200
W 600002944
R 600000256
R 600000128
W 600002432
R 600006528
W 600004736
R 600002944
R 600002176
R 600001024
R 600006912
R 600005248
R 600001792
R 600006400
R 600004736
R 600003328
R 600000768
W 600004224
R 600002944
R 600002176
R 600007680
R 600006016
R 700004608
R 700004480
W 700001536
R 700004480
R 700003456
R 700000256
W 700001280
W 700001536
R 700004096
R 700004864
R 700008064
R 700005504
R 700002048
R 700000640
R 700007552
R 700003584
R 700005888
R 700002560
W 700007040
R 700003456
R 400002944
R 400007936
W 400003328
W 400007552
R 400002304
R 400001792
R 400005760
W 400001664
R 400000000
W 400005632
R 400007424
R 400000896
R 400001536
R 400003072
W 400000640
R 400005248
R 400004608
R 400001536
R 400003328
W 400005248
R 400000000
W 400004736
R 200005376
W 200006784
R 200001152
W 200004480
R 200006144
W 200008064
R 200007296
W 200000384
R 200005632
R 200005248
W 200001664
W 200003328
R 200004864
R 200000640
W 200002816
W 200001664
W 200002688
R 200006784
W 200003328
R 200000384
R 200008064
R 200003200
R 200006144
W 200005376
R 200000000
R 200001024
R 200000384
W 200007680
W 200003584
R 200001152
R 200007040
R 200005376
R 300002688
R 300000640
R 300003968
W 300007936
R 300000000
R 300000768
R 300002816
R 300005760
W 300000512
W 300006016
R 300007424
W 300001792
R 300005760
W 300002048
R 300006272
R 300006400
R 300002816
R 300007040
R 300004224
R 300002560
W 500004096
W 500003584
R 500003328
R 500007808
R 500002816
R 500001664
W 500006656
W 500005888
R 500006656
R 500004480
W 500007040
W 500001792
R 500000768
W 500003328
R 500002944
R 500001920
R 500004992
R 500006144
R 500002944
R 500004736
W 500004864
W 500007552
R 500008064
W 500002688
W 500003584
R 500002560
R 500003072
R 500000384
R 100003968
R 100002048
R 100003072
R 100004992
W 100007040
R 100001152
R 100003840
W 100002944
R 100001536
R 100007296
R 100003584
R 100000128
R 100005632
R 100004224
R 100006784
R 100003968
R 100003328
R 100005888
R 100004096
R 100006272
R 100004224
R 100001792
W 100005888
W 100007040
R 100007168
R 100003200
W 100000384
R 100006912
R 100006528
R 100001024
R 100003840
W 100007936
R 100005376
R 100005248
R 100007680
R 100006272
R 100006144
R 100003712
W 100007168
R 100003712
W 100000384
W 100001408
W 100000512
R 100004864
W 100000768
R 100007296
W 100005120
R 100000000
R 100003840
W 100003456
R 100001408
R 100004480
R 100003200
R 100004736
W 100006784
W 100004864
R 100001408
R 100004352
R 100006912
W 100003328
R 100003200
R 100004224
R 600003072
R 600000384
R 600002176
W 600007040
R 600005632
R 600005376
R 600003840
W 600006144
R 600001664
R 600004096
W 600007552
W 600005120
W 600007168
W 600006400
W 600006272
R 600001664
W 600000896
W 600003968
W 600000128
W 100002688
R 100001024
R 100003072
W 100003456
R 100002816
R 100005376
R 100006272
W 100006016
W 100002560
R 100001792
R 100001536
W 100007168
W 100007936
R 100004864
R 100006528
R 100007680
R 700004992
R 700003968
R 700002944
R 700004224
R 700001792
W 700007168
R 700001408
R 700006528
R 700007424
W 700006528
W 700007168
W 700001664
R 700001024
R 700005632
R 700003328
W 700005760
R 700004992
R 700006528
R 700007296
R 700003968
W 700007296
R 6272
R 0
W 2048
R 7552
W 6144
W 512
W 7936
W 256
W 2048
W 4736
R 4352
R 6144
R 384
W 2944
W 5632
R 896
R 5760
R 2688
W 4864
R 5888
R 8064
R 7680
R 4224
R 4736
R 6400
R 3840
R 300004224
R 300002432
R 300002816
R 300002048
W 300006272
R 300000128
R 300000640
R 300000896
R 300006912
R 300000512
R 300008064
W 300005888
R 300001664
W 300004224
R 300007424
R 300000000
R 300003456
R 300002816
W 600007424
R 600004480
R 600007040
R 600004352
R 600003584
W 600004992
R 600007808
R 600005888
R 600000896
W 600007936
R 600007680
W 600005888
R 600000128
W 600004608
R 600000768
W 600005888
W 600003712
W 600003584
W 600001664
R 200005504
W 200002560
R 200006784
R 200004992
R 200002304
W 200005760
R 200000128
R 200006784
R 200003200
R 200006144
R 200005760
W 200007040
R 200002432
R 200005632
W 200006656
R 200002048
W 200002688
R 200003200
W 200004352
R 200004992
R 100002304
R 100003072
R 100007808
R 100002304
R 100005888
R 100005248
R 100001792
W 100007296
R 100003456
R 100004864
W 100000000
R 100001152
W 100002304
W 100007552
R 100003072
R 100004736
W 100000896
R 100006144
W 100004736
R 100004736
R 100000256
R 100003072
W 100006144
R 100008064
R 100001536
R 100000000
W 100004352
W 100006784
R 100006400
R 100004864
R 100007936
W 100001664
W 100001024
R 100001280
R 300004480
R 300005120
R 300005504
R 300004736
R 300001280
W 300005504
R 300001920
R 300007040
R 300005376
W 300000512
R 300003584
W 300006400
W 300005760
W 300005504
R 300005376
R 300004608
R 300007168
R 300005376
R 300006784
W 300000384
R 300007552
R 300008064
W 300004352
R 300004352
W 300001024
R 300007936
R 300000896
R 300007808
R 300007168
R 300005888
R 300007808
W 300006656
W 300005248
R 5632
R 3072
R 3328
W 3328
R 3328
R 2944
R 2560
W 3968
R 3200
W 3712
W 4096
R 6784
R 512
R 6528
R 4736
R 2432
R 6784
R 1920
R 384
R 500006784
W 500003840
R 500005760
W 500003456
R 500002432
R 500002944
R 500000384
R 500005632
W 500007168
W 500004864
R 500006528
W 500004608
R 500002304
R 500001536
W 500002816
R 500003840
R 500007680
W 500003584
R 500000384
R 500005504
W 500004608
R 500004736
R 500003584
R 500001920
R 500000256
R 500002432
R 500008064
R 500002816
R 500001152
W 500002432
W 500007680
R 500000256
W 500006144
R 500006016
R 500005120
R 500007168
R 500001536
R 100002688
W 100001920
W 100003072
R 100001664
W 100004736
R 100007424
R 100006784
R 100003072
R 100006400
R 100007296
R 100007040
R 100003968
W 100005504
W 100001536
R 100002816
R 100003200
R 100000512
R 100007680
W 100004864
W 100005888
R 500002048
R 500008064
R 500000512
R 500006912
R 500001536
W 500007296
R 500006400
R 500001280
R 500004224
R 500001792
R 500002048
W 500006784
R 500001024
W 500003072
R 500001536
R 500001280
R 500002688
R 500004608
W 500006272
W 500000000
R 500001024
R 500005760
R 500000640
R 500004736
R 500002176
W 500007936
W 500005888
W 500000256
R 500003968
R 500002816
W 500004608
W 500007552
R 500006272
R 500007936
R 500005120
W 4224
R 5504
R 3840
R 4608
W 5376
R 1408
R 2176
R 6656
R 4864
R 1664
R 3328
R 6656
R 5632
R 2304
R 3328
R 2816
R 640
W 2432
W 4736
R 5120
R 640
R 1024
R 8064
R 0
R 5632
R 2304
R 768
W 100001024
W 100000768
R 100006400
R 100004224
R 100001536
W 100000896
W 100006528
W 100005248
R 100002176
R 100007296
R 100001536
R 100005376
R 100005248
R 100003200
R 100003840
W 100001280
R 100001024
W 100007808
R 100003712
R 100005376
W 100007296
R 100005760
R 100004224
R 100005248
R 100008064
R 100005888
R 100004352
R 100003584
R 100002432
R 100004352
R 100003200
W 100005888
W 100002560
R 100003712
R 100005376
R 100000000
R 100006144
W 100000512
W 600003456
R 600001536
W 600005760
W 600005632
R 600003840
W 600000640
W 600005888
R 600005632
W 600003584
R 600008064
R 600006272
R 600006144
R 600004224
R 600000256
R 600005504
R 600004608
R 600006016
R 600004992
R 600003840
R 600006272
R 600006400
R 600001152
R 600005376
R 600001152
W 600006656
W 600005888
R 600000256
W 600002816
W 600004608
R 600003072
R 600006144
W 600002176
R 600007680
R 600005760
R 600006016
R 4352
R 3840
R 640
R 7168
W 3328
W 5504
W 5760
R 1664
R 3328
R 6912
R 5888
R 6912
W 6656
R 128
R 4096
R 4224
R 5632
W 4096
W 2432
R 6016
W 7040
R 5504
R 7424
R 1664
R 6528
R 2304
R 6784
R 6400
R 4480
R 5120
R 3328
R 2176
R 700004992
W 700001536
R 700005376
R 700002944
R 700000128
R 700005888
W 700007168
W 700000128
R 700007040
W 700002688
R 700001792
W 700006400
R 700001152
R 700002688
R 700001920
W 700003328
W 700003200
R 700003072
R 700002944
R 700006912
R 700003200
R 700003840
R 700001664
R 700003712
R 700004736
R 700003328
R 700006272
R 700000128
W 700007808
R 700006656
W 700004992
R 700001536
W 500004224
R 500005504
R 500004352
R 500006784
W 500000512
W 500002432
R 500004608
R 500001024
W 500006912
R 500004480
R 500004096
R 500007552
W 500004096
R 500002432
R 500005888
W 500004224
R 500006144
R 500008064
W 500003968
R 500005760
W 500001280
R 500000640
R 500004224
R 500007936
R 500006912
R 500002688
R 500007424
R 500004608
R 500004992
W 100008064
R 100007936
R 100002560
R 100002944
R 100007680
R 100003840
R 100001408
W 100006912
R 100006400
W 100001152
R 100007808
R 100005248
W 100004992
R 100003968
R 100000896
R 100007040
R 100005632
R 100007552
R 100003840
R 100000768
R 100007552
R 100000128
W 100007552
R 100004736
W 100004992
R 100007936
R 100005376
W 100007168
R 100000896
R 100003200
R 100007168
R 100007680
W 100006400
W 100003968
W 100003072
R 100006912
W 100001152
R 100004352
W 100001792
R 100005248
W 7168
R 3712
R 5248
R 6528
R 6656
R 0
R 4480
R 128
R 6016
R 3072
W 3712
R 6144
R 8064
R 8064
R 7808
W 6400
W 3712
W 7040
W 7424
W 3328
W 7936
R 4992
R 3456
R 2816
R 0
R 4992
W 2432
W 0
R 5760
R 7424
R 2176
R 300003584
R 300000640
R 300001152
R 300005760
R 300006400
W 300004992
W 300007680
W 300006784
R 300005376
W 300006912
R 300000000
R 300004736
R 300006016
W 300007296
W 300001024
R 300000768
R 300000768
W 300003328
R 300006016
R 300001024
R 300000256
W 300007296
W 300000000
R 300006016
R 300006016
W 300006528
R 300004480
R 300008064
W 300002816
W 300007680
R 300006656
R 300004096
R 300000384
W 300006528
W 300002048
W 300002944
W 300007808
W 300003712
R 300004224
W 300004736
R 500007424
W 500002688
R 500006784
R 500002560
R 500001024
R 500006144
W 500003456
W 500006144
R 500004480
R 500000640
R 500004224
R 500002176
R 500000768
R 500002048
R 500002048
R 200000512
R 200006656
W 200001280
W 200007552
W 200003200
R 200005632
W 200002816
R 200006784
R 200004608
R 200000384
W 200001280
W 200005760
W 200001152
R 200002688
R 200000512
R 200000512
R 200007680
R 200001792
R 200006016
R 100007808
W 100003456
R 100003072
R 100005248
R 100000256
R 100007680
R 100001152
R 100005376
W 100008064
R 100006784
R 100005120
W 100000128
R 100007552
W 100006528
R 100004224
R 100003072
W 100005248
W 100001280
W 100004608
W 100001920
R 100004608
R 100002432
W 100002048
R 100001408
R 100005248
R 100004608
R 100004864
W 100005248
W 100007552
R 100002944
R 100003456
R 100007552
R 100007424
R 100005248
W 100006784
W 400007552
W 400003200
R 400002560
W 400002304
W 400006144
R 400004864
W 400000256
R 400002560
R 400000512
R 400001280
R 400000640
R 400006784
R 400004096
R 400004224
R 400004224
R 5632
R 5888
R 3456
R 4096
R 768
R 5760
R 6272
R 6528
W 7040
W 128
W 4608
R 1920
R 5504
R 5760
W 1024
R 8064
R 1792
W 3200
R 4864
W 5760
R 1664
R 2816
R 256
W 5120
R 4096
R 4864
R 896
R 4608
R 600005632
R 600006144
W 600004480
R 600004096
W 600002048
R 600000128
R 600006784
W 600006144
R 600001664
R 600000000
W 600005760
R 600005888
R 600001280
R 600003200
R 600005376
R 600007680
R 600004736
R 200000384
W 200002304
R 200006912
R 200004864
W 200006400
R 200003072
W 200004352
R 200003968
R 200007040
R 200001920
W 200003840
W 200003584
W 200007168
R 200005376
R 200005120
R 300007296
R 300003840
R 300007936
R 300005376
W 300006272
R 300005376
R 300003456
W 300003200
R 300005504
R 300005888
R 300006272
R 300000384
R 300001536
R 300001152
R 300002432
R 300000896
R 300007040
R 300008064
R 300004352
R 300002048
R 300006400
R 300006144
W 300006144
W 300005120
R 300004864
R 300001280
W 300002944
R 300003200
R 300008064
W 300005504
R 300005632
R 300004480
W 300006912
W 500001920
W 500007424
R 500006016
R 500002432
R 500001408
W 500002944
W 500001280
W 500005632
R 500000768
R 500001152
R 500007168
W 500006656
W 500007936
R 500005376
R 500006912
W 500003584
R 500003968
W 500002048
W 500007296
R 500006400
R 500001920
R 500003072
W 500000000
R 500002944
R 500001664
R 500005504
R 500002688
R 500003968
W 500002560
R 500005760
W 500002176
R 600005504
W 600007424
R 600000768
R 600004352
W 600007808
W 600004480
R 600002688
W 600004992
R 600002176
R 600001024
R 600006272
R 600006528
R 600004992
R 600002560
R 600005888
R 600006912
R 600007680
R 600002176
R 600007552
R 600006784
R 600005248
W 600004864
R 600000128
R 600001664
W 600003712
R 600002944
R 600005120
R 600008064
R 600004352
R 600000000
R 600006144
W 600003584
R 600003328
R 600005120
R 600007168
R 600000128
R 600001280
W 600006528
R 200004864
W 200000896
R 200004992
R 200005376
R 200006656
R 200005632
W 200002304
R 200001792
W 200001152
R 200007424
R 200003968
R 200001664
R 200002432
R 200002560
W 200006784
R 200001152
R 200001280
R 300007040
R 300002304
R 300001408
W 300007936
R 300007680
R 300002560
R 300001536
R 300004736
R 300007424
W 300004352
R 300000768
R 300000640
R 300008064
R 300003200
R 300006528
R 300001920
W 300005248
R 300006656
W 300001152
R 300006016
R 300003456
R 300000256
W 300007680
W 300005632
R 300002816
R 300003712
R 300007040
W 300001920
R 300001664
R 300005376
R 600000512
R 600007168
R 600008064
W 600000256
R 600005760
R 600007808
R 600007296
W 600007168
W 600002432
W 600004096
W 600002432
R 600001280
R 600003968
W 600002944
R 600002176
R 600001792
R 400001792
R 400002048
R 400006400
R 400001280
R 400002944
W 400003840
R 400002688
R 400005888
W 400003328
R 400005248
W 400004608
R 400004608
R 400001536
R 400005504
R 400007040
W 3328
R 2304
R 6784
W 1152
R 3968
R 768
W 5120
R 6912
W 8064
W 5632
R 7808
R 5888
W 7168
R 5888
R 6016
R 896
R 4352
W 7808
R 4864
R 1664
W 2304
R 1152
R 2560
R 5248
R 7040
W 640
W 896
R 0
W 400001792
R 400004224
W 400003584
W 400002944
W 400000512
R 400005632
R 400004480
W 400005120
R 400000640
W 400003712
W 400002176
R 400000896
R 400000768
R 400005888
R 400002944
W 400000384
R 400004864
W 400002816
W 400006656
R 400000256
R 400001408
R 400002176
R 400005120
R 400001408
R 400007936
W 400006784
R 400005632
R 400001792
R 400005888
R 400007552
R 400007808
R 400006400
R 400004992
W 400003456
R 400006400
W 400001792
W 400004352
W 400000256
R 400003072
R 400005888
R 400000384
R 400005504
R 400007040
R 400001152
W 400004480
R 400006912
R 400003968
W 400004224
W 400003072
R 400005248
W 400001152
W 400005760
R 400004352
W 700007296
R 700002048
R 700001920
W 700006912
R 700004992
W 700004480
W 700007552
R 700006784
W 700002304
R 700002944
W 700007680
W 700004608
R 700001664
R 700003712
W 700005248
W 700000768
R 700005760
W 700006656
R 700007680
R 700002176
R 700005888
R 700007040
W 700003328
R 700003968
R 700005888
R 700001024
W 600004224
R 600001536
R 600007424
R 600004352
R 600001152
W 600006272
R 600003200
W 600005248
R 600003456
R 600001920
R 600000000
W 600006400
W 600002176
R 600000640
R 600002688
R 600001152
R 600001024
R 600006144
R 600006016
R 600001792
W 600001024
R 600006016
R 600002304
W 600003328
R 600004992
W 600007808
R 600006400
R 200000640
R 200001408
W 200001664
R 200003072
R 200006272
R 200003712
R 200000896
R 200005632
R 200003328
W 200004224
R 200001024
R 200007040
W 200003200
R 200007040
W 200002944
R 200000640
W 200003456
W 200000256
R 200006272
R 200001664
W 200005760
R 200004864
W 200004864
R 200007680
R 200001664
W 200001664
R 200006656
R 300007168
W 300004992
R 300002816
R 300005888
R 300003840
W 300000384
R 300004864
R 300001280
R 300001024
W 300002432
R 300003584
R 300003840
R 300006400
R 300003200
R 300003456
W 300003072
R 300004224
R 300000000
W 300003456
R 300006400
R 300000640
R 300004224
R 300004352
W 300001280
R 300003328
W 300001536
W 300004224
W 300006656
R 300003968
W 300000000
R 300004096
R 300000128
R 300000256
R 300006144
W 300006656
R 300004864
R 300003712
R 300001280
R 300000512
R 500007424
R 500004096
R 500006272
R 500007552
W 500000256
R 500001792
R 500000128
R 500007424
W 500005760
R 500004992
R 500002560
R 500004096
R 500003072
R 500006272
W 500005248
W 500000640
W 500001536
R 500002688
R 500007936
R 500001920
W 500003200
R 500002944
W 500006656
R 500006400
W 500004992
W 500001152
R 500003584
R 1280
W 6528
R 2944
R 0
R 3840
R 6272
R 4736
R 3456
R 6656
R 1280
R 0
W 5760
W 1536
R 4480
R 3712
R 6656
W 2688
R 6016
W 5504
R 5504
R 5120
R 640
W 5120
R 7680
R 2432
R 3072
R 5120
R 4864
W 7424
W 7168
R 1664
R 5120
W 5248
R 8064
R 200002944
R 200004736
W 200002048
R 200007424
W 200000512
R 200007040
R 200006912
R 200001920
R 200005376
R 200000768
R 200007552
R 200001792
W 200000640
R 200003968
R 200001792
R 200007296
W 200003840
W 200001024
R 200005120
R 200004736
W 200004992
R 200001280
R 200005504
R 200000640
W 200007168
R 200001664
W 200002560
W 200007808
R 200007296
R 200003328
R 200004992
W 500003584
W 500002816
R 500005632
R 500007296
W 500005248
R 500007936
W 500002048
R 500007552
W 500004608
R 500000000
R 500001920
R 500002688
R 500004224
W 500000896
R 500002048
R 500000640
W 500001280
R 500005504
R 100004096
W 100002176
W 100000640
R 100005120
W 100000384
W 100005504
W 100005376
R 100003200
R 100003200
W 100005376
R 100001152
R 100007552
R 100000128
R 100003200
R 100002432
R 100002048
R 100000768
W 100007296
R 100002816
R 100007424
R 100007680
R 100006528
R 100003456
W 100002432
R 100003072
R 100007552
R 300006144
R 300007296
R 300000384
W 300008064
R 300000768
R 300005248
R 300005504
R 300004864
R 300006400
R 300007296
R 300006144
R 300005632
R 300004608
R 300006272
W 300003456
R 300004096
W 300001536
W 300000000
W 300004608
R 300005504
R 300008064
W 300002560
R 300001152
R 700006912
R 700005504
W 700006784
R 700004096
R 700002048
W 700000256
R 700000000
W 700007424
R 700005632
W 700006400
R 700006272
R 700002944
W 700007040
W 700003200
R 700000640
R 700007040
R 700008064
R 700004736
R 700000000
R 700000640
R 700005760
R 700005120
R 700005632
R 700006272
W 700007296
W 700004480
R 700003712
R 700001408
W 700004736
W 700003584
W 700008064
R 700004736
W 700006400
W 300006272
R 300005248
R 300007808
R 300007680
W 300006784
R 300003072
R 300002688
W 300004736
R 300006528
W 300002176
R 300001792
R 300007168
R 300004480
R 300003840
R 300002944
R 300004224
R 300007040
R 300001536
W 300003968
R 300003328
R 300000512
R 300004864
R 300005376
W 300006528
W 300000768
R 300007040
R 300000128
W 300000640
W 300002816
R 300004736
W 300003712
R 300003584
R 300004480
R 300008064
W 300002176
R 300007424
R 300004480
W 300006272
R 300008064
W 300007296
R 300002304
R 300007296
R 300006400
R 300004224
R 300008064
W 300003328
W 300002176
R 300005376
W 300000768
W 300005760
R 300006912
R 300000384
R 300001664
R 300000768
W 300005760
R 300006912
R 300001280
W 300003584
R 300003712
R 300005632
R 300000896
R 300002688
R 300005376
R 400005376
R 400003712
R 400000000
R 400005248
R 400007552
R 400001280
R 400003072
R 400004992
R 400000768
R 400003712
R 400001408
R 400001664
R 400001024
R 400006784
R 400007808
R 400004864
R 400002688
W 400003328
R 400007296
R 400002304
R 400002048
R 400006400
R 400005248
W 400003328
R 400000128
R 400003328
R 400002048
W 400002176
R 400001280
W 400003200
W 400007424
R 400002944
W 400004608
R 400004224
R 400006400
R 400007296
R 400002944
R 400005760
R 400005760
R 400003712
W 400004096
W 400004352
R 400000512
R 400004352
W 400000640
R 400008064
W 400001792
R 400004864
R 400002048
R 400005120
R 400005632
W 400007936
W 400005760
R 400006016
R 400004608
R 400006016
R 400000128
W 400005120
W 400000768
R 400003584
R 400000512
R 400002688
R 400004224
R 400008064
R 400002560
W 400005120
R 400001024
R 400007680
R 400005248
W 400000384
R 400006784
W 6528
W 4480
W 4224
R 4864
W 256
R 4096
W 7296
R 5760
W 6784
R 6912
W 1152
R 384
R 7168
R 1792
R 5632
R 4736
W 5760
R 7808
R 2304
R 3840
W 3584
W 7040
R 2432
W 6528
W 7936
W 1792
W 2432
R 2304
R 3712
R 5760
W 5888
W 2304
R 0
R 1664
R 1664
W 640
W 100001536
W 100007168
R 100000512
R 100005376
R 100005632
R 100000512
W 100003328
R 100005248
W 100007424
W 100000896
R 100001280
W 100007808
R 100005504
R 100003328
R 100007296
W 100001280
R 100000896
R 300002176
W 300003328
W 300003328
R 300000128
W 300001792
R 300000128
W 300005760
R 300007296
W 300002304
R 300006272
R 300005632
R 300001152
R 300004992
R 300004224
W 300000512
R 300003200
W 300002048
R 300006656
R 300002176
R 400002048
R 400004224
R 400004096
W 400004352
R 400003968
R 400004480
W 400006016
R 400008064
R 400001920
W 400000128
R 400001664
R 400002688
R 400005888
R 400002816
R 400004736
R 400005248
R 400005632
R 400003840
R 400005632
R 400008064
R 400000768
W 400003072
R 400002176
W 400000768
R 400005504
R 400005504
R 400006784
R 400000896
R 400007936
W 400003456
R 400003200
R 400001792
R 400003456
R 400002944
R 400005888
R 400007296
W 400000640
R 400000384
W 400003200
W 400003584
W 700004096
R 700006272
W 700000768
R 700002304
W 700005760
R 700004096
R 700004096
R 700008064
R 700006272
R 700003328
W 700007040
R 700007424
R 700007552
R 700006656
R 700001152
W 700002944
R 700006144
R 700006400
R 700002944
R 300007168
R 300007168
R 300004480
W 300006400
R 300005504
R 300003584
R 300000512
R 300005760
R 300006144
R 300001408
R 300002688
W 300002560
W 300001536
W 300005248
R 300000384
W 300005888
W 300000768
W 300002944
R 300006016
W 300007040
R 300006784
R 300005632
R 300002432
W 300000256
W 300005504
R 300004480
R 300006272
W 600004480
R 600005760
R 600007296
R 600002816
R 600007296
R 600006528
R 600004480
R 600007936
R 600003328
R 600007168
R 600004608
R 600006016
R 600002048
R 600006400
R 600003584
R 600003456
W 600001024
R 600002176
W 600001536
R 600004224
W 200006656
W 200007168
W 200001664
R 200000512
R 200007808
W 200005760
R 200001024
R 200000128
R 200003328
R 200003328
R 200007808
R 200004992
R 200006144
W 200002176
R 200005248
W 200004224
R 200005120
R 200001664
R 200006912
W 200007424
R 200000128
W 200003584
W 200001408
R 200005248
R 200006528
W 200007168
R 200004992
R 200000256
W 100000128
R 100002560
R 100002688
W 100002560
W 100007168
R 100006400
R 100007552
R 100003584
R 100004992
R 100000128
W 100000256
R 100000512
R 100000000
R 100001536
W 100003456
R 400001792
R 400002816
R 400004352
R 400003584
R 400001536
R 400000896
R 400007296
W 400000512
R 400004992
R 400007552
R 400006912
R 400007168
R 400003456
R 400005760
R 400006912
R 400007424
R 400006656
R 400004480
R 400008064
W 400005760
R 400006272
R 400005632
R 400003584
R 400000896
R 400004224
R 400007040
R 400007168
R 400003712
R 400001152
W 400005248
W 400001280
R 400001152
W 400001152
R 400000768
R 400001664
R 400000384
R 400002176
R 400002432
R 400007040
R 400003584
R 400004480
W 400003456
W 400007040
R 400004736
R 400001792
R 400006528
R 400007296
R 400007424
R 400004992
R 400005504
W 400006272
R 400006656
W 400004736
W 400004736
W 400001152
R 400003200
R 400002304
R 400005504
W 400005120
R 400001024
W 400007168
W 400004352
R 400000896
R 400004096
R 400000384
R 400007936
R 400001024
W 100003456
W 100001408
W 100002304
W 100004352
R 100005760
R 100003072
W 100002688
R 100006784
R 100007808
R 100006400
R 100004736
R 100006528
R 100002176
W 100006016
R 100006784
R 100003712
R 700004992
W 700003328
R 700007680
W 700004352
W 700002304
R 700004352
R 700003072
R 700004736
W 700001280
R 700002560
R 700003840
R 700006912
W 700000512
R 700007168
R 700004480
W 700005632
W 700001408
R 700000256
W 700004608
R 700005376
R 700001664
R 700001280
W 700007552
R 700002432
R 700003968
R 700008064
R 700006784
R 700006656
R 700001664
R 700007808
R 700006272
R 700006144
R 700004096
R 700004736
R 700000384
R 700002432
R 700005888
R 700002816
W 700005248
R 500006528
W 500002816
W 500000000
W 500001280
W 500000000
R 500004608
W 500006272
R 500007296
R 500007552
R 500005888
R 500007936
W 500007680
W 500005120
R 500007680
R 500006656
R 500002176
W 500003328
R 500000896
R 500004352
R 500007040
W 500002304
R 500004864
W 500005760
W 500003584
W 500004352
W 500003584
W 500000512
R 500005504
R 500001152
R 500001664
W 500005888
R 500004992
R 500006144
R 500006784
R 500004864
R 500001920
R 500001920
R 500003712
R 500006016
W 500004608
W 500000768
R 500006272
W 500003584
R 500004480
W 500000512
R 500001920
R 500003328
R 500005888
R 500004608
R 500007808
W 500006528
R 500008064
W 500006656
W 500007552
W 500002432
W 500006656
W 500002176
R 500005888
W 500002944
R 500002816
R 500002560
W 500000640
R 500005248
R 500004864
R 500002048
R 500005376
W 500003072
R 500002560
R 500006144
R 500005888
W 500004864
W 500003968
R 500003200
R 500004608
W 500007808
R 500001280
R 500001920
R 400007040
W 400007296
W 400001408
R 400007808
R 400007552
R 400005888
R 400007424
R 400007424
R 400003456
W 400006784
W 400004224
R 400003840
R 400004736
R 400006656
R 400001920
R 400004736
R 400003456
W 400004992
R 400001280
W 400005248
R 400001920
W 400002688
R 400006656
R 400001408
R 400003968
R 400003840
R 400006144
W 400004992
R 400004864
R 700004224
R 700003584
W 700002304
R 700001152
R 700007680
R 700003072
R 700000896
R 700004480
R 700004608
W 700005248
R 700006912
R 700003840
W 700001920
R 700004224
W 700007680
R 700007808
W 700007296
R 700003968
R 700007168
R 700002048
W 700004608
W 700005888
W 700000640
R 700004480
R 700006784
R 700003328
R 700006528
R 700004480
W 700001152
R 700002688
W 700005632
R 700003968
R 700002432
R 700004096
W 700003072
R 700005120
R 700004224
R 700006144
R 700000640
R 700001024
R 700000512
R 700004480
R 700004096
R 700007936
R 700003840
R 700000128
R 700003328
R 700004096
R 700002432
R 700006016
R 700003200
R 700004224
R 700001408
R 700002944
R 700001920
R 700003328
R 700001152
R 700001792
R 700006528
R 700000256
R 700007040
W 700007552
W 300001024
W 300002688
R 300007296
R 300004864
R 300000768
W 300005120
R 300007424
R 300001408
R 300005120
W 300003840
R 300005632
R 300008064
W 300000384
R 300005376
R 300005504
R 300001280
R 100004736
R 100006784
R 100004096
W 100007168
R 100006144
R 100002304
R 100007936
R 100002816
W 100002176
R 100006272
W 100006400
R 100003584
W 100004224
R 100002816
R 100005376
R 100000896
R 100000512
W 100002688
W 100000128
W 100001152
R 100001024
W 100008064
W 100006144
W 100000896
R 100000512
W 100004608
R 100001792
R 100005632
W 100005376
W 100004992
W 100005376
R 100001536
R 100000512
R 100002176
R 100001536
W 100006272
W 100001408
W 100005888
W 100007296
R 100003968
R 100003456
R 100006400
R 100000512
R 100005376
W 100003840
R 100002176
R 100005632
R 100000384
R 100000512
R 100001920
R 100005376
W 100006784
R 100006656
R 100005504
W 100003968
R 100006144
R 100000512
R 100006912
W 100004864
R 100002816
R 100006912
W 100005888
R 100002432
R 100005248
W 100001920
W 100006272
W 100006400
W 100003712
R 100005120
R 100004992
W 600002048
W 600002816
R 600001536
W 600007936
W 600000896
W 600002816
R 600004352
R 600005120
R 600005120
R 600003584
R 600003072
R 600005632
R 600007552
R 600000384
R 600006144
R 600006272
R 600000256
R 600006784
R 600008064
R 600005248
R 600000000
W 100007168
R 100004096
R 100005504
W 100000512
R 100003968
W 100005504
R 100006016
W 100002432
R 100004352
W 100002944
R 100006016
R 100003072
W 100005760
R 100003072
W 100001408
R 100002176
R 100001920
R 100007680
R 100003968
R 100002816
R 100007552
R 100006784
R 100000384
R 100006144
R 100003200
W 100001792
R 100006784
W 100002176
W 100007936
R 100002048
R 100005504
R 100006016
W 100003328
R 100003584
R 500005376
R 500004224
R 500007168
R 500003200
R 500003456
R 500001408
W 500003712
R 500003968
R 500007808
R 500004352
R 500002944
R 500001536
R 500003712
R 500007936
R 500007808
R 700001408
R 700003712
R 700001920
R 700002304
R 700000256
R 700000512
R 700008064
W 700004736
W 700007552
R 700001408
R 700000000
R 700003840
R 700002944
R 700005888
R 700007040
W 700005760
R 700004608
R 700003968
R 700006144
R 700003712
R 700003200
R 700003072
R 700006016
W 700000768
R 700000640
R 700001536
R 700004736
R 700004864
W 700005120
R 700001024
R 700003328
R 700005120
W 700006400
R 700004352
R 700006784
W 700008064
W 700006656
W 700001280
R 700007424
W 700007040
R 700003200
R 700001664
R 700000896
R 700000768
R 700001024
R 700004352
W 700002432
R 700003328
R 700001152
R 700004224
R 700007168
W 700007680
R 700001536
R 500005632
R 500006272
R 500008064
R 500002944
W 500001792
W 500006656
R 500005760
W 500000640
R 500000512
R 500000512
R 500004224
R 500001792
R 500007040
R 500003840
W 500004736
W 500001280
W 500002944
W 500000896
W 500004224
R 500003072
R 500006272
W 500008064
R 500000512
R 500008064
R 500007424
R 500003072
R 500001408
R 500004096
W 500004864
R 500004864
R 500001792
W 500003328
W 500001920
R 500003072
R 500001024
R 500003456
R 500004992
W 500007808
R 500006784
W 500006272
R 500001664
R 500003328
W 500003328
W 500006528
R 500001024
R 500006656
R 500005248
R 500002304
R 500000768
R 500005248
R 500004736
R 500003328
W 500007936
W 500008064
R 500004224
W 500005760
R 500003712
W 500004864
W 500000896
R 500006656
R 500002816
R 500002304
R 500001536
R 4096
R 896
R 2688
R 6272
W 1408
R 1280
R 0
R 6784
R 1536
R 5760
R 3712
R 4480
R 768
R 3456
R 384
R 4224
R 7936
R 1536
R 128
R 6912
R 4992
R 1152
R 7168
W 100002432
W 100001664
R 100005376
R 100002048
R 100003840
W 100002816
R 100002816
W 100000640
R 100003840
R 100004096
W 100007680
R 100006272
W 100005504
R 100000000
W 100006144
W 100005888
W 100001664
R 100001920
W 100005888
R 100001408
W 100004352
R 100005120
R 100004480
W 100006528
W 100005504
R 700007296
R 700003456
R 700006656
R 700002816
R 700005376
R 700005504
R 700002304
R 700000768
R 700007808
R 700001152
R 700006912
W 700000384
R 700003840
R 700006144
W 700006144
R 700002304
R 700003840
R 700002176
R 700000384
R 700000128
R 700007424
R 700005376
R 700007808
W 700007040
R 700003840
R 700006400
W 700005760
R 700003584
R 700005888
R 700003456
R 300001792
R 300007680
W 300005120
R 300000512
R 300006272
R 300001280
W 300005632
W 300004224
R 300007936
R 300001536
R 300007936
R 300002048
R 300002176
R 300007808
R 300002560
W 300001280
R 300000256
W 300004608
R 300006912
R 300003968
R 300001152
R 300005248
W 300004864
R 100000000
R 100007040
W 100004992
R 100002432
R 100002304
W 100003072
R 100004864
R 100006912
W 100003712
W 100004736
R 100001408
R 100007808
R 100006528
W 100001280
W 100006144
R 100002432
R 100007424
R 100007424
R 100001024
R 100001664
W 100002688
R 100006656
R 100001536
R 100005504
R 100002560
R 100006912
W 100000768
W 100004992
R 100004992
R 100005888
R 100005888
R 100006784
R 100006784
R 100001152
R 100006016
R 100004736
R 100005376
W 100004096
R 100002688
R 600003840
R 600000640
R 600002560
R 600002432
W 600004096
W 600001280
R 600001152
W 600003584
R 600000768
R 600003456
W 600002176
R 600004480
R 600005376
W 600004864
W 600005504
R 600001280
W 600002688
W 600000128
R 600005504
R 600004736
R 600007040
R 600004608
R 600007936
W 600003584
R 600005120
R 200007040
R 200000512
R 200001536
R 200002560
R 200003840
W 200003328
R 200000128
W 200005504
R 200002816
R 200001408
R 200006016
R 200005248
R 200007424
R 200006272
W 200000640
R 200001408
R 200005376
R 200005248
W 200002176
R 200004352
R 200003584
R 200006784
W 200003840
R 200003840
R 200007936
R 200004608
R 200005376
R 200004992
R 200006400
R 200002688
R 200005504
R 200000896
W 200007808
R 200007424
R 200000000
W 200004480
W 200002688
R 200003840
R 200003072
R 200002816
R 200000256
W 200000512
R 200006912
R 200006912
R 200001536
R 200004480
R 200004736
R 200001408
R 200007040
R 200004480
R 200004608
R 200004352
R 200004992
R 200000128
R 200002688
R 200006656
R 200002304
R 200003200
R 200000128
R 200004864
R 200006528
R 200002688
R 200000256
W 200007168
R 200003328
R 200007424
R 200006784
W 200002432
W 200002560
R 200006016
R 200006912
R 200003072
R 200006656
R 200001280
R 200006528
R 200002176
W 200007808
W 200000000
W 200000768
R 200004864
R 200003840
R 200007936
W 200001280
R 200003584
R 200002944
W 200000640
W 200000000
R 200007936
W 200004736
R 200003840
R 200004096
R 200004096
R 200006912
R 200002048
W 200000768
R 200003200
R 200000384
R 200005760
W 200005888
R 200002560
W 896
W 6400
R 128
R 2944
W 3712
W 6272
R 7168
R 4352
R 3968
R 5504
W 5888
R 2816
W 3840
R 0
R 7936
R 512
W 3072
W 128
R 1024
W 3840
R 6400
R 256
R 7808
R 5120
W 2048
W 6400
R 7168
W 4864
R 7040
R 6912
R 4224
R 7424
R 1920
R 3456
R 700006272
R 700007808
W 700003968
W 700003456
R 700007680
R 700007424
R 700002176
W 700002560
R 700005248
W 700006656
R 700003456
R 700002944
R 700005888
W 700000384
R 700005760
R 700007168
R 700000256
W 700007296
R 700006912
W 700005504
W 700004096
R 700004224
R 200000128
W 200006912
W 200007680
W 200005632
R 200007680
W 200002304
R 200001152
R 200007040
R 200004480
R 200007808
R 200002560
R 200006528
R 200005376
R 200001920
R 200006272
W 200004480
R 200004608
R 200004480
W 200007808
R 200006144
W 200003072
R 200000896
R 200008064
R 200002688
R 200004224
R 200003968
R 200004480
R 200004096
R 200002944
R 200003712
R 200005504
W 200003584
R 200007936
R 200003968
R 200004224
R 200002176
W 200005888
R 200005888
W 200006528
R 200007808
R 200004480
R 200004096
R 200005248
R 200000128
W 200006656
R 200004480
W 200000896
W 200004992
R 200001408
R 200003456
W 200003584
R 200000384
R 200007424
W 200006912
W 200002304
W 200000768
W 200003840
R 200004480
R 200007296
R 200002688
R 200007552
R 200001408
R 200006272
R 200001664
W 200007552
R 200001280
R 200005248
W 200002816
W 200004736
R 200004096
W 600001792
R 600003712
R 600005760
R 600000128
W 600006784
R 600002048
W 600006912
R 600004224
R 600007936
W 600004608
W 600000768
R 600007040
W 600001536
R 600007296
W 600002560
R 600005888
R 600003456
R 600006912
R 600005248
W 600000384
R 600001024
W 600005120
R 600003712
R 600002560
R 768
R 3968
W 7808
W 4480
R 7168
W 3584
R 2048
R 2048
W 6016
R 0
W 8064
R 896
W 5504
R 7296
R 1920
R 6272
R 200000128
R 200003712
